assessment,grade,subject,item_id,item_label,content_domain,main_topic,cognitive_domain,item_type,max_points,irt_model,slope,location,guessing,step1,step2,step3,slope_se,location_se,guessing_se,step1_se,step2_se,step3_se,source_item_id,calibration,source_file,source_location,source_url,source_page,note
TIMSS 1995,4,Mathematics,I3,Which number is it,Whole Numbers,,Using Complex Procedures,multiple_choice,1,3PL,0.927,0.111,0.167,,,,0.083,0.08,0.033,,,,M011031,Concurrent calibration of the TIMSS 1995 and 2003 fourth-grade mathematics data.,"T03_TR_AppD.pdf (TIMSS 2003 Technical Report, Appendix D)","Exhibit D.3, report page 434",https://timssandpirls.bc.edu/PDF/t03_download/T03_TR_AppD.pdf,https://timssandpirls.bc.edu/timss2003i/technicalD.html,
TIMSS 1995,4,Mathematics,I4,What is 3 times 23,Whole Numbers,,Performing Routine Procedures,multiple_choice,1,3PL,1.243,-1.368,0.251,,,,0.107,0.111,0.059,,,,M011032,Concurrent calibration of the TIMSS 1995 and 2003 fourth-grade mathematics data.,"T03_TR_AppD.pdf (TIMSS 2003 Technical Report, Appendix D)","Exhibit D.3, report page 434",https://timssandpirls.bc.edu/PDF/t03_download/T03_TR_AppD.pdf,https://timssandpirls.bc.edu/timss2003i/technicalD.html,
TIMSS 1995,4,Mathematics,I9,Subtraction of 4 digit numbers,Whole Numbers,,Performing Routine Procedures,multiple_choice,1,3PL,0.856,-0.297,0.203,,,,0.078,0.11,0.044,,,,M012139,Concurrent calibration of the TIMSS 1995 and 2003 fourth-grade mathematics data.,"T03_TR_AppD.pdf (TIMSS 2003 Technical Report, Appendix D)","Exhibit D.3, report page 436",https://timssandpirls.bc.edu/PDF/t03_download/T03_TR_AppD.pdf,https://timssandpirls.bc.edu/timss2003i/technicalD.html,
TIMSS 1995,4,Mathematics,J4,What is the increase in product,Whole Numbers,,Using Complex Procedures,multiple_choice,1,3PL,1.134,0.521,0.142,,,,0.099,0.052,0.021,,,,M011040,Concurrent calibration of the TIMSS 1995 and 2003 fourth-grade mathematics data.,"T03_TR_AppD.pdf (TIMSS 2003 Technical Report, Appendix D)","Exhibit D.3, report page 434",https://timssandpirls.bc.edu/PDF/t03_download/T03_TR_AppD.pdf,https://timssandpirls.bc.edu/timss2003i/technicalD.html,
TIMSS 1995,4,Mathematics,J9,Number in box,Whole Numbers,,Performing Routine Procedures,multiple_choice,1,3PL,0.794,-0.761,0.283,,,,0.079,0.161,0.059,,,,M011045,Concurrent calibration of the TIMSS 1995 and 2003 fourth-grade mathematics data.,"T03_TR_AppD.pdf (TIMSS 2003 Technical Report, Appendix D)","Exhibit D.3, report page 434",https://timssandpirls.bc.edu/PDF/t03_download/T03_TR_AppD.pdf,https://timssandpirls.bc.edu/timss2003i/technicalD.html,
TIMSS 1995,4,Mathematics,K2,Addition of four digit numbers,Whole Numbers,,Performing Routine Procedures,multiple_choice,1,3PL,0.604,-1.536,0.198,,,,0.056,0.219,0.073,,,,M011047,Concurrent calibration of the TIMSS 1995 and 2003 fourth-grade mathematics data.,"T03_TR_AppD.pdf (TIMSS 2003 Technical Report, Appendix D)","Exhibit D.3, report page 434",https://timssandpirls.bc.edu/PDF/t03_download/T03_TR_AppD.pdf,https://timssandpirls.bc.edu/timss2003i/technicalD.html,
TIMSS 1995,4,Mathematics,L7,Which pair different by 100,Whole Numbers,,Using Complex Procedures,multiple_choice,1,3PL,1.204,0.358,0.125,,,,0.096,0.049,0.021,,,,M011058,Concurrent calibration of the TIMSS 1995 and 2003 fourth-grade mathematics data.,"T03_TR_AppD.pdf (TIMSS 2003 Technical Report, Appendix D)","Exhibit D.3, report page 435",https://timssandpirls.bc.edu/PDF/t03_download/T03_TR_AppD.pdf,https://timssandpirls.bc.edu/timss2003i/technicalD.html,
TIMSS 1995,4,Mathematics,M3,Which operation equivalent,Whole Numbers,,Knowing,multiple_choice,1,3PL,0.643,-0.198,0.252,,,,0.073,0.171,0.054,,,,M011062,Concurrent calibration of the TIMSS 1995 and 2003 fourth-grade mathematics data.,"T03_TR_AppD.pdf (TIMSS 2003 Technical Report, Appendix D)","Exhibit D.3, report page 435",https://timssandpirls.bc.edu/PDF/t03_download/T03_TR_AppD.pdf,https://timssandpirls.bc.edu/timss2003i/technicalD.html,
TIMSS 1995,4,Mathematics,M6,What to do to correct mistake,Whole Numbers,,Solving Problems,multiple_choice,1,3PL,1.043,-0.503,0.264,,,,0.091,0.098,0.042,,,,M011065,Concurrent calibration of the TIMSS 1995 and 2003 fourth-grade mathematics data.,"T03_TR_AppD.pdf (TIMSS 2003 Technical Report, Appendix D)","Exhibit D.3, report page 435",https://timssandpirls.bc.edu/PDF/t03_download/T03_TR_AppD.pdf,https://timssandpirls.bc.edu/timss2003i/technicalD.html,
TIMSS 1995,4,Mathematics,M8,Choose largest number,Whole Numbers,,Using Complex Procedures,multiple_choice,1,3PL,0.82,-1.707,0.22,,,,0.072,0.172,0.069,,,,M011067,Concurrent calibration of the TIMSS 1995 and 2003 fourth-grade mathematics data.,"T03_TR_AppD.pdf (TIMSS 2003 Technical Report, Appendix D)","Exhibit D.3, report page 435",https://timssandpirls.bc.edu/PDF/t03_download/T03_TR_AppD.pdf,https://timssandpirls.bc.edu/timss2003i/technicalD.html,
TIMSS 1995,4,Mathematics,S2,Complete number sentence,Whole Numbers,,Performing Routine Procedures,constructed_response,1,2PL,1.058,-0.434,,,,,0.038,0.026,,,,,M011070,Concurrent calibration of the TIMSS 1995 and 2003 fourth-grade mathematics data.,"T03_TR_AppD.pdf (TIMSS 2003 Technical Report, Appendix D)","Exhibit D.3, report page 435",https://timssandpirls.bc.edu/PDF/t03_download/T03_TR_AppD.pdf,https://timssandpirls.bc.edu/timss2003i/technicalD.html,
TIMSS 1995,4,Mathematics,T2,Make smallest whole number,Whole Numbers,,Solving Problems,constructed_response,1,2PL,0.608,0.093,,,,,0.027,0.036,,,,,M011075,Concurrent calibration of the TIMSS 1995 and 2003 fourth-grade mathematics data.,"T03_TR_AppD.pdf (TIMSS 2003 Technical Report, Appendix D)","Exhibit D.3, report page 435",https://timssandpirls.bc.edu/PDF/t03_download/T03_TR_AppD.pdf,https://timssandpirls.bc.edu/timss2003i/technicalD.html,
TIMSS 1995,4,Mathematics,U5,Addition/multiplication task,Whole Numbers,,Knowing,constructed_response,1,2PL,0.623,-1.741,,,,,0.031,0.077,,,,,M011082,Concurrent calibration of the TIMSS 1995 and 2003 fourth-grade mathematics data.,"T03_TR_AppD.pdf (TIMSS 2003 Technical Report, Appendix D)","Exhibit D.3, report page 435",https://timssandpirls.bc.edu/PDF/t03_download/T03_TR_AppD.pdf,https://timssandpirls.bc.edu/timss2003i/technicalD.html,
TIMSS 1995,4,Mathematics,V2,"Number larger than 56,821",Whole Numbers,,Knowing,constructed_response,1,2PL,0.994,0.048,,,,,0.035,0.024,,,,,M011084,Concurrent calibration of the TIMSS 1995 and 2003 fourth-grade mathematics data.,"T03_TR_AppD.pdf (TIMSS 2003 Technical Report, Appendix D)","Exhibit D.3, report page 435",https://timssandpirls.bc.edu/PDF/t03_download/T03_TR_AppD.pdf,https://timssandpirls.bc.edu/timss2003i/technicalD.html,
TIMSS 1995,4,Mathematics,V3,What is 5 less than 203,Whole Numbers,,Performing Routine Procedures,constructed_response,1,2PL,0.83,-0.688,,,,,0.032,0.034,,,,,M011085,Concurrent calibration of the TIMSS 1995 and 2003 fourth-grade mathematics data.,"T03_TR_AppD.pdf (TIMSS 2003 Technical Report, Appendix D)","Exhibit D.3, report page 435",https://timssandpirls.bc.edu/PDF/t03_download/T03_TR_AppD.pdf,https://timssandpirls.bc.edu/timss2003i/technicalD.html,
TIMSS 1995,4,Mathematics,V4A,Game with cards: who won? Explain,Whole Numbers,,Solving Problems,constructed_response,2,GPCM,0.357,-0.012,,1.964,-1.964,,0.011,0.046,,0.073,0.072,,M011086A,Concurrent calibration of the TIMSS 1995 and 2003 fourth-grade mathematics data.,"T03_TR_AppD.pdf (TIMSS 2003 Technical Report, Appendix D)","Exhibit D.3, report page 435",https://timssandpirls.bc.edu/PDF/t03_download/T03_TR_AppD.pdf,https://timssandpirls.bc.edu/timss2003i/technicalD.html,
TIMSS 1995,4,Mathematics,V4B,Game with cards: winning numbers,Whole Numbers,,Solving Problems,constructed_response,1,2PL,0.929,-0.087,,,,,0.034,0.026,,,,,M011086B,Concurrent calibration of the TIMSS 1995 and 2003 fourth-grade mathematics data.,"T03_TR_AppD.pdf (TIMSS 2003 Technical Report, Appendix D)","Exhibit D.3, report page 435",https://timssandpirls.bc.edu/PDF/t03_download/T03_TR_AppD.pdf,https://timssandpirls.bc.edu/timss2003i/technicalD.html,
TIMSS 1995,4,Mathematics,I2,0.4 is the same as,Fractions and Proportionality,,Knowing,multiple_choice,1,3PL,1.4,0.918,0.21,,,,0.146,0.05,0.018,,,,M011030,Concurrent calibration of the TIMSS 1995 and 2003 fourth-grade mathematics data.,"T03_TR_AppD.pdf (TIMSS 2003 Technical Report, Appendix D)","Exhibit D.3, report page 434",https://timssandpirls.bc.edu/PDF/t03_download/T03_TR_AppD.pdf,https://timssandpirls.bc.edu/timss2003i/technicalD.html,
TIMSS 1995,4,Mathematics,I5,Sauce from 15 tomatoes,Fractions and Proportionality,,Using Complex Procedures,multiple_choice,1,3PL,0.731,0.27,0.153,,,,0.074,0.102,0.037,,,,M011033,Concurrent calibration of the TIMSS 1995 and 2003 fourth-grade mathematics data.,"T03_TR_AppD.pdf (TIMSS 2003 Technical Report, Appendix D)","Exhibit D.3, report page 434",https://timssandpirls.bc.edu/PDF/t03_download/T03_TR_AppD.pdf,https://timssandpirls.bc.edu/timss2003i/technicalD.html,
TIMSS 1995,4,Mathematics,I8,Which 2 figures represent same fraction,Fractions and Proportionality,,Using Complex Procedures,multiple_choice,1,3PL,0.425,0.702,0.263,,,,0.085,0.29,0.068,,,,M011036,Concurrent calibration of the TIMSS 1995 and 2003 fourth-grade mathematics data.,"T03_TR_AppD.pdf (TIMSS 2003 Technical Report, Appendix D)","Exhibit D.3, report page 434",https://timssandpirls.bc.edu/PDF/t03_download/T03_TR_AppD.pdf,https://timssandpirls.bc.edu/timss2003i/technicalD.html,
TIMSS 1995,4,Mathematics,J7,Fraction of figure shaded,Fractions and Proportionality,,Solving Problems,multiple_choice,1,3PL,1.437,0.15,0.337,,,,0.139,0.062,0.027,,,,M011043,Concurrent calibration of the TIMSS 1995 and 2003 fourth-grade mathematics data.,"T03_TR_AppD.pdf (TIMSS 2003 Technical Report, Appendix D)","Exhibit D.3, report page 434",https://timssandpirls.bc.edu/PDF/t03_download/T03_TR_AppD.pdf,https://timssandpirls.bc.edu/timss2003i/technicalD.html,
TIMSS 1995,4,Mathematics,K9,How many marbles in two bags,Fractions and Proportionality,,Using Complex Procedures,multiple_choice,1,3PL,1.131,0.821,0.146,,,,0.112,0.053,0.019,,,,M011053,Concurrent calibration of the TIMSS 1995 and 2003 fourth-grade mathematics data.,"T03_TR_AppD.pdf (TIMSS 2003 Technical Report, Appendix D)","Exhibit D.3, report page 435",https://timssandpirls.bc.edu/PDF/t03_download/T03_TR_AppD.pdf,https://timssandpirls.bc.edu/timss2003i/technicalD.html,
TIMSS 1995,4,Mathematics,M5,Decimal representing shaded part of figure,Fractions and Proportionality,,Knowing,multiple_choice,1,3PL,1.317,1.119,0.263,,,,0.166,0.06,0.019,,,,M011064,Concurrent calibration of the TIMSS 1995 and 2003 fourth-grade mathematics data.,"T03_TR_AppD.pdf (TIMSS 2003 Technical Report, Appendix D)","Exhibit D.3, report page 435",https://timssandpirls.bc.edu/PDF/t03_download/T03_TR_AppD.pdf,https://timssandpirls.bc.edu/timss2003i/technicalD.html,
TIMSS 1995,4,Mathematics,S3,Longest box on shelf,Fractions and Proportionality,,Solving Problems,constructed_response,2,GPCM,0.771,0.637,,-0.313,0.313,,0.022,0.021,,0.038,0.043,,M011071,Concurrent calibration of the TIMSS 1995 and 2003 fourth-grade mathematics data.,"T03_TR_AppD.pdf (TIMSS 2003 Technical Report, Appendix D)","Exhibit D.3, report page 435",https://timssandpirls.bc.edu/PDF/t03_download/T03_TR_AppD.pdf,https://timssandpirls.bc.edu/timss2003i/technicalD.html,
TIMSS 1995,4,Mathematics,S4,How many pupils in class,Fractions and Proportionality,,Solving Problems,constructed_response,1,2PL,0.858,0.016,,,,,0.034,0.028,,,,,M011072,Concurrent calibration of the TIMSS 1995 and 2003 fourth-grade mathematics data.,"T03_TR_AppD.pdf (TIMSS 2003 Technical Report, Appendix D)","Exhibit D.3, report page 435",https://timssandpirls.bc.edu/PDF/t03_download/T03_TR_AppD.pdf,https://timssandpirls.bc.edu/timss2003i/technicalD.html,
TIMSS 1995,4,Mathematics,T4A,Girl/boy ratio: is Juanita right,Fractions and Proportionality,,Solving Problems,constructed_response,1,2PL,0.838,1.114,,,,,0.038,0.043,,,,,M011077A,Concurrent calibration of the TIMSS 1995 and 2003 fourth-grade mathematics data.,"T03_TR_AppD.pdf (TIMSS 2003 Technical Report, Appendix D)","Exhibit D.3, report page 435",https://timssandpirls.bc.edu/PDF/t03_download/T03_TR_AppD.pdf,https://timssandpirls.bc.edu/timss2003i/technicalD.html,
TIMSS 1995,4,Mathematics,T4B,Girl/boy ratio: is Amanda right,Fractions and Proportionality,,Solving Problems,constructed_response,1,2PL,1.229,1.232,,,,,0.055,0.035,,,,,M011077B,Concurrent calibration of the TIMSS 1995 and 2003 fourth-grade mathematics data.,"T03_TR_AppD.pdf (TIMSS 2003 Technical Report, Appendix D)","Exhibit D.3, report page 435",https://timssandpirls.bc.edu/PDF/t03_download/T03_TR_AppD.pdf,https://timssandpirls.bc.edu/timss2003i/technicalD.html,
TIMSS 1995,4,Mathematics,U2,Fraction larger than 2/7,Fractions and Proportionality,,Knowing,constructed_response,1,2PL,0.386,-0.588,,,,,0.022,0.061,,,,,M012054,Concurrent calibration of the TIMSS 1995 and 2003 fourth-grade mathematics data.,"T03_TR_AppD.pdf (TIMSS 2003 Technical Report, Appendix D)","Exhibit D.3, report page 435",https://timssandpirls.bc.edu/PDF/t03_download/T03_TR_AppD.pdf,https://timssandpirls.bc.edu/timss2003i/technicalD.html,
TIMSS 1995,4,Mathematics,U3A,"Bicycle ride: how long, Maria",Fractions and Proportionality,,Solving Problems,constructed_response,1,2PL,1.014,-0.454,,,,,0.036,0.026,,,,,M011080A,Concurrent calibration of the TIMSS 1995 and 2003 fourth-grade mathematics data.,"T03_TR_AppD.pdf (TIMSS 2003 Technical Report, Appendix D)","Exhibit D.3, report page 435",https://timssandpirls.bc.edu/PDF/t03_download/T03_TR_AppD.pdf,https://timssandpirls.bc.edu/timss2003i/technicalD.html,
TIMSS 1995,4,Mathematics,U3B,"Bicycle ride: how long, Louisa",Fractions and Proportionality,,Solving Problems,constructed_response,1,2PL,1.183,0.143,,,,,0.041,0.021,,,,,M011080B,Concurrent calibration of the TIMSS 1995 and 2003 fourth-grade mathematics data.,"T03_TR_AppD.pdf (TIMSS 2003 Technical Report, Appendix D)","Exhibit D.3, report page 435",https://timssandpirls.bc.edu/PDF/t03_download/T03_TR_AppD.pdf,https://timssandpirls.bc.edu/timss2003i/technicalD.html,
TIMSS 1995,4,Mathematics,U3C,Bicycle ride: who arrived first,Fractions and Proportionality,,Solving Problems,constructed_response,1,2PL,0.607,-1.49,,,,,0.029,0.067,,,,,M011080C,Concurrent calibration of the TIMSS 1995 and 2003 fourth-grade mathematics data.,"T03_TR_AppD.pdf (TIMSS 2003 Technical Report, Appendix D)","Exhibit D.3, report page 435",https://timssandpirls.bc.edu/PDF/t03_download/T03_TR_AppD.pdf,https://timssandpirls.bc.edu/timss2003i/technicalD.html,
TIMSS 1995,4,Mathematics,V1,Fractions of pie,Fractions and Proportionality,,Solving Problems,constructed_response,2,GPCM,0.591,0.225,,0.414,-0.414,,0.021,0.025,,0.042,0.044,,M011083,Concurrent calibration of the TIMSS 1995 and 2003 fourth-grade mathematics data.,"T03_TR_AppD.pdf (TIMSS 2003 Technical Report, Appendix D)","Exhibit D.3, report page 435",https://timssandpirls.bc.edu/PDF/t03_download/T03_TR_AppD.pdf,https://timssandpirls.bc.edu/timss2003i/technicalD.html,
TIMSS 1995,4,Mathematics,J6,Choose largest mass,"Measurement, Estimation, and Number Sense",,Solving Problems,multiple_choice,1,3PL,0.614,-0.739,0.145,,,,0.055,0.155,0.052,,,,M011042,Concurrent calibration of the TIMSS 1995 and 2003 fourth-grade mathematics data.,"T03_TR_AppD.pdf (TIMSS 2003 Technical Report, Appendix D)","Exhibit D.3, report page 434",https://timssandpirls.bc.edu/PDF/t03_download/T03_TR_AppD.pdf,https://timssandpirls.bc.edu/timss2003i/technicalD.html,
TIMSS 1995,4,Mathematics,J8,Which is best estimate of hours,"Measurement, Estimation, and Number Sense",,Knowing,multiple_choice,1,3PL,1.361,0.283,0.182,,,,0.113,0.049,0.023,,,,M011044,Concurrent calibration of the TIMSS 1995 and 2003 fourth-grade mathematics data.,"T03_TR_AppD.pdf (TIMSS 2003 Technical Report, Appendix D)","Exhibit D.3, report page 434",https://timssandpirls.bc.edu/PDF/t03_download/T03_TR_AppD.pdf,https://timssandpirls.bc.edu/timss2003i/technicalD.html,
TIMSS 1995,4,Mathematics,K5,Estimate pencil length,"Measurement, Estimation, and Number Sense",,Using Complex Procedures,multiple_choice,1,3PL,0.443,-1.434,0.183,,,,0.047,0.29,0.075,,,,M011050,Concurrent calibration of the TIMSS 1995 and 2003 fourth-grade mathematics data.,"T03_TR_AppD.pdf (TIMSS 2003 Technical Report, Appendix D)","Exhibit D.3, report page 434",https://timssandpirls.bc.edu/PDF/t03_download/T03_TR_AppD.pdf,https://timssandpirls.bc.edu/timss2003i/technicalD.html,
TIMSS 1995,4,Mathematics,K7,Length of rectangle,"Measurement, Estimation, and Number Sense",,Performing Routine Procedures,multiple_choice,1,3PL,1.698,1.434,0.161,,,,0.23,0.054,0.012,,,,M012030,Concurrent calibration of the TIMSS 1995 and 2003 fourth-grade mathematics data.,"T03_TR_AppD.pdf (TIMSS 2003 Technical Report, Appendix D)","Exhibit D.3, report page 435",https://timssandpirls.bc.edu/PDF/t03_download/T03_TR_AppD.pdf,https://timssandpirls.bc.edu/timss2003i/technicalD.html,
TIMSS 1995,4,Mathematics,L6,Best estimate of clothespin mass,"Measurement, Estimation, and Number Sense",,Solving Problems,multiple_choice,1,3PL,0.645,0.349,0.206,,,,0.084,0.141,0.046,,,,M011057,Concurrent calibration of the TIMSS 1995 and 2003 fourth-grade mathematics data.,"T03_TR_AppD.pdf (TIMSS 2003 Technical Report, Appendix D)","Exhibit D.3, report page 435",https://timssandpirls.bc.edu/PDF/t03_download/T03_TR_AppD.pdf,https://timssandpirls.bc.edu/timss2003i/technicalD.html,
TIMSS 1995,4,Mathematics,L8,Who had the longest pace,"Measurement, Estimation, and Number Sense",,Solving Problems,multiple_choice,1,3PL,0.971,0.903,0.049,,,,0.08,0.051,0.014,,,,M012080,Concurrent calibration of the TIMSS 1995 and 2003 fourth-grade mathematics data.,"T03_TR_AppD.pdf (TIMSS 2003 Technical Report, Appendix D)","Exhibit D.3, report page 435",https://timssandpirls.bc.edu/PDF/t03_download/T03_TR_AppD.pdf,https://timssandpirls.bc.edu/timss2003i/technicalD.html,
TIMSS 1995,4,Mathematics,M7,Substance measured in milliliters,"Measurement, Estimation, and Number Sense",,Knowing,multiple_choice,1,3PL,0.705,1.088,0.209,,,,0.104,0.105,0.032,,,,M011066,Concurrent calibration of the TIMSS 1995 and 2003 fourth-grade mathematics data.,"T03_TR_AppD.pdf (TIMSS 2003 Technical Report, Appendix D)","Exhibit D.3, report page 435",https://timssandpirls.bc.edu/PDF/t03_download/T03_TR_AppD.pdf,https://timssandpirls.bc.edu/timss2003i/technicalD.html,
TIMSS 1995,4,Mathematics,S5,How many paper clip lengths,"Measurement, Estimation, and Number Sense",,Using Complex Procedures,constructed_response,1,2PL,0.514,-0.111,,,,,0.026,0.044,,,,,M011073,Concurrent calibration of the TIMSS 1995 and 2003 fourth-grade mathematics data.,"T03_TR_AppD.pdf (TIMSS 2003 Technical Report, Appendix D)","Exhibit D.3, report page 435",https://timssandpirls.bc.edu/PDF/t03_download/T03_TR_AppD.pdf,https://timssandpirls.bc.edu/timss2003i/technicalD.html,
TIMSS 1995,4,Mathematics,T3,When did Mr. Brown start walk,"Measurement, Estimation, and Number Sense",,Performing Routine Procedures,constructed_response,1,2PL,0.794,0.012,,,,,0.031,0.029,,,,,M011076,Concurrent calibration of the TIMSS 1995 and 2003 fourth-grade mathematics data.,"T03_TR_AppD.pdf (TIMSS 2003 Technical Report, Appendix D)","Exhibit D.3, report page 435",https://timssandpirls.bc.edu/PDF/t03_download/T03_TR_AppD.pdf,https://timssandpirls.bc.edu/timss2003i/technicalD.html,
TIMSS 1995,4,Mathematics,U1,Triangles in figure,"Measurement, Estimation, and Number Sense",,Solving Problems,constructed_response,2,GPCM,0.377,-0.382,,-1.62,1.62,,0.01,0.033,,0.085,0.081,,M011079,Concurrent calibration of the TIMSS 1995 and 2003 fourth-grade mathematics data.,"T03_TR_AppD.pdf (TIMSS 2003 Technical Report, Appendix D)","Exhibit D.3, report page 435",https://timssandpirls.bc.edu/PDF/t03_download/T03_TR_AppD.pdf,https://timssandpirls.bc.edu/timss2003i/technicalD.html,
TIMSS 1995,4,Mathematics,V5,Millimeters in a meter,"Measurement, Estimation, and Number Sense",,Knowing,constructed_response,1,2PL,0.455,-0.206,,,,,0.024,0.049,,,,,M011087,Concurrent calibration of the TIMSS 1995 and 2003 fourth-grade mathematics data.,"T03_TR_AppD.pdf (TIMSS 2003 Technical Report, Appendix D)","Exhibit D.3, report page 435",https://timssandpirls.bc.edu/PDF/t03_download/T03_TR_AppD.pdf,https://timssandpirls.bc.edu/timss2003i/technicalD.html,
TIMSS 1995,4,Mathematics,J3,What % of time in play and homework,"Data Representation, Analysis, and Probability",,Using Complex Procedures,multiple_choice,1,3PL,0.962,-0.815,0.137,,,,0.073,0.091,0.041,,,,M011039,Concurrent calibration of the TIMSS 1995 and 2003 fourth-grade mathematics data.,"T03_TR_AppD.pdf (TIMSS 2003 Technical Report, Appendix D)","Exhibit D.3, report page 434",https://timssandpirls.bc.edu/PDF/t03_download/T03_TR_AppD.pdf,https://timssandpirls.bc.edu/timss2003i/technicalD.html,
TIMSS 1995,4,Mathematics,K4,Who won and by how many points,"Data Representation, Analysis, and Probability",,Using Complex Procedures,multiple_choice,1,3PL,0.934,0.32,0.126,,,,0.084,0.071,0.029,,,,M011049,Concurrent calibration of the TIMSS 1995 and 2003 fourth-grade mathematics data.,"T03_TR_AppD.pdf (TIMSS 2003 Technical Report, Appendix D)","Exhibit D.3, report page 434",https://timssandpirls.bc.edu/PDF/t03_download/T03_TR_AppD.pdf,https://timssandpirls.bc.edu/timss2003i/technicalD.html,
TIMSS 1995,4,Mathematics,L1,Pictograph of trees,"Data Representation, Analysis, and Probability",,Knowing,constructed_response,1,2PL,1.203,-0.063,,,,,0.057,0.029,,,,,M011054,Concurrent calibration of the TIMSS 1995 and 2003 fourth-grade mathematics data.,"T03_TR_AppD.pdf (TIMSS 2003 Technical Report, Appendix D)","Exhibit D.3, report page 435",https://timssandpirls.bc.edu/PDF/t03_download/T03_TR_AppD.pdf,https://timssandpirls.bc.edu/timss2003i/technicalD.html,
TIMSS 1995,4,Mathematics,L2,Chance of picking red marble,"Data Representation, Analysis, and Probability",,Solving Problems,multiple_choice,1,3PL,0.888,0.176,0.154,,,,0.081,0.079,0.032,,,,M012088,Concurrent calibration of the TIMSS 1995 and 2003 fourth-grade mathematics data.,"T03_TR_AppD.pdf (TIMSS 2003 Technical Report, Appendix D)","Exhibit D.3, report page 435",https://timssandpirls.bc.edu/PDF/t03_download/T03_TR_AppD.pdf,https://timssandpirls.bc.edu/timss2003i/technicalD.html,
TIMSS 1995,4,Mathematics,M1,Chance of hitting shaded region,"Data Representation, Analysis, and Probability",,Using Complex Procedures,multiple_choice,1,3PL,0.393,-1.688,0.188,,,,0.044,0.342,0.079,,,,M011060,Concurrent calibration of the TIMSS 1995 and 2003 fourth-grade mathematics data.,"T03_TR_AppD.pdf (TIMSS 2003 Technical Report, Appendix D)","Exhibit D.3, report page 435",https://timssandpirls.bc.edu/PDF/t03_download/T03_TR_AppD.pdf,https://timssandpirls.bc.edu/timss2003i/technicalD.html,
TIMSS 1995,4,Mathematics,M2,How many raffle tickets,"Data Representation, Analysis, and Probability",,Using Complex Procedures,constructed_response,1,2PL,0.688,-0.205,,,,,0.038,0.046,,,,,M011061,Concurrent calibration of the TIMSS 1995 and 2003 fourth-grade mathematics data.,"T03_TR_AppD.pdf (TIMSS 2003 Technical Report, Appendix D)","Exhibit D.3, report page 435",https://timssandpirls.bc.edu/PDF/t03_download/T03_TR_AppD.pdf,https://timssandpirls.bc.edu/timss2003i/technicalD.html,
TIMSS 1995,4,Mathematics,S1,Bar graphs of boys and girls,"Data Representation, Analysis, and Probability",,Using Complex Procedures,constructed_response,2,GPCM,0.64,0.018,,-0.722,0.722,,0.016,0.021,,0.05,0.049,,M011069,Concurrent calibration of the TIMSS 1995 and 2003 fourth-grade mathematics data.,"T03_TR_AppD.pdf (TIMSS 2003 Technical Report, Appendix D)","Exhibit D.3, report page 435",https://timssandpirls.bc.edu/PDF/t03_download/T03_TR_AppD.pdf,https://timssandpirls.bc.edu/timss2003i/technicalD.html,
TIMSS 1995,4,Mathematics,T1A,Bar graph: cartons sold Monday,"Data Representation, Analysis, and Probability",,Solving Problems,constructed_response,1,2PL,1.0,-1.007,,,,,0.039,0.036,,,,,M011074A,Concurrent calibration of the TIMSS 1995 and 2003 fourth-grade mathematics data.,"T03_TR_AppD.pdf (TIMSS 2003 Technical Report, Appendix D)","Exhibit D.3, report page 435",https://timssandpirls.bc.edu/PDF/t03_download/T03_TR_AppD.pdf,https://timssandpirls.bc.edu/timss2003i/technicalD.html,
TIMSS 1995,4,Mathematics,T1B,Bar graph: cartons sold for week,"Data Representation, Analysis, and Probability",,Solving Problems,constructed_response,2,GPCM,0.683,0.141,,-0.165,0.165,,0.02,0.021,,0.042,0.042,,M011074B,Concurrent calibration of the TIMSS 1995 and 2003 fourth-grade mathematics data.,"T03_TR_AppD.pdf (TIMSS 2003 Technical Report, Appendix D)","Exhibit D.3, report page 435",https://timssandpirls.bc.edu/PDF/t03_download/T03_TR_AppD.pdf,https://timssandpirls.bc.edu/timss2003i/technicalD.html,
TIMSS 1995,4,Mathematics,I1,Map of city blocks,Geometry,,Using Complex Procedures,multiple_choice,1,3PL,0.549,0.036,0.113,,,,0.055,0.135,0.042,,,,M011029,Concurrent calibration of the TIMSS 1995 and 2003 fourth-grade mathematics data.,"T03_TR_AppD.pdf (TIMSS 2003 Technical Report, Appendix D)","Exhibit D.3, report page 434",https://timssandpirls.bc.edu/PDF/t03_download/T03_TR_AppD.pdf,https://timssandpirls.bc.edu/timss2003i/technicalD.html,
TIMSS 1995,4,Mathematics,I6,Which figure made with straight sides,Geometry,,Knowing,multiple_choice,1,3PL,0.73,-1.037,0.096,,,,0.053,0.109,0.04,,,,M011034,Concurrent calibration of the TIMSS 1995 and 2003 fourth-grade mathematics data.,"T03_TR_AppD.pdf (TIMSS 2003 Technical Report, Appendix D)","Exhibit D.3, report page 434",https://timssandpirls.bc.edu/PDF/t03_download/T03_TR_AppD.pdf,https://timssandpirls.bc.edu/timss2003i/technicalD.html,
TIMSS 1995,4,Mathematics,J1,Shapes in hexagon,Geometry,,Knowing,multiple_choice,1,3PL,0.809,-1.923,0.19,,,,0.07,0.174,0.069,,,,M011037,Concurrent calibration of the TIMSS 1995 and 2003 fourth-grade mathematics data.,"T03_TR_AppD.pdf (TIMSS 2003 Technical Report, Appendix D)","Exhibit D.3, report page 434",https://timssandpirls.bc.edu/PDF/t03_download/T03_TR_AppD.pdf,https://timssandpirls.bc.edu/timss2003i/technicalD.html,
TIMSS 1995,4,Mathematics,J2,Which does not show symmetry,Geometry,,Knowing,multiple_choice,1,3PL,0.62,-0.281,0.273,,,,0.076,0.199,0.06,,,,M011038,Concurrent calibration of the TIMSS 1995 and 2003 fourth-grade mathematics data.,"T03_TR_AppD.pdf (TIMSS 2003 Technical Report, Appendix D)","Exhibit D.3, report page 434",https://timssandpirls.bc.edu/PDF/t03_download/T03_TR_AppD.pdf,https://timssandpirls.bc.edu/timss2003i/technicalD.html,
TIMSS 1995,4,Mathematics,K1,Which number in square but not in triangle,Geometry,,Knowing,multiple_choice,1,3PL,0.466,-0.722,0.139,,,,0.048,0.209,0.057,,,,M011046,Concurrent calibration of the TIMSS 1995 and 2003 fourth-grade mathematics data.,"T03_TR_AppD.pdf (TIMSS 2003 Technical Report, Appendix D)","Exhibit D.3, report page 434",https://timssandpirls.bc.edu/PDF/t03_download/T03_TR_AppD.pdf,https://timssandpirls.bc.edu/timss2003i/technicalD.html,
TIMSS 1995,4,Mathematics,K8,Rectangle divided into four parts,Geometry,,Knowing,multiple_choice,1,3PL,1.089,-0.659,0.197,,,,0.085,0.088,0.042,,,,M011052,Concurrent calibration of the TIMSS 1995 and 2003 fourth-grade mathematics data.,"T03_TR_AppD.pdf (TIMSS 2003 Technical Report, Appendix D)","Exhibit D.3, report page 434",https://timssandpirls.bc.edu/PDF/t03_download/T03_TR_AppD.pdf,https://timssandpirls.bc.edu/timss2003i/technicalD.html,
TIMSS 1995,4,Mathematics,L3,Objects on game board grid,Geometry,,Knowing,multiple_choice,1,3PL,0.816,-1.557,0.448,,,,0.096,0.251,0.081,,,,M011055,Concurrent calibration of the TIMSS 1995 and 2003 fourth-grade mathematics data.,"T03_TR_AppD.pdf (TIMSS 2003 Technical Report, Appendix D)","Exhibit D.3, report page 435",https://timssandpirls.bc.edu/PDF/t03_download/T03_TR_AppD.pdf,https://timssandpirls.bc.edu/timss2003i/technicalD.html,
TIMSS 1995,4,Mathematics,L5,Edges of cube,Geometry,,Knowing,multiple_choice,1,3PL,0.654,0.924,0.155,,,,0.088,0.105,0.034,,,,M011056,Concurrent calibration of the TIMSS 1995 and 2003 fourth-grade mathematics data.,"T03_TR_AppD.pdf (TIMSS 2003 Technical Report, Appendix D)","Exhibit D.3, report page 435",https://timssandpirls.bc.edu/PDF/t03_download/T03_TR_AppD.pdf,https://timssandpirls.bc.edu/timss2003i/technicalD.html,
TIMSS 1995,4,Mathematics,M4,Coordinates of dot on grid,Geometry,,Solving Problems,constructed_response,1,2PL,0.571,0.232,,,,,0.036,0.053,,,,,M011063,Concurrent calibration of the TIMSS 1995 and 2003 fourth-grade mathematics data.,"T03_TR_AppD.pdf (TIMSS 2003 Technical Report, Appendix D)","Exhibit D.3, report page 435",https://timssandpirls.bc.edu/PDF/t03_download/T03_TR_AppD.pdf,https://timssandpirls.bc.edu/timss2003i/technicalD.html,
TIMSS 1995,4,Mathematics,T5,Cut-out shape,Geometry,,Knowing,constructed_response,1,2PL,0.624,-0.95,,,,,0.029,0.052,,,,,M011078,Concurrent calibration of the TIMSS 1995 and 2003 fourth-grade mathematics data.,"T03_TR_AppD.pdf (TIMSS 2003 Technical Report, Appendix D)","Exhibit D.3, report page 435",https://timssandpirls.bc.edu/PDF/t03_download/T03_TR_AppD.pdf,https://timssandpirls.bc.edu/timss2003i/technicalD.html,
TIMSS 1995,4,Mathematics,I7,Number sentence for pages,"Patterns, Relations, and Functions",,Solving Problems,multiple_choice,1,3PL,1.337,-0.179,0.123,,,,0.094,0.05,0.025,,,,M011035,Concurrent calibration of the TIMSS 1995 and 2003 fourth-grade mathematics data.,"T03_TR_AppD.pdf (TIMSS 2003 Technical Report, Appendix D)","Exhibit D.3, report page 434",https://timssandpirls.bc.edu/PDF/t03_download/T03_TR_AppD.pdf,https://timssandpirls.bc.edu/timss2003i/technicalD.html,
TIMSS 1995,4,Mathematics,J5,Operation to get B from A,"Patterns, Relations, and Functions",,Solving Problems,multiple_choice,1,3PL,1.273,0.787,0.195,,,,0.133,0.054,0.02,,,,M011041,Concurrent calibration of the TIMSS 1995 and 2003 fourth-grade mathematics data.,"T03_TR_AppD.pdf (TIMSS 2003 Technical Report, Appendix D)","Exhibit D.3, report page 434",https://timssandpirls.bc.edu/PDF/t03_download/T03_TR_AppD.pdf,https://timssandpirls.bc.edu/timss2003i/technicalD.html,
TIMSS 1995,4,Mathematics,K3,Multiply by five,"Patterns, Relations, and Functions",,Knowing,multiple_choice,1,3PL,0.753,0.265,0.153,,,,0.076,0.098,0.036,,,,M011048,Concurrent calibration of the TIMSS 1995 and 2003 fourth-grade mathematics data.,"T03_TR_AppD.pdf (TIMSS 2003 Technical Report, Appendix D)","Exhibit D.3, report page 434",https://timssandpirls.bc.edu/PDF/t03_download/T03_TR_AppD.pdf,https://timssandpirls.bc.edu/timss2003i/technicalD.html,
TIMSS 1995,4,Mathematics,K6,How many tiles in next figure,"Patterns, Relations, and Functions",,Solving Problems,multiple_choice,1,3PL,0.753,-0.253,0.198,,,,0.073,0.127,0.047,,,,M011051,Concurrent calibration of the TIMSS 1995 and 2003 fourth-grade mathematics data.,"T03_TR_AppD.pdf (TIMSS 2003 Technical Report, Appendix D)","Exhibit D.3, report page 434",https://timssandpirls.bc.edu/PDF/t03_download/T03_TR_AppD.pdf,https://timssandpirls.bc.edu/timss2003i/technicalD.html,
TIMSS 1995,4,Mathematics,L4,Shapes in a pattern,"Patterns, Relations, and Functions",,Knowing,multiple_choice,1,3PL,0.798,-0.744,0.162,,,,0.066,0.121,0.049,,,,M012081,Concurrent calibration of the TIMSS 1995 and 2003 fourth-grade mathematics data.,"T03_TR_AppD.pdf (TIMSS 2003 Technical Report, Appendix D)","Exhibit D.3, report page 435",https://timssandpirls.bc.edu/PDF/t03_download/T03_TR_AppD.pdf,https://timssandpirls.bc.edu/timss2003i/technicalD.html,
TIMSS 1995,4,Mathematics,L9,True statement of ages,"Patterns, Relations, and Functions",,Knowing,multiple_choice,1,3PL,0.742,-0.166,0.226,,,,0.078,0.136,0.049,,,,M011059,Concurrent calibration of the TIMSS 1995 and 2003 fourth-grade mathematics data.,"T03_TR_AppD.pdf (TIMSS 2003 Technical Report, Appendix D)","Exhibit D.3, report page 435",https://timssandpirls.bc.edu/PDF/t03_download/T03_TR_AppD.pdf,https://timssandpirls.bc.edu/timss2003i/technicalD.html,
TIMSS 1995,4,Mathematics,M9,Make number sentence true,"Patterns, Relations, and Functions",,Performing Routine Procedures,multiple_choice,1,3PL,0.807,-0.477,0.245,,,,0.077,0.132,0.049,,,,M011068,Concurrent calibration of the TIMSS 1995 and 2003 fourth-grade mathematics data.,"T03_TR_AppD.pdf (TIMSS 2003 Technical Report, Appendix D)","Exhibit D.3, report page 435",https://timssandpirls.bc.edu/PDF/t03_download/T03_TR_AppD.pdf,https://timssandpirls.bc.edu/timss2003i/technicalD.html,
TIMSS 1995,4,Mathematics,U4,Next number in pattern,"Patterns, Relations, and Functions",,Knowing,constructed_response,1,2PL,0.73,-0.552,,,,,0.029,0.036,,,,,M011081,Concurrent calibration of the TIMSS 1995 and 2003 fourth-grade mathematics data.,"T03_TR_AppD.pdf (TIMSS 2003 Technical Report, Appendix D)","Exhibit D.3, report page 435",https://timssandpirls.bc.edu/PDF/t03_download/T03_TR_AppD.pdf,https://timssandpirls.bc.edu/timss2003i/technicalD.html,
TIMSS Advanced 1995,12,Advanced Mathematics,K1,,"Numbers, Equations and Functions",,Complex Procedures,multiple_choice,1,3PL,1.1499,-0.91575,0.20242,,,,0.12795,0.13497,0.06446,,,,MA13064,Concurrent scaling of the TIMSS Advanced 1995 and 2008 advanced mathematics data.,TA08_Items.zip > TA08_Items/TA08_Item_Parameters.xls,"sheet Adv. Math, by the 1995 block position",https://timss.bc.edu/timss_advanced/downloads/TA08_Items.zip,https://timssandpirls.bc.edu/timss_advanced/idb.html,
TIMSS Advanced 1995,12,Advanced Mathematics,K2,,"Numbers, Equations and Functions",,Solving Problems,multiple_choice,1,3PL,0.97584,1.25983,0.08637,,,,0.13937,0.07632,0.02034,,,,MA13065,Concurrent scaling of the TIMSS Advanced 1995 and 2008 advanced mathematics data.,TA08_Items.zip > TA08_Items/TA08_Item_Parameters.xls,"sheet Adv. Math, by the 1995 block position",https://timss.bc.edu/timss_advanced/downloads/TA08_Items.zip,https://timssandpirls.bc.edu/timss_advanced/idb.html,
TIMSS Advanced 1995,12,Advanced Mathematics,K3,,Calculus,,Knowing,multiple_choice,1,3PL,1.04843,0.57196,0.44308,,,,0.19628,0.11993,0.04015,,,,MA13066,Concurrent scaling of the TIMSS Advanced 1995 and 2008 advanced mathematics data.,TA08_Items.zip > TA08_Items/TA08_Item_Parameters.xls,"sheet Adv. Math, by the 1995 block position",https://timss.bc.edu/timss_advanced/downloads/TA08_Items.zip,https://timssandpirls.bc.edu/timss_advanced/idb.html,
TIMSS Advanced 1995,12,Advanced Mathematics,K4,,Calculus,,Routine Procedures,multiple_choice,1,3PL,1.01084,1.19261,0.1026,,,,0.14903,0.07265,0.02304,,,,MA13067,Concurrent scaling of the TIMSS Advanced 1995 and 2008 advanced mathematics data.,TA08_Items.zip > TA08_Items/TA08_Item_Parameters.xls,"sheet Adv. Math, by the 1995 block position",https://timss.bc.edu/timss_advanced/downloads/TA08_Items.zip,https://timssandpirls.bc.edu/timss_advanced/idb.html,
TIMSS Advanced 1995,12,Advanced Mathematics,K5,,Calculus,,Solving Problems,multiple_choice,1,3PL,2.20204,0.96083,0.31213,,,,0.42857,0.04792,0.01926,,,,MA13068,Concurrent scaling of the TIMSS Advanced 1995 and 2008 advanced mathematics data.,TA08_Items.zip > TA08_Items/TA08_Item_Parameters.xls,"sheet Adv. Math, by the 1995 block position",https://timss.bc.edu/timss_advanced/downloads/TA08_Items.zip,https://timssandpirls.bc.edu/timss_advanced/idb.html,
TIMSS Advanced 1995,12,Advanced Mathematics,K6,,Calculus,,Routine Procedures,multiple_choice,1,3PL,1.09656,0.38712,0.24148,,,,0.15166,0.08726,0.04014,,,,MA13069,Concurrent scaling of the TIMSS Advanced 1995 and 2008 advanced mathematics data.,TA08_Items.zip > TA08_Items/TA08_Item_Parameters.xls,"sheet Adv. Math, by the 1995 block position",https://timss.bc.edu/timss_advanced/downloads/TA08_Items.zip,https://timssandpirls.bc.edu/timss_advanced/idb.html,
TIMSS Advanced 1995,12,Advanced Mathematics,K7,,Geometry,,Routine Procedures,multiple_choice,1,3PL,0.4906,0.47927,0.20528,,,,0.08787,0.22931,0.06559,,,,MA13070,Concurrent scaling of the TIMSS Advanced 1995 and 2008 advanced mathematics data.,TA08_Items.zip > TA08_Items/TA08_Item_Parameters.xls,"sheet Adv. Math, by the 1995 block position",https://timss.bc.edu/timss_advanced/downloads/TA08_Items.zip,https://timssandpirls.bc.edu/timss_advanced/idb.html,
TIMSS Advanced 1995,12,Advanced Mathematics,K8,,Geometry,,Knowing,multiple_choice,1,,,,,,,,,,,,,,,,,,https://timss.bc.edu/timss_advanced/downloads/TA08_Items.zip,https://timssandpirls.bc.edu/timss_advanced/idb.html,"Not in the Adv. Math sheet: the TIMSS Advanced 2008 rescaling of the 1995 data left out 11 of the 68 advanced mathematics items of 1995, 10 of them because they did not fit the 2008 framework (TIMSS Advanced 2008 Technical Report, section 8.4.1)."
TIMSS Advanced 1995,12,Advanced Mathematics,K9,,Geometry,,Routine Procedures,multiple_choice,1,,,,,,,,,,,,,,,,,,https://timss.bc.edu/timss_advanced/downloads/TA08_Items.zip,https://timssandpirls.bc.edu/timss_advanced/idb.html,"Not in the Adv. Math sheet: the TIMSS Advanced 2008 rescaling of the 1995 data left out 11 of the 68 advanced mathematics items of 1995, 10 of them because they did not fit the 2008 framework (TIMSS Advanced 2008 Technical Report, section 8.4.1)."
TIMSS Advanced 1995,12,Advanced Mathematics,K10,,Geometry,,Solving Problems,multiple_choice,1,3PL,0.99479,1.76183,0.12195,,,,0.21949,0.14612,0.01991,,,,MA13073,Concurrent scaling of the TIMSS Advanced 1995 and 2008 advanced mathematics data.,TA08_Items.zip > TA08_Items/TA08_Item_Parameters.xls,"sheet Adv. Math, by the 1995 block position",https://timss.bc.edu/timss_advanced/downloads/TA08_Items.zip,https://timssandpirls.bc.edu/timss_advanced/idb.html,
TIMSS Advanced 1995,12,Advanced Mathematics,K11,,Probability & Statistics,,Routine Procedures,multiple_choice,1,3PL,0.84213,0.63407,0.1959,,,,0.12191,0.09955,0.04062,,,,MA13074,Concurrent scaling of the TIMSS Advanced 1995 and 2008 advanced mathematics data.,TA08_Items.zip > TA08_Items/TA08_Item_Parameters.xls,"sheet Adv. Math, by the 1995 block position",https://timss.bc.edu/timss_advanced/downloads/TA08_Items.zip,https://timssandpirls.bc.edu/timss_advanced/idb.html,
TIMSS Advanced 1995,12,Advanced Mathematics,K12,,Geometry,,Routine Procedures,constructed_response,1,2PL,0.46696,0.07919,,,,,0.04225,0.06165,,,,,MA13075,Concurrent scaling of the TIMSS Advanced 1995 and 2008 advanced mathematics data.,TA08_Items.zip > TA08_Items/TA08_Item_Parameters.xls,"sheet Adv. Math, by the 1995 block position",https://timss.bc.edu/timss_advanced/downloads/TA08_Items.zip,https://timssandpirls.bc.edu/timss_advanced/idb.html,
TIMSS Advanced 1995,12,Advanced Mathematics,K13,,"Numbers, Equations and Functions",,Solving Problems,constructed_response,1,2PL,0.49878,1.48572,,,,,0.05039,0.1303,,,,,MA13076,Concurrent scaling of the TIMSS Advanced 1995 and 2008 advanced mathematics data.,TA08_Items.zip > TA08_Items/TA08_Item_Parameters.xls,"sheet Adv. Math, by the 1995 block position",https://timss.bc.edu/timss_advanced/downloads/TA08_Items.zip,https://timssandpirls.bc.edu/timss_advanced/idb.html,
TIMSS Advanced 1995,12,Advanced Mathematics,K14,,Geometry,,Solving Problems,constructed_response,2,2PL,1.02235,1.66848,,,,,0.09639,0.10427,,,,,MA13077,Concurrent scaling of the TIMSS Advanced 1995 and 2008 advanced mathematics data.,TA08_Items.zip > TA08_Items/TA08_Item_Parameters.xls,"sheet Adv. Math, by the 1995 block position",https://timss.bc.edu/timss_advanced/downloads/TA08_Items.zip,https://timssandpirls.bc.edu/timss_advanced/idb.html,"The 1995 coding guide gives 2 points, but the 1995-2008 concurrent scaling has 1-point (2PL) parameters: the TIMSS Advanced 2008 Technical Report (section 8.4.2) counts the 31 released 1995 items in it as worth 40 score points, which holds only with K14 and L18 at 1 point. How their codes were collapsed is not documented."
TIMSS Advanced 1995,12,Advanced Mathematics,K15,,"Numbers, Equations and Functions",,Routine Procedures,constructed_response,2,GPCM,0.6538,1.13801,,-1.69238,1.69238,,0.02796,0.0419,,0.10269,0.1116,,MA13078,Concurrent scaling of the TIMSS Advanced 1995 and 2008 advanced mathematics data.,TA08_Items.zip > TA08_Items/TA08_Item_Parameters.xls,"sheet Adv. Math, by the 1995 block position",https://timss.bc.edu/timss_advanced/downloads/TA08_Items.zip,https://timssandpirls.bc.edu/timss_advanced/idb.html,
TIMSS Advanced 1995,12,Advanced Mathematics,K16,,"Numbers, Equations and Functions",,Solving Problems,constructed_response,3,GPCM,0.31272,-0.06551,,-1.05799,1.04544,0.01255,0.01782,0.04561,,0.1475,0.1461,0.11395,MA13079,Concurrent scaling of the TIMSS Advanced 1995 and 2008 advanced mathematics data.,TA08_Items.zip > TA08_Items/TA08_Item_Parameters.xls,"sheet Adv. Math, by the 1995 block position",https://timss.bc.edu/timss_advanced/downloads/TA08_Items.zip,https://timssandpirls.bc.edu/timss_advanced/idb.html,
TIMSS Advanced 1995,12,Advanced Mathematics,K17,,Calculus,,Solving Problems,constructed_response,3,GPCM,0.55248,0.65047,,-1.96852,0.11901,1.84951,0.01765,0.02826,,0.11253,0.15645,0.12368,MA13080,Concurrent scaling of the TIMSS Advanced 1995 and 2008 advanced mathematics data.,TA08_Items.zip > TA08_Items/TA08_Item_Parameters.xls,"sheet Adv. Math, by the 1995 block position",https://timss.bc.edu/timss_advanced/downloads/TA08_Items.zip,https://timssandpirls.bc.edu/timss_advanced/idb.html,
TIMSS Advanced 1995,12,Advanced Mathematics,K18,,Geometry,,Justifying and Proving,constructed_response,2,GPCM,0.38335,0.27409,,-1.25947,1.25947,,0.01922,0.04711,,0.10977,0.11034,,MA13081,Concurrent scaling of the TIMSS Advanced 1995 and 2008 advanced mathematics data.,TA08_Items.zip > TA08_Items/TA08_Item_Parameters.xls,"sheet Adv. Math, by the 1995 block position",https://timss.bc.edu/timss_advanced/downloads/TA08_Items.zip,https://timssandpirls.bc.edu/timss_advanced/idb.html,
TIMSS Advanced 1995,12,Advanced Mathematics,L1,,"Numbers, Equations and Functions",,Routine Procedures,multiple_choice,1,3PL,1.00833,-0.11415,0.3466,,,,0.14188,0.14472,0.05727,,,,MA13082,Concurrent scaling of the TIMSS Advanced 1995 and 2008 advanced mathematics data.,TA08_Items.zip > TA08_Items/TA08_Item_Parameters.xls,"sheet Adv. Math, by the 1995 block position",https://timss.bc.edu/timss_advanced/downloads/TA08_Items.zip,https://timssandpirls.bc.edu/timss_advanced/idb.html,
TIMSS Advanced 1995,12,Advanced Mathematics,L2,,"Numbers, Equations and Functions",,Routine Procedures,multiple_choice,1,3PL,1.07748,0.08832,0.21319,,,,0.12863,0.09676,0.04604,,,,MA13083,Concurrent scaling of the TIMSS Advanced 1995 and 2008 advanced mathematics data.,TA08_Items.zip > TA08_Items/TA08_Item_Parameters.xls,"sheet Adv. Math, by the 1995 block position",https://timss.bc.edu/timss_advanced/downloads/TA08_Items.zip,https://timssandpirls.bc.edu/timss_advanced/idb.html,
TIMSS Advanced 1995,12,Advanced Mathematics,L3,,"Numbers, Equations and Functions",,Complex Procedures,multiple_choice,1,3PL,1.12959,0.66959,0.13713,,,,0.13866,0.06217,0.02987,,,,MA13084,Concurrent scaling of the TIMSS Advanced 1995 and 2008 advanced mathematics data.,TA08_Items.zip > TA08_Items/TA08_Item_Parameters.xls,"sheet Adv. Math, by the 1995 block position",https://timss.bc.edu/timss_advanced/downloads/TA08_Items.zip,https://timssandpirls.bc.edu/timss_advanced/idb.html,
TIMSS Advanced 1995,12,Advanced Mathematics,L4,,"Numbers, Equations and Functions",,Solving Problems,multiple_choice,1,3PL,0.78388,0.63196,0.16986,,,,0.11306,0.10588,0.04326,,,,MA13085,Concurrent scaling of the TIMSS Advanced 1995 and 2008 advanced mathematics data.,TA08_Items.zip > TA08_Items/TA08_Item_Parameters.xls,"sheet Adv. Math, by the 1995 block position",https://timss.bc.edu/timss_advanced/downloads/TA08_Items.zip,https://timssandpirls.bc.edu/timss_advanced/idb.html,
TIMSS Advanced 1995,12,Advanced Mathematics,L5,,Calculus,,Routine Procedures,multiple_choice,1,3PL,1.26684,0.39305,0.05976,,,,0.10856,0.04433,0.0214,,,,MA13086,Concurrent scaling of the TIMSS Advanced 1995 and 2008 advanced mathematics data.,TA08_Items.zip > TA08_Items/TA08_Item_Parameters.xls,"sheet Adv. Math, by the 1995 block position",https://timss.bc.edu/timss_advanced/downloads/TA08_Items.zip,https://timssandpirls.bc.edu/timss_advanced/idb.html,
TIMSS Advanced 1995,12,Advanced Mathematics,L6,,Calculus,,Routine Procedures,multiple_choice,1,3PL,1.01866,0.95074,0.07616,,,,0.11556,0.05788,0.02133,,,,MA13087,Concurrent scaling of the TIMSS Advanced 1995 and 2008 advanced mathematics data.,TA08_Items.zip > TA08_Items/TA08_Item_Parameters.xls,"sheet Adv. Math, by the 1995 block position",https://timss.bc.edu/timss_advanced/downloads/TA08_Items.zip,https://timssandpirls.bc.edu/timss_advanced/idb.html,
TIMSS Advanced 1995,12,Advanced Mathematics,L7,,Calculus,,Solving Problems,multiple_choice,1,3PL,0.78913,1.25042,0.14027,,,,0.13229,0.09528,0.03174,,,,MA13088,Concurrent scaling of the TIMSS Advanced 1995 and 2008 advanced mathematics data.,TA08_Items.zip > TA08_Items/TA08_Item_Parameters.xls,"sheet Adv. Math, by the 1995 block position",https://timss.bc.edu/timss_advanced/downloads/TA08_Items.zip,https://timssandpirls.bc.edu/timss_advanced/idb.html,
TIMSS Advanced 1995,12,Advanced Mathematics,L8,,Geometry,,Routine Procedures,multiple_choice,1,3PL,0.74474,0.50409,0.12956,,,,0.09143,0.10187,0.04063,,,,MA13089,Concurrent scaling of the TIMSS Advanced 1995 and 2008 advanced mathematics data.,TA08_Items.zip > TA08_Items/TA08_Item_Parameters.xls,"sheet Adv. Math, by the 1995 block position",https://timss.bc.edu/timss_advanced/downloads/TA08_Items.zip,https://timssandpirls.bc.edu/timss_advanced/idb.html,
TIMSS Advanced 1995,12,Advanced Mathematics,L9,,Geometry,,Knowing,multiple_choice,1,3PL,0.67902,0.47454,0.21991,,,,0.10181,0.15208,0.05342,,,,MA13090,Concurrent scaling of the TIMSS Advanced 1995 and 2008 advanced mathematics data.,TA08_Items.zip > TA08_Items/TA08_Item_Parameters.xls,"sheet Adv. Math, by the 1995 block position",https://timss.bc.edu/timss_advanced/downloads/TA08_Items.zip,https://timssandpirls.bc.edu/timss_advanced/idb.html,
TIMSS Advanced 1995,12,Advanced Mathematics,L10,,Probability & Statistics,,Solving Problems,multiple_choice,1,,,,,,,,,,,,,,,,,,https://timss.bc.edu/timss_advanced/downloads/TA08_Items.zip,https://timssandpirls.bc.edu/timss_advanced/idb.html,"Not in the Adv. Math sheet: the TIMSS Advanced 2008 rescaling of the 1995 data left out 11 of the 68 advanced mathematics items of 1995, 10 of them because they did not fit the 2008 framework (TIMSS Advanced 2008 Technical Report, section 8.4.1)."
TIMSS Advanced 1995,12,Advanced Mathematics,L11,,Validation and Structure,,Routine Procedures,multiple_choice,1,,,,,,,,,,,,,,,,,,https://timss.bc.edu/timss_advanced/downloads/TA08_Items.zip,https://timssandpirls.bc.edu/timss_advanced/idb.html,"Not in the Adv. Math sheet: the TIMSS Advanced 2008 rescaling of the 1995 data left out 11 of the 68 advanced mathematics items of 1995, 10 of them because they did not fit the 2008 framework (TIMSS Advanced 2008 Technical Report, section 8.4.1)."
TIMSS Advanced 1995,12,Advanced Mathematics,L12,,Geometry,,Solving Problems,multiple_choice,1,3PL,0.51994,-0.10657,0.23664,,,,0.0845,0.28083,0.07967,,,,MA13093,Concurrent scaling of the TIMSS Advanced 1995 and 2008 advanced mathematics data.,TA08_Items.zip > TA08_Items/TA08_Item_Parameters.xls,"sheet Adv. Math, by the 1995 block position",https://timss.bc.edu/timss_advanced/downloads/TA08_Items.zip,https://timssandpirls.bc.edu/timss_advanced/idb.html,
TIMSS Advanced 1995,12,Advanced Mathematics,L13,,Geometry,,Complex Procedures,constructed_response,1,2PL,0.91924,0.97562,,,,,0.0636,0.05279,,,,,MA13094,Concurrent scaling of the TIMSS Advanced 1995 and 2008 advanced mathematics data.,TA08_Items.zip > TA08_Items/TA08_Item_Parameters.xls,"sheet Adv. Math, by the 1995 block position",https://timss.bc.edu/timss_advanced/downloads/TA08_Items.zip,https://timssandpirls.bc.edu/timss_advanced/idb.html,
TIMSS Advanced 1995,12,Advanced Mathematics,L14,,Probability & Statistics,,Solving Problems,constructed_response,1,2PL,0.68342,0.12803,,,,,0.05028,0.04537,,,,,MA13095,Concurrent scaling of the TIMSS Advanced 1995 and 2008 advanced mathematics data.,TA08_Items.zip > TA08_Items/TA08_Item_Parameters.xls,"sheet Adv. Math, by the 1995 block position",https://timss.bc.edu/timss_advanced/downloads/TA08_Items.zip,https://timssandpirls.bc.edu/timss_advanced/idb.html,
TIMSS Advanced 1995,12,Advanced Mathematics,L15A,,Probability & Statistics,,Complex Procedures,constructed_response,1,,,,,,,,,,,,,,,,,,https://timss.bc.edu/timss_advanced/downloads/TA08_Items.zip,https://timssandpirls.bc.edu/timss_advanced/idb.html,"Not in the Adv. Math sheet: the TIMSS Advanced 2008 rescaling of the 1995 data left out 11 of the 68 advanced mathematics items of 1995, 10 of them because they did not fit the 2008 framework (TIMSS Advanced 2008 Technical Report, section 8.4.1)."
TIMSS Advanced 1995,12,Advanced Mathematics,L15B,,Probability & Statistics,,Complex Procedures,constructed_response,1,,,,,,,,,,,,,,,,,,https://timss.bc.edu/timss_advanced/downloads/TA08_Items.zip,https://timssandpirls.bc.edu/timss_advanced/idb.html,"Not in the Adv. Math sheet: the TIMSS Advanced 2008 rescaling of the 1995 data left out 11 of the 68 advanced mathematics items of 1995, 10 of them because they did not fit the 2008 framework (TIMSS Advanced 2008 Technical Report, section 8.4.1)."
TIMSS Advanced 1995,12,Advanced Mathematics,L16,,"Numbers, Equations and Functions",,Solving Problems,constructed_response,3,GPCM,0.44837,0.49302,,-0.50558,-0.1872,0.69278,0.02,0.03335,,0.08534,0.10733,0.10101,MA13097,Concurrent scaling of the TIMSS Advanced 1995 and 2008 advanced mathematics data.,TA08_Items.zip > TA08_Items/TA08_Item_Parameters.xls,"sheet Adv. Math, by the 1995 block position",https://timss.bc.edu/timss_advanced/downloads/TA08_Items.zip,https://timssandpirls.bc.edu/timss_advanced/idb.html,
TIMSS Advanced 1995,12,Advanced Mathematics,L17,,Geometry,,Communicating,constructed_response,2,GPCM,0.71383,1.03597,,-1.41657,1.41657,,0.02939,0.03758,,0.0887,0.09619,,MA13098,Concurrent scaling of the TIMSS Advanced 1995 and 2008 advanced mathematics data.,TA08_Items.zip > TA08_Items/TA08_Item_Parameters.xls,"sheet Adv. Math, by the 1995 block position",https://timss.bc.edu/timss_advanced/downloads/TA08_Items.zip,https://timssandpirls.bc.edu/timss_advanced/idb.html,
TIMSS Advanced 1995,12,Advanced Mathematics,L18,,Geometry,,Solving Problems,constructed_response,2,2PL,0.61606,-0.1552,,,,,0.05127,0.05973,,,,,MA13099,Concurrent scaling of the TIMSS Advanced 1995 and 2008 advanced mathematics data.,TA08_Items.zip > TA08_Items/TA08_Item_Parameters.xls,"sheet Adv. Math, by the 1995 block position",https://timss.bc.edu/timss_advanced/downloads/TA08_Items.zip,https://timssandpirls.bc.edu/timss_advanced/idb.html,"The 1995 coding guide gives 2 points, but the 1995-2008 concurrent scaling has 1-point (2PL) parameters: the TIMSS Advanced 2008 Technical Report (section 8.4.2) counts the 31 released 1995 items in it as worth 40 score points, which holds only with K14 and L18 at 1 point. How their codes were collapsed is not documented."
TIMSS 1999,8,Mathematics,B08,Calories in portion of food from ratio,Fractions and Number Sense,,Investigating and Solving Problems,multiple_choice,1,3PL,0.493,-0.945,0.137,,,,0.021,0.113,0.035,,,,M012008,Concurrent calibration of the TIMSS 1999 and 2003 eighth-grade mathematics data.,"T03_TR_AppD.pdf (TIMSS 2003 Technical Report, Appendix D)","Exhibit D.1, report page 416",https://timssandpirls.bc.edu/PDF/t03_download/T03_TR_AppD.pdf,https://timssandpirls.bc.edu/timss2003i/technicalD.html,
TIMSS 1999,8,Mathematics,B09,Figure showing equivalent fractions,Fractions and Number Sense,,Using Complex Procedures,multiple_choice,1,3PL,0.893,0.332,0.324,,,,0.037,0.038,0.012,,,,M012009,Concurrent calibration of the TIMSS 1999 and 2003 eighth-grade mathematics data.,"T03_TR_AppD.pdf (TIMSS 2003 Technical Report, Appendix D)","Exhibit D.1, report page 416",https://timssandpirls.bc.edu/PDF/t03_download/T03_TR_AppD.pdf,https://timssandpirls.bc.edu/timss2003i/technicalD.html,
TIMSS 1999,8,Mathematics,B10,Smallest decimal fraction,Fractions and Number Sense,,Knowing,multiple_choice,1,3PL,1.335,0.191,0.027,,,,0.028,0.012,0.004,,,,M012010,Concurrent calibration of the TIMSS 1999 and 2003 eighth-grade mathematics data.,"T03_TR_AppD.pdf (TIMSS 2003 Technical Report, Appendix D)","Exhibit D.1, report page 416",https://timssandpirls.bc.edu/PDF/t03_download/T03_TR_AppD.pdf,https://timssandpirls.bc.edu/timss2003i/technicalD.html,
TIMSS 1999,8,Mathematics,D09,Smallest simple fraction,Fractions and Number Sense,,Using Complex Procedures,multiple_choice,1,3PL,1.311,-0.235,0.134,,,,0.039,0.022,0.011,,,,M012021,Concurrent calibration of the TIMSS 1999 and 2003 eighth-grade mathematics data.,"T03_TR_AppD.pdf (TIMSS 2003 Technical Report, Appendix D)","Exhibit D.1, report page 416",https://timssandpirls.bc.edu/PDF/t03_download/T03_TR_AppD.pdf,https://timssandpirls.bc.edu/timss2003i/technicalD.html,
TIMSS 1999,8,Mathematics,D12,Estimate of point P on number line,Fractions and Number Sense,,Knowing,multiple_choice,1,3PL,0.873,-0.045,0.338,,,,0.04,0.052,0.017,,,,M012024,Concurrent calibration of the TIMSS 1999 and 2003 eighth-grade mathematics data.,"T03_TR_AppD.pdf (TIMSS 2003 Technical Report, Appendix D)","Exhibit D.1, report page 416",https://timssandpirls.bc.edu/PDF/t03_download/T03_TR_AppD.pdf,https://timssandpirls.bc.edu/timss2003i/technicalD.html,
TIMSS 1999,8,Mathematics,F07,Average speed from distance and time,Fractions and Number Sense,,Investigating and Solving Problems,multiple_choice,1,3PL,1.37,0.907,0.14,,,,0.052,0.019,0.006,,,,M012031,Concurrent calibration of the TIMSS 1999 and 2003 eighth-grade mathematics data.,"T03_TR_AppD.pdf (TIMSS 2003 Technical Report, Appendix D)","Exhibit D.1, report page 416",https://timssandpirls.bc.edu/PDF/t03_download/T03_TR_AppD.pdf,https://timssandpirls.bc.edu/timss2003i/technicalD.html,
TIMSS 1999,8,Mathematics,F09,Number between two decimal fractions,Fractions and Number Sense,,Using Complex Procedures,multiple_choice,1,3PL,1.093,0.089,0.287,,,,0.043,0.034,0.013,,,,M012033,Concurrent calibration of the TIMSS 1999 and 2003 eighth-grade mathematics data.,"T03_TR_AppD.pdf (TIMSS 2003 Technical Report, Appendix D)","Exhibit D.1, report page 416",https://timssandpirls.bc.edu/PDF/t03_download/T03_TR_AppD.pdf,https://timssandpirls.bc.edu/timss2003i/technicalD.html,
TIMSS 1999,8,Mathematics,F12,Fraction of circle shaded,Fractions and Number Sense,,Knowing,multiple_choice,1,3PL,0.817,0.712,0.243,,,,0.041,0.039,0.013,,,,M012036,Concurrent calibration of the TIMSS 1999 and 2003 eighth-grade mathematics data.,"T03_TR_AppD.pdf (TIMSS 2003 Technical Report, Appendix D)","Exhibit D.1, report page 416",https://timssandpirls.bc.edu/PDF/t03_download/T03_TR_AppD.pdf,https://timssandpirls.bc.edu/timss2003i/technicalD.html,
TIMSS 1999,8,Mathematics,H08,Figure showing fraction of shaded square,Fractions and Number Sense,,Knowing,multiple_choice,1,3PL,1.169,-0.405,0.16,,,,0.036,0.029,0.014,,,,M012044,Concurrent calibration of the TIMSS 1999 and 2003 eighth-grade mathematics data.,"T03_TR_AppD.pdf (TIMSS 2003 Technical Report, Appendix D)","Exhibit D.1, report page 416",https://timssandpirls.bc.edu/PDF/t03_download/T03_TR_AppD.pdf,https://timssandpirls.bc.edu/timss2003i/technicalD.html,
TIMSS 1999,8,Mathematics,H09,Sum closest to 691 + 208,Fractions and Number Sense,,Using Complex Procedures,multiple_choice,1,3PL,0.829,-1.268,0.131,,,,0.028,0.06,0.027,,,,M012045,Concurrent calibration of the TIMSS 1999 and 2003 eighth-grade mathematics data.,"T03_TR_AppD.pdf (TIMSS 2003 Technical Report, Appendix D)","Exhibit D.1, report page 416",https://timssandpirls.bc.edu/PDF/t03_download/T03_TR_AppD.pdf,https://timssandpirls.bc.edu/timss2003i/technicalD.html,
TIMSS 1999,8,Mathematics,J12,Division of fractions,Fractions and Number Sense,,Using Routine Procedures,constructed_response,1,2PL,0.86,0.054,,,,,0.031,0.027,,,,,M022026,Concurrent calibration of the TIMSS 1999 and 2003 eighth-grade mathematics data.,"T03_TR_AppD.pdf (TIMSS 2003 Technical Report, Appendix D)","Exhibit D.1, report page 417",https://timssandpirls.bc.edu/PDF/t03_download/T03_TR_AppD.pdf,https://timssandpirls.bc.edu/timss2003i/technicalD.html,
TIMSS 1999,8,Mathematics,J14,Division of decimals,Fractions and Number Sense,,Using Routine Procedures,multiple_choice,1,3PL,1.148,0.612,0.164,,,,0.074,0.039,0.015,,,,M022031,Concurrent calibration of the TIMSS 1999 and 2003 eighth-grade mathematics data.,"T03_TR_AppD.pdf (TIMSS 2003 Technical Report, Appendix D)","Exhibit D.1, report page 417",https://timssandpirls.bc.edu/PDF/t03_download/T03_TR_AppD.pdf,https://timssandpirls.bc.edu/timss2003i/technicalD.html,
TIMSS 1999,8,Mathematics,J18,Distance between towns from map,Fractions and Number Sense,,Using Complex Procedures,multiple_choice,1,3PL,0.706,-0.034,0.183,,,,0.053,0.091,0.031,,,,M022038,Concurrent calibration of the TIMSS 1999 and 2003 eighth-grade mathematics data.,"T03_TR_AppD.pdf (TIMSS 2003 Technical Report, Appendix D)","Exhibit D.1, report page 417",https://timssandpirls.bc.edu/PDF/t03_download/T03_TR_AppD.pdf,https://timssandpirls.bc.edu/timss2003i/technicalD.html,
TIMSS 1999,8,Mathematics,L09,Length of building compared to car,Fractions and Number Sense,,Using Complex Procedures,multiple_choice,1,3PL,0.726,-1.079,0.097,,,,0.039,0.09,0.035,,,,M022070,Concurrent calibration of the TIMSS 1999 and 2003 eighth-grade mathematics data.,"T03_TR_AppD.pdf (TIMSS 2003 Technical Report, Appendix D)","Exhibit D.1, report page 417",https://timssandpirls.bc.edu/PDF/t03_download/T03_TR_AppD.pdf,https://timssandpirls.bc.edu/timss2003i/technicalD.html,
TIMSS 1999,8,Mathematics,L10,Two hundred six and nine-tenths,Fractions and Number Sense,,Knowing,multiple_choice,1,3PL,0.66,-0.4,0.196,,,,0.048,0.117,0.039,,,,M022073,Concurrent calibration of the TIMSS 1999 and 2003 eighth-grade mathematics data.,"T03_TR_AppD.pdf (TIMSS 2003 Technical Report, Appendix D)","Exhibit D.1, report page 417",https://timssandpirls.bc.edu/PDF/t03_download/T03_TR_AppD.pdf,https://timssandpirls.bc.edu/timss2003i/technicalD.html,
TIMSS 1999,8,Mathematics,L18,Subtraction with three fractions,Fractions and Number Sense,,Using Routine Procedures,multiple_choice,1,3PL,1.299,0.486,0.299,,,,0.092,0.045,0.017,,,,M022093,Concurrent calibration of the TIMSS 1999 and 2003 eighth-grade mathematics data.,"T03_TR_AppD.pdf (TIMSS 2003 Technical Report, Appendix D)","Exhibit D.1, report page 417",https://timssandpirls.bc.edu/PDF/t03_download/T03_TR_AppD.pdf,https://timssandpirls.bc.edu/timss2003i/technicalD.html,
TIMSS 1999,8,Mathematics,N11,Number of cars from rounded value,Fractions and Number Sense,,Using Routine Procedures,multiple_choice,1,3PL,0.758,-0.813,0.137,,,,0.044,0.092,0.036,,,,M022113,Concurrent calibration of the TIMSS 1999 and 2003 eighth-grade mathematics data.,"T03_TR_AppD.pdf (TIMSS 2003 Technical Report, Appendix D)","Exhibit D.1, report page 417",https://timssandpirls.bc.edu/PDF/t03_download/T03_TR_AppD.pdf,https://timssandpirls.bc.edu/timss2003i/technicalD.html,
TIMSS 1999,8,Mathematics,N14,List of equivalent fractions,Fractions and Number Sense,,Knowing,multiple_choice,1,3PL,1.503,0.123,0.29,,,,0.094,0.041,0.018,,,,M022121,Concurrent calibration of the TIMSS 1999 and 2003 eighth-grade mathematics data.,"T03_TR_AppD.pdf (TIMSS 2003 Technical Report, Appendix D)","Exhibit D.1, report page 417",https://timssandpirls.bc.edu/PDF/t03_download/T03_TR_AppD.pdf,https://timssandpirls.bc.edu/timss2003i/technicalD.html,
TIMSS 1999,8,Mathematics,N16,Number of marbles in bag,Fractions and Number Sense,,Investigating and Solving Problems,multiple_choice,1,3PL,1.341,1.155,0.311,,,,0.127,0.045,0.013,,,,M022126,Concurrent calibration of the TIMSS 1999 and 2003 eighth-grade mathematics data.,"T03_TR_AppD.pdf (TIMSS 2003 Technical Report, Appendix D)","Exhibit D.1, report page 417",https://timssandpirls.bc.edu/PDF/t03_download/T03_TR_AppD.pdf,https://timssandpirls.bc.edu/timss2003i/technicalD.html,
TIMSS 1999,8,Mathematics,N17,Amount of paint left,Fractions and Number Sense,,Investigating and Solving Problems,multiple_choice,1,3PL,1.036,1.056,0.173,,,,0.082,0.045,0.014,,,,M022128,Concurrent calibration of the TIMSS 1999 and 2003 eighth-grade mathematics data.,"T03_TR_AppD.pdf (TIMSS 2003 Technical Report, Appendix D)","Exhibit D.1, report page 417",https://timssandpirls.bc.edu/PDF/t03_download/T03_TR_AppD.pdf,https://timssandpirls.bc.edu/timss2003i/technicalD.html,
TIMSS 1999,8,Mathematics,N19,Shade in 3/8 of squares in grid,Fractions and Number Sense,,Knowing,constructed_response,1,2PL,1.209,-0.001,,,,,0.04,0.022,,,,,M022132,Concurrent calibration of the TIMSS 1999 and 2003 eighth-grade mathematics data.,"T03_TR_AppD.pdf (TIMSS 2003 Technical Report, Appendix D)","Exhibit D.1, report page 417",https://timssandpirls.bc.edu/PDF/t03_download/T03_TR_AppD.pdf,https://timssandpirls.bc.edu/timss2003i/technicalD.html,
TIMSS 1999,8,Mathematics,P13,Estimate of total cars in parking lot,Fractions and Number Sense,,Using Complex Procedures,multiple_choice,1,3PL,0.871,-0.295,0.218,,,,0.057,0.076,0.03,,,,M022169,Concurrent calibration of the TIMSS 1999 and 2003 eighth-grade mathematics data.,"T03_TR_AppD.pdf (TIMSS 2003 Technical Report, Appendix D)","Exhibit D.1, report page 418",https://timssandpirls.bc.edu/PDF/t03_download/T03_TR_AppD.pdf,https://timssandpirls.bc.edu/timss2003i/technicalD.html,
TIMSS 1999,8,Mathematics,P14,Estimate of distance from explosion,Fractions and Number Sense,,Investigating and Solving Problems,multiple_choice,1,3PL,0.999,0.155,0.219,,,,0.066,0.056,0.022,,,,M022172,Concurrent calibration of the TIMSS 1999 and 2003 eighth-grade mathematics data.,"T03_TR_AppD.pdf (TIMSS 2003 Technical Report, Appendix D)","Exhibit D.1, report page 418",https://timssandpirls.bc.edu/PDF/t03_download/T03_TR_AppD.pdf,https://timssandpirls.bc.edu/timss2003i/technicalD.html,
TIMSS 1999,8,Mathematics,P15,Fraction of cherries in basket,Fractions and Number Sense,,Investigating and Solving Problems,multiple_choice,1,3PL,1.458,0.562,0.251,,,,0.1,0.037,0.014,,,,M022173,Concurrent calibration of the TIMSS 1999 and 2003 eighth-grade mathematics data.,"T03_TR_AppD.pdf (TIMSS 2003 Technical Report, Appendix D)","Exhibit D.1, report page 418",https://timssandpirls.bc.edu/PDF/t03_download/T03_TR_AppD.pdf,https://timssandpirls.bc.edu/timss2003i/technicalD.html,
TIMSS 1999,8,Mathematics,P17,Write decimal as fraction,Fractions and Number Sense,,Using Routine Procedures,constructed_response,1,2PL,1.045,0.307,,,,,0.037,0.025,,,,,M022178,Concurrent calibration of the TIMSS 1999 and 2003 eighth-grade mathematics data.,"T03_TR_AppD.pdf (TIMSS 2003 Technical Report, Appendix D)","Exhibit D.1, report page 418",https://timssandpirls.bc.edu/PDF/t03_download/T03_TR_AppD.pdf,https://timssandpirls.bc.edu/timss2003i/technicalD.html,
TIMSS 1999,8,Mathematics,R07,Subtraction of decimals to 0.001,Fractions and Number Sense,,Using Routine Procedures,multiple_choice,1,3PL,0.486,-1.574,0.178,,,,0.036,0.225,0.067,,,,M022204,Concurrent calibration of the TIMSS 1999 and 2003 eighth-grade mathematics data.,"T03_TR_AppD.pdf (TIMSS 2003 Technical Report, Appendix D)","Exhibit D.1, report page 418",https://timssandpirls.bc.edu/PDF/t03_download/T03_TR_AppD.pdf,https://timssandpirls.bc.edu/timss2003i/technicalD.html,
TIMSS 1999,8,Mathematics,R08,Average weight of salt crystals,Fractions and Number Sense,,Using Complex Procedures,multiple_choice,1,3PL,1.707,0.737,0.378,,,,0.144,0.039,0.013,,,,M022206,Concurrent calibration of the TIMSS 1999 and 2003 eighth-grade mathematics data.,"T03_TR_AppD.pdf (TIMSS 2003 Technical Report, Appendix D)","Exhibit D.1, report page 418",https://timssandpirls.bc.edu/PDF/t03_download/T03_TR_AppD.pdf,https://timssandpirls.bc.edu/timss2003i/technicalD.html,
TIMSS 1999,8,Mathematics,R13,Subtraction of 4-digit whole numbers,Fractions and Number Sense,,Using Routine Procedures,multiple_choice,1,3PL,0.661,-1.141,0.132,,,,0.04,0.118,0.044,,,,M022245,Concurrent calibration of the TIMSS 1999 and 2003 eighth-grade mathematics data.,"T03_TR_AppD.pdf (TIMSS 2003 Technical Report, Appendix D)","Exhibit D.1, report page 418",https://timssandpirls.bc.edu/PDF/t03_download/T03_TR_AppD.pdf,https://timssandpirls.bc.edu/timss2003i/technicalD.html,
TIMSS 1999,8,Mathematics,R14,How much money left if spent 5/8,Fractions and Number Sense,,Investigating and Solving Problems,constructed_response,1,2PL,1.005,0.62,,,,,0.036,0.028,,,,,M022219,Concurrent calibration of the TIMSS 1999 and 2003 eighth-grade mathematics data.,"T03_TR_AppD.pdf (TIMSS 2003 Technical Report, Appendix D)","Exhibit D.1, report page 418",https://timssandpirls.bc.edu/PDF/t03_download/T03_TR_AppD.pdf,https://timssandpirls.bc.edu/timss2003i/technicalD.html,
TIMSS 1999,8,Mathematics,R15,Money from total magazine sales,Fractions and Number Sense,,Investigating and Solving Problems,constructed_response,1,2PL,0.994,-0.034,,,,,0.034,0.025,,,,,M022222,Concurrent calibration of the TIMSS 1999 and 2003 eighth-grade mathematics data.,"T03_TR_AppD.pdf (TIMSS 2003 Technical Report, Appendix D)","Exhibit D.1, report page 418",https://timssandpirls.bc.edu/PDF/t03_download/T03_TR_AppD.pdf,https://timssandpirls.bc.edu/timss2003i/technicalD.html,
TIMSS 1999,8,Mathematics,T02A,Number/fraction of 2 types of boxes,Fractions and Number Sense,,Investigating and Solving Problems,constructed_response,1,2PL,1.309,0.775,,,,,0.034,0.017,,,,,M022231A,Concurrent calibration of the TIMSS 1999 and 2003 eighth-grade mathematics data.,"T03_TR_AppD.pdf (TIMSS 2003 Technical Report, Appendix D)","Exhibit D.1, report page 418",https://timssandpirls.bc.edu/PDF/t03_download/T03_TR_AppD.pdf,https://timssandpirls.bc.edu/timss2003i/technicalD.html,
TIMSS 1999,8,Mathematics,T02B,Number/fraction of 2 types of boxes,Fractions and Number Sense,,Investigating and Solving Problems,constructed_response,1,2PL,1.542,1.329,,,,,0.049,0.021,,,,,M022231B,Concurrent calibration of the TIMSS 1999 and 2003 eighth-grade mathematics data.,"T03_TR_AppD.pdf (TIMSS 2003 Technical Report, Appendix D)","Exhibit D.1, report page 418",https://timssandpirls.bc.edu/PDF/t03_download/T03_TR_AppD.pdf,https://timssandpirls.bc.edu/timss2003i/technicalD.html,
TIMSS 1999,8,Mathematics,T04,Height of stack from paper thickness,Fractions and Number Sense,,Investigating and Solving Problems,multiple_choice,1,3PL,1.017,0.08,0.198,,,,0.046,0.04,0.016,,,,M022207,Concurrent calibration of the TIMSS 1999 and 2003 eighth-grade mathematics data.,"T03_TR_AppD.pdf (TIMSS 2003 Technical Report, Appendix D)","Exhibit D.1, report page 418",https://timssandpirls.bc.edu/PDF/t03_download/T03_TR_AppD.pdf,https://timssandpirls.bc.edu/timss2003i/technicalD.html,
TIMSS 1999,8,Mathematics,V01,Two possibilities for actual height,Fractions and Number Sense,,Using Complex Procedures,constructed_response,1,2PL,0.941,0.27,,,,,0.023,0.019,,,,,M022237,Concurrent calibration of the TIMSS 1999 and 2003 eighth-grade mathematics data.,"T03_TR_AppD.pdf (TIMSS 2003 Technical Report, Appendix D)","Exhibit D.1, report page 418",https://timssandpirls.bc.edu/PDF/t03_download/T03_TR_AppD.pdf,https://timssandpirls.bc.edu/timss2003i/technicalD.html,
TIMSS 1999,8,Mathematics,V03,Ratio of nitrate to total fertilizer,Fractions and Number Sense,,Investigating and Solving Problems,multiple_choice,1,3PL,1.16,0.38,0.118,,,,0.046,0.026,0.011,,,,M022241,Concurrent calibration of the TIMSS 1999 and 2003 eighth-grade mathematics data.,"T03_TR_AppD.pdf (TIMSS 2003 Technical Report, Appendix D)","Exhibit D.1, report page 418",https://timssandpirls.bc.edu/PDF/t03_download/T03_TR_AppD.pdf,https://timssandpirls.bc.edu/timss2003i/technicalD.html,
TIMSS 1999,8,Mathematics,B12,Equation representing relationship,Algebra,,Knowing,multiple_choice,1,3PL,1.412,-0.385,0.152,,,,0.037,0.019,0.001,,,,M012012,Concurrent calibration of the TIMSS 1999 and 2003 eighth-grade mathematics data.,"T03_TR_AppD.pdf (TIMSS 2003 Technical Report, Appendix D)","Exhibit D.1, report page 416",https://timssandpirls.bc.edu/PDF/t03_download/T03_TR_AppD.pdf,https://timssandpirls.bc.edu/timss2003i/technicalD.html,
TIMSS 1999,8,Mathematics,D08,Value of x from equivalent ratios,Algebra,,Using Routine Procedures,multiple_choice,1,3PL,1.197,-0.053,0.389,,,,0.051,0.037,0.013,,,,M012020,Concurrent calibration of the TIMSS 1999 and 2003 eighth-grade mathematics data.,"T03_TR_AppD.pdf (TIMSS 2003 Technical Report, Appendix D)","Exhibit D.1, report page 416",https://timssandpirls.bc.edu/PDF/t03_download/T03_TR_AppD.pdf,https://timssandpirls.bc.edu/timss2003i/technicalD.html,
TIMSS 1999,8,Mathematics,D10,Equation to determine cost of cards,Algebra,,Knowing,multiple_choice,1,3PL,0.634,0.953,0.282,,,,0.044,0.058,0.016,,,,M012022,Concurrent calibration of the TIMSS 1999 and 2003 eighth-grade mathematics data.,"T03_TR_AppD.pdf (TIMSS 2003 Technical Report, Appendix D)","Exhibit D.1, report page 416",https://timssandpirls.bc.edu/PDF/t03_download/T03_TR_AppD.pdf,https://timssandpirls.bc.edu/timss2003i/technicalD.html,
TIMSS 1999,8,Mathematics,F11,Find 1/3 of number from relationship,Algebra,,Investigating and Solving Problems,multiple_choice,1,3PL,1.563,0.389,0.158,,,,0.051,0.017,0.007,,,,M012035,Concurrent calibration of the TIMSS 1999 and 2003 eighth-grade mathematics data.,"T03_TR_AppD.pdf (TIMSS 2003 Technical Report, Appendix D)","Exhibit D.1, report page 416",https://timssandpirls.bc.edu/PDF/t03_download/T03_TR_AppD.pdf,https://timssandpirls.bc.edu/timss2003i/technicalD.html,
TIMSS 1999,8,Mathematics,H10,Equation from x/y table,Algebra,,Knowing,multiple_choice,1,3PL,1.433,0.298,0.156,,,,0.046,0.019,0.008,,,,M012046,Concurrent calibration of the TIMSS 1999 and 2003 eighth-grade mathematics data.,"T03_TR_AppD.pdf (TIMSS 2003 Technical Report, Appendix D)","Exhibit D.1, report page 416",https://timssandpirls.bc.edu/PDF/t03_download/T03_TR_AppD.pdf,https://timssandpirls.bc.edu/timss2003i/technicalD.html,
TIMSS 1999,8,Mathematics,H12,Symbolic linear equation of magazines,Algebra,,Knowing,multiple_choice,1,3PL,0.925,-0.617,0.19,,,,0.032,0.045,0.019,,,,M012048,Concurrent calibration of the TIMSS 1999 and 2003 eighth-grade mathematics data.,"T03_TR_AppD.pdf (TIMSS 2003 Technical Report, Appendix D)","Exhibit D.1, report page 416",https://timssandpirls.bc.edu/PDF/t03_download/T03_TR_AppD.pdf,https://timssandpirls.bc.edu/timss2003i/technicalD.html,
TIMSS 1999,8,Mathematics,J17,Missing number in table,Algebra,,Using Routine Procedures,multiple_choice,1,3PL,0.568,0.047,0.305,,,,0.058,0.16,0.042,,,,M022041,Concurrent calibration of the TIMSS 1999 and 2003 eighth-grade mathematics data.,"T03_TR_AppD.pdf (TIMSS 2003 Technical Report, Appendix D)","Exhibit D.1, report page 417",https://timssandpirls.bc.edu/PDF/t03_download/T03_TR_AppD.pdf,https://timssandpirls.bc.edu/timss2003i/technicalD.html,
TIMSS 1999,8,Mathematics,L12,Distance traveled by elevator,Algebra,,Investigating and Solving Problems,multiple_choice,1,3PL,0.832,0.456,0.231,,,,0.064,0.068,0.023,,,,M022078,Concurrent calibration of the TIMSS 1999 and 2003 eighth-grade mathematics data.,"T03_TR_AppD.pdf (TIMSS 2003 Technical Report, Appendix D)","Exhibit D.1, report page 417",https://timssandpirls.bc.edu/PDF/t03_download/T03_TR_AppD.pdf,https://timssandpirls.bc.edu/timss2003i/technicalD.html,
TIMSS 1999,8,Mathematics,L14,Correct equation based on x/y table,Algebra,,Communicating and Reasoning,multiple_choice,1,3PL,2.013,0.325,0.11,,,,0.102,0.022,0.01,,,,M022042,Concurrent calibration of the TIMSS 1999 and 2003 eighth-grade mathematics data.,"T03_TR_AppD.pdf (TIMSS 2003 Technical Report, Appendix D)","Exhibit D.1, report page 417",https://timssandpirls.bc.edu/PDF/t03_download/T03_TR_AppD.pdf,https://timssandpirls.bc.edu/timss2003i/technicalD.html,
TIMSS 1999,8,Mathematics,L15,Values in proportionality table,Algebra,,Using Routine Procedures,multiple_choice,1,3PL,1.229,0.967,0.145,,,,0.085,0.036,0.012,,,,M022083,Concurrent calibration of the TIMSS 1999 and 2003 eighth-grade mathematics data.,"T03_TR_AppD.pdf (TIMSS 2003 Technical Report, Appendix D)","Exhibit D.1, report page 417",https://timssandpirls.bc.edu/PDF/t03_download/T03_TR_AppD.pdf,https://timssandpirls.bc.edu/timss2003i/technicalD.html,
TIMSS 1999,8,Mathematics,L17,Value of x in mathematical equation,Algebra,,Using Routine Procedures,constructed_response,1,2PL,0.92,0.093,,,,,0.032,0.026,,,,,M022089,Concurrent calibration of the TIMSS 1999 and 2003 eighth-grade mathematics data.,"T03_TR_AppD.pdf (TIMSS 2003 Technical Report, Appendix D)","Exhibit D.1, report page 417",https://timssandpirls.bc.edu/PDF/t03_download/T03_TR_AppD.pdf,https://timssandpirls.bc.edu/timss2003i/technicalD.html,
TIMSS 1999,8,Mathematics,N13,Value of expression substituting x=3,Algebra,,Using Routine Procedures,constructed_response,1,2PL,1.013,-0.195,,,,,0.034,0.025,,,,,M022118,Concurrent calibration of the TIMSS 1999 and 2003 eighth-grade mathematics data.,"T03_TR_AppD.pdf (TIMSS 2003 Technical Report, Appendix D)","Exhibit D.1, report page 417",https://timssandpirls.bc.edu/PDF/t03_download/T03_TR_AppD.pdf,https://timssandpirls.bc.edu/timss2003i/technicalD.html,
TIMSS 1999,8,Mathematics,P09,Expression equivalent to n x n x n,Algebra,,Knowing,multiple_choice,1,3PL,0.673,-0.486,0.344,,,,0.059,0.153,0.045,,,,M022176,Concurrent calibration of the TIMSS 1999 and 2003 eighth-grade mathematics data.,"T03_TR_AppD.pdf (TIMSS 2003 Technical Report, Appendix D)","Exhibit D.1, report page 418",https://timssandpirls.bc.edu/PDF/t03_download/T03_TR_AppD.pdf,https://timssandpirls.bc.edu/timss2003i/technicalD.html,
TIMSS 1999,8,Mathematics,P11,Equivalent expression: k+k+k+k+k,Algebra,,Knowing,multiple_choice,1,3PL,1.111,0.112,0.279,,,,0.075,0.055,0.021,,,,M022165,Concurrent calibration of the TIMSS 1999 and 2003 eighth-grade mathematics data.,"T03_TR_AppD.pdf (TIMSS 2003 Technical Report, Appendix D)","Exhibit D.1, report page 418",https://timssandpirls.bc.edu/PDF/t03_download/T03_TR_AppD.pdf,https://timssandpirls.bc.edu/timss2003i/technicalD.html,
TIMSS 1999,8,Mathematics,R10,"Expression when a, b, c are real",Algebra,,Knowing,multiple_choice,1,3PL,1.276,0.538,0.101,,,,0.071,0.032,0.012,,,,M022210,Concurrent calibration of the TIMSS 1999 and 2003 eighth-grade mathematics data.,"T03_TR_AppD.pdf (TIMSS 2003 Technical Report, Appendix D)","Exhibit D.1, report page 418",https://timssandpirls.bc.edu/PDF/t03_download/T03_TR_AppD.pdf,https://timssandpirls.bc.edu/timss2003i/technicalD.html,
TIMSS 1999,8,Mathematics,R12,Operations on negative number,Algebra,,Knowing,multiple_choice,1,3PL,1.14,0.23,0.153,,,,0.066,0.041,0.017,,,,M022166,Concurrent calibration of the TIMSS 1999 and 2003 eighth-grade mathematics data.,"T03_TR_AppD.pdf (TIMSS 2003 Technical Report, Appendix D)","Exhibit D.1, report page 418",https://timssandpirls.bc.edu/PDF/t03_download/T03_TR_AppD.pdf,https://timssandpirls.bc.edu/timss2003i/technicalD.html,
TIMSS 1999,8,Mathematics,T01,Total club members: boys and girls,Algebra,,Investigating and Solving Problems,constructed_response,2,GPCM,0.641,0.411,,-1.738,1.738,,0.011,0.016,,0.053,0.055,,M022228,Concurrent calibration of the TIMSS 1999 and 2003 eighth-grade mathematics data.,"T03_TR_AppD.pdf (TIMSS 2003 Technical Report, Appendix D)","Exhibit D.1, report page 418",https://timssandpirls.bc.edu/PDF/t03_download/T03_TR_AppD.pdf,https://timssandpirls.bc.edu/timss2003i/technicalD.html,
TIMSS 1999,8,Mathematics,V04A,Sequence of figures with circles,Algebra,,Investigating and Solving Problems,constructed_response,1,2PL,0.961,-0.616,,,,,0.024,0.021,,,,,M022262A,Concurrent calibration of the TIMSS 1999 and 2003 eighth-grade mathematics data.,"T03_TR_AppD.pdf (TIMSS 2003 Technical Report, Appendix D)","Exhibit D.1, report page 419",https://timssandpirls.bc.edu/PDF/t03_download/T03_TR_AppD.pdf,https://timssandpirls.bc.edu/timss2003i/technicalD.html,
TIMSS 1999,8,Mathematics,V04B,Sequence of figures with circles,Algebra,,Investigating and Solving Problems,constructed_response,1,2PL,0.955,-0.218,,,,,0.024,0.019,,,,,M022262B,Concurrent calibration of the TIMSS 1999 and 2003 eighth-grade mathematics data.,"T03_TR_AppD.pdf (TIMSS 2003 Technical Report, Appendix D)","Exhibit D.1, report page 419",https://timssandpirls.bc.edu/PDF/t03_download/T03_TR_AppD.pdf,https://timssandpirls.bc.edu/timss2003i/technicalD.html,
TIMSS 1999,8,Mathematics,V04C,Sequence of figures with circles,Algebra,,Communicating and Reasoning,constructed_response,2,GPCM,0.614,0.553,,-1.662,1.662,,0.011,0.017,,0.054,0.056,,M022262C,Concurrent calibration of the TIMSS 1999 and 2003 eighth-grade mathematics data.,"T03_TR_AppD.pdf (TIMSS 2003 Technical Report, Appendix D)","Exhibit D.1, report page 419",https://timssandpirls.bc.edu/PDF/t03_download/T03_TR_AppD.pdf,https://timssandpirls.bc.edu/timss2003i/technicalD.html,
TIMSS 1999,8,Mathematics,D11,Units to measure mass of egg,Measurement,,Knowing,multiple_choice,1,3PL,0.623,-1.485,0.186,,,,0.027,0.116,0.042,,,,M012023,Concurrent calibration of the TIMSS 1999 and 2003 eighth-grade mathematics data.,"T03_TR_AppD.pdf (TIMSS 2003 Technical Report, Appendix D)","Exhibit D.1, report page 416",https://timssandpirls.bc.edu/PDF/t03_download/T03_TR_AppD.pdf,https://timssandpirls.bc.edu/timss2003i/technicalD.html,
TIMSS 1999,8,Mathematics,F10,Measurement accuracy of ruler,Measurement,,Knowing,multiple_choice,1,3PL,0.644,0.419,0.123,,,,0.029,0.047,0.016,,,,M012034,Concurrent calibration of the TIMSS 1999 and 2003 eighth-grade mathematics data.,"T03_TR_AppD.pdf (TIMSS 2003 Technical Report, Appendix D)","Exhibit D.1, report page 416",https://timssandpirls.bc.edu/PDF/t03_download/T03_TR_AppD.pdf,https://timssandpirls.bc.edu/timss2003i/technicalD.html,
TIMSS 1999,8,Mathematics,J10,Area of path around garden,Measurement,,Investigating and Solving Problems,multiple_choice,1,3PL,1.536,0.632,0.183,,,,0.096,0.031,0.012,,,,M022022,Concurrent calibration of the TIMSS 1999 and 2003 eighth-grade mathematics data.,"T03_TR_AppD.pdf (TIMSS 2003 Technical Report, Appendix D)","Exhibit D.1, report page 417",https://timssandpirls.bc.edu/PDF/t03_download/T03_TR_AppD.pdf,https://timssandpirls.bc.edu/timss2003i/technicalD.html,
TIMSS 1999,8,Mathematics,L13,Most paces to walk to end of hallway,Measurement,,Investigating and Solving Problems,multiple_choice,1,3PL,0.677,-0.74,0.087,,,,0.037,0.085,0.031,,,,M022079,Concurrent calibration of the TIMSS 1999 and 2003 eighth-grade mathematics data.,"T03_TR_AppD.pdf (TIMSS 2003 Technical Report, Appendix D)","Exhibit D.1, report page 417",https://timssandpirls.bc.edu/PDF/t03_download/T03_TR_AppD.pdf,https://timssandpirls.bc.edu/timss2003i/technicalD.html,
TIMSS 1999,8,Mathematics,N15,Angle closest to 45 degrees,Measurement,,Knowing,multiple_choice,1,3PL,0.604,-0.338,0.101,,,,0.038,0.097,0.032,,,,M022124,Concurrent calibration of the TIMSS 1999 and 2003 eighth-grade mathematics data.,"T03_TR_AppD.pdf (TIMSS 2003 Technical Report, Appendix D)","Exhibit D.1, report page 417",https://timssandpirls.bc.edu/PDF/t03_download/T03_TR_AppD.pdf,https://timssandpirls.bc.edu/timss2003i/technicalD.html,
TIMSS 1999,8,Mathematics,P08,Ratio of width/perimeter in rectangle,Measurement,,Investigating and Solving Problems,multiple_choice,1,3PL,1.506,1.244,0.111,,,,0.113,0.034,0.008,,,,M022159,Concurrent calibration of the TIMSS 1999 and 2003 eighth-grade mathematics data.,"T03_TR_AppD.pdf (TIMSS 2003 Technical Report, Appendix D)","Exhibit D.1, report page 418",https://timssandpirls.bc.edu/PDF/t03_download/T03_TR_AppD.pdf,https://timssandpirls.bc.edu/timss2003i/technicalD.html,
TIMSS 1999,8,Mathematics,P12,Length of string pulled straight,Measurement,,Using Complex Procedures,multiple_choice,1,3PL,0.62,0.734,0.125,,,,0.052,0.077,0.024,,,,M022168,Concurrent calibration of the TIMSS 1999 and 2003 eighth-grade mathematics data.,"T03_TR_AppD.pdf (TIMSS 2003 Technical Report, Appendix D)","Exhibit D.1, report page 418",https://timssandpirls.bc.edu/PDF/t03_download/T03_TR_AppD.pdf,https://timssandpirls.bc.edu/timss2003i/technicalD.html,
TIMSS 1999,8,Mathematics,T03,Area of rectangle inside parallelogram,Measurement,,Investigating and Solving Problems,constructed_response,1,2PL,1.176,0.049,,,,,0.029,0.016,,,,,M022244,Concurrent calibration of the TIMSS 1999 and 2003 eighth-grade mathematics data.,"T03_TR_AppD.pdf (TIMSS 2003 Technical Report, Appendix D)","Exhibit D.1, report page 418",https://timssandpirls.bc.edu/PDF/t03_download/T03_TR_AppD.pdf,https://timssandpirls.bc.edu/timss2003i/technicalD.html,
TIMSS 1999,8,Mathematics,B11,Cube from folded 2-dimensional net,Geometry,,Using Complex Procedures,multiple_choice,1,3PL,1.016,-0.156,0.123,,,,0.028,0.025,0.011,,,,M012011,Concurrent calibration of the TIMSS 1999 and 2003 eighth-grade mathematics data.,"T03_TR_AppD.pdf (TIMSS 2003 Technical Report, Appendix D)","Exhibit D.1, report page 416",https://timssandpirls.bc.edu/PDF/t03_download/T03_TR_AppD.pdf,https://timssandpirls.bc.edu/timss2003i/technicalD.html,
TIMSS 1999,8,Mathematics,D07,Angles in symmetric polygon,Geometry,,Investigating and Solving Problems,multiple_choice,1,3PL,0.717,-0.385,0.121,,,,0.027,0.052,0.019,,,,M012019,Concurrent calibration of the TIMSS 1999 and 2003 eighth-grade mathematics data.,"T03_TR_AppD.pdf (TIMSS 2003 Technical Report, Appendix D)","Exhibit D.1, report page 416",https://timssandpirls.bc.edu/PDF/t03_download/T03_TR_AppD.pdf,https://timssandpirls.bc.edu/timss2003i/technicalD.html,
TIMSS 1999,8,Mathematics,J11,NOT true for all rectangles,Geometry,,Knowing,multiple_choice,1,3PL,0.68,0.057,0.133,,,,0.047,0.081,0.028,,,,M022246,Concurrent calibration of the TIMSS 1999 and 2003 eighth-grade mathematics data.,"T03_TR_AppD.pdf (TIMSS 2003 Technical Report, Appendix D)","Exhibit D.1, report page 418",https://timssandpirls.bc.edu/PDF/t03_download/T03_TR_AppD.pdf,https://timssandpirls.bc.edu/timss2003i/technicalD.html,
TIMSS 1999,8,Mathematics,J15,Two similar triangles,Geometry,,Knowing,multiple_choice,1,3PL,0.468,-0.407,0.159,,,,0.04,0.182,0.05,,,,M022033,Concurrent calibration of the TIMSS 1999 and 2003 eighth-grade mathematics data.,"T03_TR_AppD.pdf (TIMSS 2003 Technical Report, Appendix D)","Exhibit D.1, report page 417",https://timssandpirls.bc.edu/PDF/t03_download/T03_TR_AppD.pdf,https://timssandpirls.bc.edu/timss2003i/technicalD.html,
TIMSS 1999,8,Mathematics,J16,Point on graph from coordinates,Geometry,,Using Routine Procedures,multiple_choice,1,3PL,0.819,0.001,0.185,,,,0.055,0.071,0.026,,,,M022037,Concurrent calibration of the TIMSS 1999 and 2003 eighth-grade mathematics data.,"T03_TR_AppD.pdf (TIMSS 2003 Technical Report, Appendix D)","Exhibit D.1, report page 417",https://timssandpirls.bc.edu/PDF/t03_download/T03_TR_AppD.pdf,https://timssandpirls.bc.edu/timss2003i/technicalD.html,
TIMSS 1999,8,Mathematics,L16,Measure of angle in quadrilateral,Geometry,,Investigating and Solving Problems,multiple_choice,1,3PL,1.038,0.587,0.13,,,,0.064,0.041,0.015,,,,M022085,Concurrent calibration of the TIMSS 1999 and 2003 eighth-grade mathematics data.,"T03_TR_AppD.pdf (TIMSS 2003 Technical Report, Appendix D)","Exhibit D.1, report page 417",https://timssandpirls.bc.edu/PDF/t03_download/T03_TR_AppD.pdf,https://timssandpirls.bc.edu/timss2003i/technicalD.html,
TIMSS 1999,8,Mathematics,N12,Position of point on number line,Geometry,,Using Routine Procedures,multiple_choice,1,3PL,0.965,0.655,0.141,,,,0.063,0.046,0.016,,,,M022116,Concurrent calibration of the TIMSS 1999 and 2003 eighth-grade mathematics data.,"T03_TR_AppD.pdf (TIMSS 2003 Technical Report, Appendix D)","Exhibit D.1, report page 417",https://timssandpirls.bc.edu/PDF/t03_download/T03_TR_AppD.pdf,https://timssandpirls.bc.edu/timss2003i/technicalD.html,
TIMSS 1999,8,Mathematics,P10,Length of side from similar triangle,Geometry,,Using Routine Procedures,multiple_choice,1,3PL,1.557,0.939,0.211,,,,0.117,0.034,0.011,,,,M022160,Concurrent calibration of the TIMSS 1999 and 2003 eighth-grade mathematics data.,"T03_TR_AppD.pdf (TIMSS 2003 Technical Report, Appendix D)","Exhibit D.1, report page 418",https://timssandpirls.bc.edu/PDF/t03_download/T03_TR_AppD.pdf,https://timssandpirls.bc.edu/timss2003i/technicalD.html,
TIMSS 1999,8,Mathematics,R11,Right triangles to cover rectangle,Geometry,,Using Complex Procedures,multiple_choice,1,3PL,0.803,0.335,0.109,,,,0.051,0.055,0.02,,,,M022213,Concurrent calibration of the TIMSS 1999 and 2003 eighth-grade mathematics data.,"T03_TR_AppD.pdf (TIMSS 2003 Technical Report, Appendix D)","Exhibit D.1, report page 418",https://timssandpirls.bc.edu/PDF/t03_download/T03_TR_AppD.pdf,https://timssandpirls.bc.edu/timss2003i/technicalD.html,
TIMSS 1999,8,Mathematics,B07,Graph showing greatest increase,"Data Representation, Analysis, and Probability",,Using Complex Procedures,multiple_choice,1,3PL,0.837,0.02,0.234,,,,0.031,0.04,0.014,,,,M012007,Concurrent calibration of the TIMSS 1999 and 2003 eighth-grade mathematics data.,"T03_TR_AppD.pdf (TIMSS 2003 Technical Report, Appendix D)","Exhibit D.1, report page 416",https://timssandpirls.bc.edu/PDF/t03_download/T03_TR_AppD.pdf,https://timssandpirls.bc.edu/timss2003i/technicalD.html,
TIMSS 1999,8,Mathematics,F08,Likely result of fifth coin toss,"Data Representation, Analysis, and Probability",,Knowing,multiple_choice,1,3PL,0.453,0.0,0.149,,,,0.027,0.114,0.031,,,,M012032,Concurrent calibration of the TIMSS 1999 and 2003 eighth-grade mathematics data.,"T03_TR_AppD.pdf (TIMSS 2003 Technical Report, Appendix D)","Exhibit D.1, report page 416",https://timssandpirls.bc.edu/PDF/t03_download/T03_TR_AppD.pdf,https://timssandpirls.bc.edu/timss2003i/technicalD.html,
TIMSS 1999,8,Mathematics,H07,Barchart histogram of travel time,"Data Representation, Analysis, and Probability",,Using Complex Procedures,multiple_choice,1,3PL,0.892,0.057,0.295,,,,0.039,0.046,0.016,,,,M012043,Concurrent calibration of the TIMSS 1999 and 2003 eighth-grade mathematics data.,"T03_TR_AppD.pdf (TIMSS 2003 Technical Report, Appendix D)","Exhibit D.1, report page 416",https://timssandpirls.bc.edu/PDF/t03_download/T03_TR_AppD.pdf,https://timssandpirls.bc.edu/timss2003i/technicalD.html,
TIMSS 1999,8,Mathematics,H11,Defective bulbs from random sample,"Data Representation, Analysis, and Probability",,Investigating and Solving Problems,multiple_choice,1,3PL,1.16,0.074,0.278,,,,0.044,0.031,0.012,,,,M012047,Concurrent calibration of the TIMSS 1999 and 2003 eighth-grade mathematics data.,"T03_TR_AppD.pdf (TIMSS 2003 Technical Report, Appendix D)","Exhibit D.1, report page 416",https://timssandpirls.bc.edu/PDF/t03_download/T03_TR_AppD.pdf,https://timssandpirls.bc.edu/timss2003i/technicalD.html,
TIMSS 1999,8,Mathematics,J13,Interpretation of pictograph of houses,"Data Representation, Analysis, and Probability",,Using Complex Procedures,constructed_response,1,2PL,1.053,-0.701,,,,,0.037,0.028,,,,,M022030,Concurrent calibration of the TIMSS 1999 and 2003 eighth-grade mathematics data.,"T03_TR_AppD.pdf (TIMSS 2003 Technical Report, Appendix D)","Exhibit D.1, report page 417",https://timssandpirls.bc.edu/PDF/t03_download/T03_TR_AppD.pdf,https://timssandpirls.bc.edu/timss2003i/technicalD.html,
TIMSS 1999,8,Mathematics,L11,Graph of humidity in room,"Data Representation, Analysis, and Probability",,Using Complex Procedures,multiple_choice,1,3PL,0.717,0.023,0.168,,,,0.051,0.085,0.03,,,,M022258,Concurrent calibration of the TIMSS 1999 and 2003 eighth-grade mathematics data.,"T03_TR_AppD.pdf (TIMSS 2003 Technical Report, Appendix D)","Exhibit D.1, report page 419",https://timssandpirls.bc.edu/PDF/t03_download/T03_TR_AppD.pdf,https://timssandpirls.bc.edu/timss2003i/technicalD.html,
TIMSS 1999,8,Mathematics,N18,Probability of drawing chip,"Data Representation, Analysis, and Probability",,Investigating and Solving Problems,multiple_choice,1,3PL,1.136,0.566,0.185,,,,0.073,0.042,0.016,,,,M022249,Concurrent calibration of the TIMSS 1999 and 2003 eighth-grade mathematics data.,"T03_TR_AppD.pdf (TIMSS 2003 Technical Report, Appendix D)","Exhibit D.1, report page 418",https://timssandpirls.bc.edu/PDF/t03_download/T03_TR_AppD.pdf,https://timssandpirls.bc.edu/timss2003i/technicalD.html,
TIMSS 1999,8,Mathematics,P16,Day/time in table at shown temperature,"Data Representation, Analysis, and Probability",,Using Complex Procedures,multiple_choice,1,3PL,0.996,-1.049,0.203,,,,0.06,0.083,0.038,,,,M022260,Concurrent calibration of the TIMSS 1999 and 2003 eighth-grade mathematics data.,"T03_TR_AppD.pdf (TIMSS 2003 Technical Report, Appendix D)","Exhibit D.1, report page 419",https://timssandpirls.bc.edu/PDF/t03_download/T03_TR_AppD.pdf,https://timssandpirls.bc.edu/timss2003i/technicalD.html,
TIMSS 1999,8,Mathematics,R09,Time for pendulum to swing 20 times,"Data Representation, Analysis, and Probability",,Using Complex Procedures,multiple_choice,1,3PL,0.68,0.118,0.156,,,,0.05,0.085,0.029,,,,M022208,Concurrent calibration of the TIMSS 1999 and 2003 eighth-grade mathematics data.,"T03_TR_AppD.pdf (TIMSS 2003 Technical Report, Appendix D)","Exhibit D.1, report page 418",https://timssandpirls.bc.edu/PDF/t03_download/T03_TR_AppD.pdf,https://timssandpirls.bc.edu/timss2003i/technicalD.html,
TIMSS 1999,8,Mathematics,V02,Cheaper magazine subscription,"Data Representation, Analysis, and Probability",,Communicating and Reasoning,constructed_response,2,GPCM,0.666,0.548,,0.019,-0.019,,0.014,0.017,,0.028,0.032,,M022256,Concurrent calibration of the TIMSS 1999 and 2003 eighth-grade mathematics data.,"T03_TR_AppD.pdf (TIMSS 2003 Technical Report, Appendix D)","Exhibit D.1, report page 418",https://timssandpirls.bc.edu/PDF/t03_download/T03_TR_AppD.pdf,https://timssandpirls.bc.edu/timss2003i/technicalD.html,
TIMSS 2003,4,Mathematics,M012048,Symbolic linear equation of magazines,Patterns and Relationships,Equations and Formulas,Solving Routine Problems,multiple_choice,1,3PL,0.807,0.127,0.189,,,,0.04,0.053,0.02,,,,M012048,Concurrent calibration of the TIMSS 1995 and 2003 fourth-grade mathematics data.,"T03_TR_AppD.pdf (TIMSS 2003 Technical Report, Appendix D)","Exhibit D.3, report page 435",https://timssandpirls.bc.edu/PDF/t03_download/T03_TR_AppD.pdf,https://timssandpirls.bc.edu/timss2003i/technicalD.html,
TIMSS 2003,4,Mathematics,M031220,Rob sold some of his apples,Patterns and Relationships,Equations and Formulas,Using Concepts,multiple_choice,1,3PL,0.797,-1.043,0.132,,,,0.054,0.11,0.046,,,,M031220,Concurrent calibration of the TIMSS 1995 and 2003 fourth-grade mathematics data.,"T03_TR_AppD.pdf (TIMSS 2003 Technical Report, Appendix D)","Exhibit D.3, report page 437",https://timssandpirls.bc.edu/PDF/t03_download/T03_TR_AppD.pdf,https://timssandpirls.bc.edu/timss2003i/technicalD.html,
TIMSS 2003,4,Mathematics,M031249,The value of 37 times box plus 6,Patterns and Relationships,Equations and Formulas,Using Concepts,constructed_response,1,2PL,0.905,1.556,,,,,0.053,0.063,,,,,M031249,Concurrent calibration of the TIMSS 1995 and 2003 fourth-grade mathematics data.,"T03_TR_AppD.pdf (TIMSS 2003 Technical Report, Appendix D)","Exhibit D.3, report page 437",https://timssandpirls.bc.edu/PDF/t03_download/T03_TR_AppD.pdf,https://timssandpirls.bc.edu/timss2003i/technicalD.html,
TIMSS 2003,4,Mathematics,M011027,Complete number pattern,Patterns and Relationships,Patterns,Reasoning,multiple_choice,1,3PL,0.707,-0.741,0.167,,,,0.032,0.081,0.032,,,,M011027,Concurrent calibration of the TIMSS 1995 and 2003 fourth-grade mathematics data.,"T03_TR_AppD.pdf (TIMSS 2003 Technical Report, Appendix D)","Exhibit D.3, report page 434",https://timssandpirls.bc.edu/PDF/t03_download/T03_TR_AppD.pdf,https://timssandpirls.bc.edu/timss2003i/technicalD.html,
TIMSS 2003,4,Mathematics,M031023,The number to go in the center of the table,Patterns and Relationships,Patterns,Solving Routine Problems,multiple_choice,1,3PL,0.575,0.191,0.283,,,,0.074,0.194,0.055,,,,M031023,Concurrent calibration of the TIMSS 1995 and 2003 fourth-grade mathematics data.,"T03_TR_AppD.pdf (TIMSS 2003 Technical Report, Appendix D)","Exhibit D.3, report page 436",https://timssandpirls.bc.edu/PDF/t03_download/T03_TR_AppD.pdf,https://timssandpirls.bc.edu/timss2003i/technicalD.html,
TIMSS 2003,4,Mathematics,M031051,The daily start times for a movie,Patterns and Relationships,Patterns,Solving Routine Problems,multiple_choice,1,3PL,0.853,-0.587,0.15,,,,0.06,0.095,0.04,,,,M031051,Concurrent calibration of the TIMSS 1995 and 2003 fourth-grade mathematics data.,"T03_TR_AppD.pdf (TIMSS 2003 Technical Report, Appendix D)","Exhibit D.3, report page 436",https://timssandpirls.bc.edu/PDF/t03_download/T03_TR_AppD.pdf,https://timssandpirls.bc.edu/timss2003i/technicalD.html,
TIMSS 2003,4,Mathematics,M031190,Output of the number machine,Patterns and Relationships,Relationships,Knowing Facts and Procedures,multiple_choice,1,3PL,1.148,0.342,0.197,,,,0.09,0.055,0.025,,,,M031190,Concurrent calibration of the TIMSS 1995 and 2003 fourth-grade mathematics data.,"T03_TR_AppD.pdf (TIMSS 2003 Technical Report, Appendix D)","Exhibit D.3, report page 436",https://timssandpirls.bc.edu/PDF/t03_download/T03_TR_AppD.pdf,https://timssandpirls.bc.edu/timss2003i/technicalD.html,
TIMSS 2003,4,Mathematics,M012126,Heights of four girls on graph,Data,Data Interpretation,Reasoning,multiple_choice,1,3PL,0.711,-0.592,0.115,,,,0.027,0.06,0.024,,,,M012126,Concurrent calibration of the TIMSS 1995 and 2003 fourth-grade mathematics data.,"T03_TR_AppD.pdf (TIMSS 2003 Technical Report, Appendix D)","Exhibit D.3, report page 436",https://timssandpirls.bc.edu/PDF/t03_download/T03_TR_AppD.pdf,https://timssandpirls.bc.edu/timss2003i/technicalD.html,
TIMSS 2003,4,Mathematics,M011009,Bar graph: which shows 45 bottles,Data,Data Representation,Solving Routine Problems,multiple_choice,1,3PL,1.046,-1.431,0.146,,,,0.04,0.058,0.031,,,,M011009,Concurrent calibration of the TIMSS 1995 and 2003 fourth-grade mathematics data.,"T03_TR_AppD.pdf (TIMSS 2003 Technical Report, Appendix D)","Exhibit D.3, report page 434",https://timssandpirls.bc.edu/PDF/t03_download/T03_TR_AppD.pdf,https://timssandpirls.bc.edu/timss2003i/technicalD.html,
TIMSS 2003,4,Mathematics,M011012,Bar graph: which two show 80 bottles,Data,Data Representation,Solving Routine Problems,multiple_choice,1,3PL,0.761,-1.452,0.083,,,,0.028,0.067,0.028,,,,M011012,Concurrent calibration of the TIMSS 1995 and 2003 fourth-grade mathematics data.,"T03_TR_AppD.pdf (TIMSS 2003 Technical Report, Appendix D)","Exhibit D.3, report page 434",https://timssandpirls.bc.edu/PDF/t03_download/T03_TR_AppD.pdf,https://timssandpirls.bc.edu/timss2003i/technicalD.html,
TIMSS 2003,4,Mathematics,M012078,Highest temperature on chart,Data,Data Interpretation,Solving Routine Problems,multiple_choice,1,3PL,0.71,-1.008,0.102,,,,0.028,0.071,0.029,,,,M012078,Concurrent calibration of the TIMSS 1995 and 2003 fourth-grade mathematics data.,"T03_TR_AppD.pdf (TIMSS 2003 Technical Report, Appendix D)","Exhibit D.3, report page 435",https://timssandpirls.bc.edu/PDF/t03_download/T03_TR_AppD.pdf,https://timssandpirls.bc.edu/timss2003i/technicalD.html,
TIMSS 2003,4,Mathematics,M031264,Colors of students’ hair on the graph,Data,Data Representation,Solving Routine Problems,constructed_response,1,2PL,1.029,-1.239,,,,,0.05,0.049,,,,,M031264,Concurrent calibration of the TIMSS 1995 and 2003 fourth-grade mathematics data.,"T03_TR_AppD.pdf (TIMSS 2003 Technical Report, Appendix D)","Exhibit D.3, report page 437",https://timssandpirls.bc.edu/PDF/t03_download/T03_TR_AppD.pdf,https://timssandpirls.bc.edu/timss2003i/technicalD.html,
TIMSS 2003,4,Mathematics,M031265,How many more pencils than rulers sold,Data,Data Representation,Solving Routine Problems,constructed_response,1,2PL,0.584,-0.217,,,,,0.033,0.049,,,,,M031265,Concurrent calibration of the TIMSS 1995 and 2003 fourth-grade mathematics data.,"T03_TR_AppD.pdf (TIMSS 2003 Technical Report, Appendix D)","Exhibit D.3, report page 437",https://timssandpirls.bc.edu/PDF/t03_download/T03_TR_AppD.pdf,https://timssandpirls.bc.edu/timss2003i/technicalD.html,
TIMSS 2003,4,Mathematics,M031333,High and low temperatures for a week,Data,Data Interpretation,Solving Routine Problems,multiple_choice,1,3PL,0.897,0.562,0.123,,,,0.101,0.081,0.032,,,,M031333,Concurrent calibration of the TIMSS 1995 and 2003 fourth-grade mathematics data.,"T03_TR_AppD.pdf (TIMSS 2003 Technical Report, Appendix D)","Exhibit D.3, report page 437",https://timssandpirls.bc.edu/PDF/t03_download/T03_TR_AppD.pdf,https://timssandpirls.bc.edu/timss2003i/technicalD.html,
TIMSS 2003,4,Mathematics,M031315,The favorite ice creams of 30 students,Data,Data Representation,Using Concepts,multiple_choice,1,3PL,0.915,0.155,0.172,,,,0.073,0.076,0.032,,,,M031315,Concurrent calibration of the TIMSS 1995 and 2003 fourth-grade mathematics data.,"T03_TR_AppD.pdf (TIMSS 2003 Technical Report, Appendix D)","Exhibit D.3, report page 437",https://timssandpirls.bc.edu/PDF/t03_download/T03_TR_AppD.pdf,https://timssandpirls.bc.edu/timss2003i/technicalD.html,
TIMSS 2003,4,Mathematics,M011014,Congruent figures,Geometry,Congruence and Similarity,Knowing Facts and Procedures,multiple_choice,1,3PL,0.646,-2.047,0.119,,,,0.028,0.115,0.044,,,,M011014,Concurrent calibration of the TIMSS 1995 and 2003 fourth-grade mathematics data.,"T03_TR_AppD.pdf (TIMSS 2003 Technical Report, Appendix D)","Exhibit D.3, report page 434",https://timssandpirls.bc.edu/PDF/t03_download/T03_TR_AppD.pdf,https://timssandpirls.bc.edu/timss2003i/technicalD.html,
TIMSS 2003,4,Mathematics,M031267,Shade in two triangles of different sizes,Geometry,Congruence and Similarity,Knowing Facts and Procedures,constructed_response,1,2PL,0.514,0.316,,,,,0.031,0.05,,,,,M031267,Concurrent calibration of the TIMSS 1995 and 2003 fourth-grade mathematics data.,"T03_TR_AppD.pdf (TIMSS 2003 Technical Report, Appendix D)","Exhibit D.3, report page 437",https://timssandpirls.bc.edu/PDF/t03_download/T03_TR_AppD.pdf,https://timssandpirls.bc.edu/timss2003i/technicalD.html,
TIMSS 2003,4,Mathematics,M031327,Draw a line on the grid parallel to line L,Geometry,Lines and Angles,Knowing Facts and Procedures,constructed_response,1,2PL,0.43,0.132,,,,,0.028,0.058,,,,,M031327,Concurrent calibration of the TIMSS 1995 and 2003 fourth-grade mathematics data.,"T03_TR_AppD.pdf (TIMSS 2003 Technical Report, Appendix D)","Exhibit D.3, report page 437",https://timssandpirls.bc.edu/PDF/t03_download/T03_TR_AppD.pdf,https://timssandpirls.bc.edu/timss2003i/technicalD.html,
TIMSS 2003,4,Mathematics,M012069,Rotated 3-dimensional figure,Geometry,Locations and Spatial Relationships,Reasoning,multiple_choice,1,3PL,0.412,1.63,0.294,,,,0.062,0.137,0.033,,,,M012069,Concurrent calibration of the TIMSS 1995 and 2003 fourth-grade mathematics data.,"T03_TR_AppD.pdf (TIMSS 2003 Technical Report, Appendix D)","Exhibit D.3, report page 435",https://timssandpirls.bc.edu/PDF/t03_download/T03_TR_AppD.pdf,https://timssandpirls.bc.edu/timss2003i/technicalD.html,
TIMSS 2003,4,Mathematics,M011006,Which has flat and curved surface,Geometry,Two- and Three-Dimensional Shapes,Knowing Facts and Procedures,multiple_choice,1,3PL,0.409,-0.135,0.069,,,,0.021,0.099,0.027,,,,M011006,Concurrent calibration of the TIMSS 1995 and 2003 fourth-grade mathematics data.,"T03_TR_AppD.pdf (TIMSS 2003 Technical Report, Appendix D)","Exhibit D.3, report page 434",https://timssandpirls.bc.edu/PDF/t03_download/T03_TR_AppD.pdf,https://timssandpirls.bc.edu/timss2003i/technicalD.html,
TIMSS 2003,4,Mathematics,M011022,Statements about triangle,Geometry,Two- and Three-Dimensional Shapes,Knowing Facts and Procedures,multiple_choice,1,3PL,0.393,-1.29,0.117,,,,0.023,0.183,0.048,,,,M011022,Concurrent calibration of the TIMSS 1995 and 2003 fourth-grade mathematics data.,"T03_TR_AppD.pdf (TIMSS 2003 Technical Report, Appendix D)","Exhibit D.3, report page 434",https://timssandpirls.bc.edu/PDF/t03_download/T03_TR_AppD.pdf,https://timssandpirls.bc.edu/timss2003i/technicalD.html,
TIMSS 2003,4,Mathematics,M031269,Indicates geometric shapes in the picture,Geometry,Two- and Three-Dimensional Shapes,Knowing Facts and Procedures,constructed_response,2,GPCM,0.305,-1.126,,-2.009,2.009,,0.011,0.065,,0.141,0.123,,M031269,Concurrent calibration of the TIMSS 1995 and 2003 fourth-grade mathematics data.,"T03_TR_AppD.pdf (TIMSS 2003 Technical Report, Appendix D)","Exhibit D.3, report page 437",https://timssandpirls.bc.edu/PDF/t03_download/T03_TR_AppD.pdf,https://timssandpirls.bc.edu/timss2003i/technicalD.html,
TIMSS 2003,4,Mathematics,M031347A,Geometry tiles: black triangle,Geometry,Two- and Three-Dimensional Shapes,Knowing Facts and Procedures,constructed_response,1,2PL,0.62,0.068,,,,,0.033,0.042,,,,,M031347A,Concurrent calibration of the TIMSS 1995 and 2003 fourth-grade mathematics data.,"T03_TR_AppD.pdf (TIMSS 2003 Technical Report, Appendix D)","Exhibit D.3, report page 438",https://timssandpirls.bc.edu/PDF/t03_download/T03_TR_AppD.pdf,https://timssandpirls.bc.edu/timss2003i/technicalD.html,
TIMSS 2003,4,Mathematics,M031347B,Geometry tiles: black square,Geometry,Two- and Three-Dimensional Shapes,Knowing Facts and Procedures,constructed_response,1,2PL,0.571,0.234,,,,,0.032,0.046,,,,,M031347B,Concurrent calibration of the TIMSS 1995 and 2003 fourth-grade mathematics data.,"T03_TR_AppD.pdf (TIMSS 2003 Technical Report, Appendix D)","Exhibit D.3, report page 438",https://timssandpirls.bc.edu/PDF/t03_download/T03_TR_AppD.pdf,https://timssandpirls.bc.edu/timss2003i/technicalD.html,
TIMSS 2003,4,Mathematics,M031347C,Geometry tiles: fraction shaded,Number,Fractions and Decimals,Knowing Facts and Procedures,constructed_response,1,2PL,0.852,0.47,,,,,0.04,0.034,,,,,M031347C,Concurrent calibration of the TIMSS 1995 and 2003 fourth-grade mathematics data.,"T03_TR_AppD.pdf (TIMSS 2003 Technical Report, Appendix D)","Exhibit D.3, report page 438",https://timssandpirls.bc.edu/PDF/t03_download/T03_TR_AppD.pdf,https://timssandpirls.bc.edu/timss2003i/technicalD.html,
TIMSS 2003,4,Mathematics,M031272A,Draw line on rectangle/2 triangles,Geometry,Two- and Three-Dimensional Shapes,Solving Routine Problems,constructed_response,1,2PL,0.811,-1.231,,,,,0.042,0.06,,,,,M031272A,Concurrent calibration of the TIMSS 1995 and 2003 fourth-grade mathematics data.,"T03_TR_AppD.pdf (TIMSS 2003 Technical Report, Appendix D)","Exhibit D.3, report page 437",https://timssandpirls.bc.edu/PDF/t03_download/T03_TR_AppD.pdf,https://timssandpirls.bc.edu/timss2003i/technicalD.html,
TIMSS 2003,4,Mathematics,M031272B,Draw line on rectangle/2 rectangles,Geometry,Two- and Three-Dimensional Shapes,Solving Routine Problems,constructed_response,1,2PL,0.717,-2.066,,,,,0.045,0.108,,,,,M031272B,Concurrent calibration of the TIMSS 1995 and 2003 fourth-grade mathematics data.,"T03_TR_AppD.pdf (TIMSS 2003 Technical Report, Appendix D)","Exhibit D.3, report page 437",https://timssandpirls.bc.edu/PDF/t03_download/T03_TR_AppD.pdf,https://timssandpirls.bc.edu/timss2003i/technicalD.html,
TIMSS 2003,4,Mathematics,M031272C,"Draw line on rectangle/1 rectangle, 2 triangles",Geometry,Two- and Three-Dimensional Shapes,Solving Routine Problems,constructed_response,1,2PL,0.918,0.12,,,,,0.041,0.031,,,,,M031272C,Concurrent calibration of the TIMSS 1995 and 2003 fourth-grade mathematics data.,"T03_TR_AppD.pdf (TIMSS 2003 Technical Report, Appendix D)","Exhibit D.3, report page 437",https://timssandpirls.bc.edu/PDF/t03_download/T03_TR_AppD.pdf,https://timssandpirls.bc.edu/timss2003i/technicalD.html,
TIMSS 2003,4,Mathematics,M011023,Weight of an adult,Measurement,Attributes and Units,Knowing Facts and Procedures,multiple_choice,1,3PL,0.466,-0.896,0.225,,,,0.033,0.202,0.055,,,,M011023,Concurrent calibration of the TIMSS 1995 and 2003 fourth-grade mathematics data.,"T03_TR_AppD.pdf (TIMSS 2003 Technical Report, Appendix D)","Exhibit D.3, report page 434",https://timssandpirls.bc.edu/PDF/t03_download/T03_TR_AppD.pdf,https://timssandpirls.bc.edu/timss2003i/technicalD.html,
TIMSS 2003,4,Mathematics,M012023,Units to measure mass of egg,Measurement,Attributes and Units,Knowing Facts and Procedures,multiple_choice,1,3PL,0.765,-0.301,0.265,,,,0.04,0.076,0.027,,,,M012023,Concurrent calibration of the TIMSS 1995 and 2003 fourth-grade mathematics data.,"T03_TR_AppD.pdf (TIMSS 2003 Technical Report, Appendix D)","Exhibit D.3, report page 435",https://timssandpirls.bc.edu/PDF/t03_download/T03_TR_AppD.pdf,https://timssandpirls.bc.edu/timss2003i/technicalD.html,
TIMSS 2003,4,Mathematics,M031338,Which could equal 150 milliliters,Measurement,Attributes and Units,Knowing Facts and Procedures,multiple_choice,1,3PL,0.612,0.151,0.249,,,,0.071,0.165,0.051,,,,M031338,Concurrent calibration of the TIMSS 1995 and 2003 fourth-grade mathematics data.,"T03_TR_AppD.pdf (TIMSS 2003 Technical Report, Appendix D)","Exhibit D.3, report page 438",https://timssandpirls.bc.edu/PDF/t03_download/T03_TR_AppD.pdf,https://timssandpirls.bc.edu/timss2003i/technicalD.html,
TIMSS 2003,4,Mathematics,M011005,Which has largest area,Measurement,Attributes and Units,Reasoning,multiple_choice,1,3PL,0.474,-1.508,0.349,,,,0.026,0.205,0.051,,,,M011005,Concurrent calibration of the TIMSS 1995 and 2003 fourth-grade mathematics data.,"T03_TR_AppD.pdf (TIMSS 2003 Technical Report, Appendix D)","Exhibit D.3, report page 434",https://timssandpirls.bc.edu/PDF/t03_download/T03_TR_AppD.pdf,https://timssandpirls.bc.edu/timss2003i/technicalD.html,
TIMSS 2003,4,Mathematics,M031008,The length of the films,Measurement,Attributes and Units,Solving Routine Problems,multiple_choice,1,3PL,1.155,1.41,0.201,,,,0.138,0.06,0.016,,,,M031008,Concurrent calibration of the TIMSS 1995 and 2003 fourth-grade mathematics data.,"T03_TR_AppD.pdf (TIMSS 2003 Technical Report, Appendix D)","Exhibit D.3, report page 436",https://timssandpirls.bc.edu/PDF/t03_download/T03_TR_AppD.pdf,https://timssandpirls.bc.edu/timss2003i/technicalD.html,
TIMSS 2003,4,Mathematics,M011013,How much did temperature rise,Measurement,"Tools, Techniques, and Formulas",Knowing Facts and Procedures,multiple_choice,1,3PL,0.759,0.542,0.326,,,,0.052,0.064,0.02,,,,M011013,Concurrent calibration of the TIMSS 1995 and 2003 fourth-grade mathematics data.,"T03_TR_AppD.pdf (TIMSS 2003 Technical Report, Appendix D)","Exhibit D.3, report page 434",https://timssandpirls.bc.edu/PDF/t03_download/T03_TR_AppD.pdf,https://timssandpirls.bc.edu/timss2003i/technicalD.html,
TIMSS 2003,4,Mathematics,M031322,Draw a triangle with AB as the base,Measurement,"Tools, Techniques, and Formulas",Knowing Facts and Procedures,constructed_response,1,2PL,0.42,-1.458,,,,,0.029,0.111,,,,,M031322,Concurrent calibration of the TIMSS 1995 and 2003 fourth-grade mathematics data.,"T03_TR_AppD.pdf (TIMSS 2003 Technical Report, Appendix D)","Exhibit D.3, report page 437",https://timssandpirls.bc.edu/PDF/t03_download/T03_TR_AppD.pdf,https://timssandpirls.bc.edu/timss2003i/technicalD.html,
TIMSS 2003,4,Mathematics,M012065,Distance on map,Measurement,"Tools, Techniques, and Formulas",Reasoning,multiple_choice,1,3PL,0.9,0.864,0.191,,,,0.053,0.038,0.014,,,,M012065,Concurrent calibration of the TIMSS 1995 and 2003 fourth-grade mathematics data.,"T03_TR_AppD.pdf (TIMSS 2003 Technical Report, Appendix D)","Exhibit D.3, report page 435",https://timssandpirls.bc.edu/PDF/t03_download/T03_TR_AppD.pdf,https://timssandpirls.bc.edu/timss2003i/technicalD.html,
TIMSS 2003,4,Mathematics,M031298,Complete the figure with an area of 13 cm²,Measurement,"Tools, Techniques, and Formulas",Reasoning,constructed_response,1,2PL,0.833,0.845,,,,,0.041,0.04,,,,,M031298,Concurrent calibration of the TIMSS 1995 and 2003 fourth-grade mathematics data.,"T03_TR_AppD.pdf (TIMSS 2003 Technical Report, Appendix D)","Exhibit D.3, report page 437",https://timssandpirls.bc.edu/PDF/t03_download/T03_TR_AppD.pdf,https://timssandpirls.bc.edu/timss2003i/technicalD.html,
TIMSS 2003,4,Mathematics,M011017,When is Mary’s trip,Measurement,"Tools, Techniques, and Formulas",Solving Routine Problems,multiple_choice,1,3PL,0.651,-0.707,0.111,,,,0.028,0.078,0.03,,,,M011017,Concurrent calibration of the TIMSS 1995 and 2003 fourth-grade mathematics data.,"T03_TR_AppD.pdf (TIMSS 2003 Technical Report, Appendix D)","Exhibit D.3, report page 434",https://timssandpirls.bc.edu/PDF/t03_download/T03_TR_AppD.pdf,https://timssandpirls.bc.edu/timss2003i/technicalD.html,
TIMSS 2003,4,Mathematics,M011025,Perimeter of rectangle,Measurement,"Tools, Techniques, and Formulas",Solving Routine Problems,multiple_choice,1,3PL,0.762,0.614,0.241,,,,0.047,0.053,0.018,,,,M011025,Concurrent calibration of the TIMSS 1995 and 2003 fourth-grade mathematics data.,"T03_TR_AppD.pdf (TIMSS 2003 Technical Report, Appendix D)","Exhibit D.3, report page 434",https://timssandpirls.bc.edu/PDF/t03_download/T03_TR_AppD.pdf,https://timssandpirls.bc.edu/timss2003i/technicalD.html,
TIMSS 2003,4,Mathematics,M031097,Betty’s average driving speed,Measurement,"Tools, Techniques, and Formulas",Solving Routine Problems,multiple_choice,1,3PL,1.071,0.605,0.2,,,,0.13,0.079,0.032,,,,M031097,Concurrent calibration of the TIMSS 1995 and 2003 fourth-grade mathematics data.,"T03_TR_AppD.pdf (TIMSS 2003 Technical Report, Appendix D)","Exhibit D.3, report page 436",https://timssandpirls.bc.edu/PDF/t03_download/T03_TR_AppD.pdf,https://timssandpirls.bc.edu/timss2003i/technicalD.html,
TIMSS 2003,4,Mathematics,M031178,George practiced soccer 6 days a week,Measurement,"Tools, Techniques, and Formulas",Solving Routine Problems,multiple_choice,1,3PL,0.87,0.777,0.094,,,,0.098,0.076,0.027,,,,M031178,Concurrent calibration of the TIMSS 1995 and 2003 fourth-grade mathematics data.,"T03_TR_AppD.pdf (TIMSS 2003 Technical Report, Appendix D)","Exhibit D.3, report page 436",https://timssandpirls.bc.edu/PDF/t03_download/T03_TR_AppD.pdf,https://timssandpirls.bc.edu/timss2003i/technicalD.html,
TIMSS 2003,4,Mathematics,M011010,Volume of stack of cubes,Measurement,"Tools, Techniques, and Formulas",Using Concepts,multiple_choice,1,3PL,1.119,-0.154,0.242,,,,0.048,0.04,0.018,,,,M011010,Concurrent calibration of the TIMSS 1995 and 2003 fourth-grade mathematics data.,"T03_TR_AppD.pdf (TIMSS 2003 Technical Report, Appendix D)","Exhibit D.3, report page 434",https://timssandpirls.bc.edu/PDF/t03_download/T03_TR_AppD.pdf,https://timssandpirls.bc.edu/timss2003i/technicalD.html,
TIMSS 2003,4,Mathematics,M011008,Sum of two numbers with decimals,Number,Fractions and Decimals,Knowing Facts and Procedures,multiple_choice,1,3PL,1.277,0.1,0.294,,,,0.052,0.03,0.013,,,,M011008,Concurrent calibration of the TIMSS 1995 and 2003 fourth-grade mathematics data.,"T03_TR_AppD.pdf (TIMSS 2003 Technical Report, Appendix D)","Exhibit D.3, report page 434",https://timssandpirls.bc.edu/PDF/t03_download/T03_TR_AppD.pdf,https://timssandpirls.bc.edu/timss2003i/technicalD.html,
TIMSS 2003,4,Mathematics,M011015,Subtraction with decimals,Number,Fractions and Decimals,Knowing Facts and Procedures,multiple_choice,1,3PL,0.785,-0.084,0.19,,,,0.038,0.058,0.022,,,,M011015,Concurrent calibration of the TIMSS 1995 and 2003 fourth-grade mathematics data.,"T03_TR_AppD.pdf (TIMSS 2003 Technical Report, Appendix D)","Exhibit D.3, report page 434",https://timssandpirls.bc.edu/PDF/t03_download/T03_TR_AppD.pdf,https://timssandpirls.bc.edu/timss2003i/technicalD.html,
TIMSS 2003,4,Mathematics,M011020,Fraction to decimal,Number,Fractions and Decimals,Knowing Facts and Procedures,multiple_choice,1,3PL,1.267,1.146,0.281,,,,0.082,0.031,0.001,,,,M011020,Concurrent calibration of the TIMSS 1995 and 2003 fourth-grade mathematics data.,"T03_TR_AppD.pdf (TIMSS 2003 Technical Report, Appendix D)","Exhibit D.3, report page 434",https://timssandpirls.bc.edu/PDF/t03_download/T03_TR_AppD.pdf,https://timssandpirls.bc.edu/timss2003i/technicalD.html,
TIMSS 2003,4,Mathematics,M031348A,Geometry Tiles: 1/2 black,Number,Fractions and Decimals,Knowing Facts and Procedures,constructed_response,1,2PL,0.66,0.585,,,,,0.036,0.045,,,,,M031348A,Concurrent calibration of the TIMSS 1995 and 2003 fourth-grade mathematics data.,"T03_TR_AppD.pdf (TIMSS 2003 Technical Report, Appendix D)","Exhibit D.3, report page 438",https://timssandpirls.bc.edu/PDF/t03_download/T03_TR_AppD.pdf,https://timssandpirls.bc.edu/timss2003i/technicalD.html,
TIMSS 2003,4,Mathematics,M031348B,Geometry Tiles: 5/8 black,Number,Fractions and Decimals,Reasoning,constructed_response,2,GPCM,0.559,1.455,,0.69,-0.69,,0.029,0.053,,0.051,0.087,,M031348B,Concurrent calibration of the TIMSS 1995 and 2003 fourth-grade mathematics data.,"T03_TR_AppD.pdf (TIMSS 2003 Technical Report, Appendix D)","Exhibit D.3, report page 438",https://timssandpirls.bc.edu/PDF/t03_download/T03_TR_AppD.pdf,https://timssandpirls.bc.edu/timss2003i/technicalD.html,
TIMSS 2003,4,Mathematics,M012119,Fraction of cake left,Number,Fractions and Decimals,Solving Routine Problems,multiple_choice,1,3PL,0.684,0.172,0.334,,,,0.047,0.087,0.026,,,,M012119,Concurrent calibration of the TIMSS 1995 and 2003 fourth-grade mathematics data.,"T03_TR_AppD.pdf (TIMSS 2003 Technical Report, Appendix D)","Exhibit D.3, report page 436",https://timssandpirls.bc.edu/PDF/t03_download/T03_TR_AppD.pdf,https://timssandpirls.bc.edu/timss2003i/technicalD.html,
TIMSS 2003,4,Mathematics,M031065,1/3 of 600 balls in a box,Number,Fractions and Decimals,Solving Routine Problems,constructed_response,1,2PL,1.107,0.192,,,,,0.046,0.027,,,,,M031065,Concurrent calibration of the TIMSS 1995 and 2003 fourth-grade mathematics data.,"T03_TR_AppD.pdf (TIMSS 2003 Technical Report, Appendix D)","Exhibit D.3, report page 436",https://timssandpirls.bc.edu/PDF/t03_download/T03_TR_AppD.pdf,https://timssandpirls.bc.edu/timss2003i/technicalD.html,
TIMSS 2003,4,Mathematics,M031216,What fraction of cake John ate,Number,Fractions and Decimals,Solving Routine Problems,multiple_choice,1,3PL,0.716,-0.611,0.27,,,,0.066,0.162,0.057,,,,M031216,Concurrent calibration of the TIMSS 1995 and 2003 fourth-grade mathematics data.,"T03_TR_AppD.pdf (TIMSS 2003 Technical Report, Appendix D)","Exhibit D.3, report page 436",https://timssandpirls.bc.edu/PDF/t03_download/T03_TR_AppD.pdf,https://timssandpirls.bc.edu/timss2003i/technicalD.html,
TIMSS 2003,4,Mathematics,M011001,Which figure has one-half black dots,Number,Fractions and Decimals,Using Concepts,multiple_choice,1,3PL,0.869,-0.841,0.398,,,,0.033,0.064,0.023,,,,M011001,Concurrent calibration of the TIMSS 1995 and 2003 fourth-grade mathematics data.,"T03_TR_AppD.pdf (TIMSS 2003 Technical Report, Appendix D)","Exhibit D.3, report page 434",https://timssandpirls.bc.edu/PDF/t03_download/T03_TR_AppD.pdf,https://timssandpirls.bc.edu/timss2003i/technicalD.html,
TIMSS 2003,4,Mathematics,M011016,3 of 4 squares shaded,Number,Fractions and Decimals,Using Concepts,multiple_choice,1,3PL,1.009,0.339,0.241,,,,0.049,0.038,0.015,,,,M011016,Concurrent calibration of the TIMSS 1995 and 2003 fourth-grade mathematics data.,"T03_TR_AppD.pdf (TIMSS 2003 Technical Report, Appendix D)","Exhibit D.3, report page 434",https://timssandpirls.bc.edu/PDF/t03_download/T03_TR_AppD.pdf,https://timssandpirls.bc.edu/timss2003i/technicalD.html,
TIMSS 2003,4,Mathematics,M012044,Figure showing fraction of shaded square,Number,Fractions and Decimals,Using Concepts,multiple_choice,1,3PL,1.131,0.19,0.251,,,,0.052,0.035,0.015,,,,M012044,Concurrent calibration of the TIMSS 1995 and 2003 fourth-grade mathematics data.,"T03_TR_AppD.pdf (TIMSS 2003 Technical Report, Appendix D)","Exhibit D.3, report page 435",https://timssandpirls.bc.edu/PDF/t03_download/T03_TR_AppD.pdf,https://timssandpirls.bc.edu/timss2003i/technicalD.html,
TIMSS 2003,4,Mathematics,M031108,Maria collected soft drink bottles,Number,"Ratio, Proportions, and Percent",Solving Routine Problems,multiple_choice,1,3PL,1.11,0.333,0.116,,,,0.076,0.047,0.021,,,,M031108,Concurrent calibration of the TIMSS 1995 and 2003 fourth-grade mathematics data.,"T03_TR_AppD.pdf (TIMSS 2003 Technical Report, Appendix D)","Exhibit D.3, report page 436",https://timssandpirls.bc.edu/PDF/t03_download/T03_TR_AppD.pdf,https://timssandpirls.bc.edu/timss2003i/technicalD.html,
TIMSS 2003,4,Mathematics,M011019,Number rounded to 600,Number,Whole Numbers,Knowing Facts and Procedures,multiple_choice,1,3PL,0.881,-0.463,0.136,,,,0.035,0.05,0.022,,,,M011019,Concurrent calibration of the TIMSS 1995 and 2003 fourth-grade mathematics data.,"T03_TR_AppD.pdf (TIMSS 2003 Technical Report, Appendix D)","Exhibit D.3, report page 434",https://timssandpirls.bc.edu/PDF/t03_download/T03_TR_AppD.pdf,https://timssandpirls.bc.edu/timss2003i/technicalD.html,
TIMSS 2003,4,Mathematics,M011021,Which number is it,Number,Whole Numbers,Knowing Facts and Procedures,multiple_choice,1,3PL,0.754,-0.484,0.186,,,,0.035,0.071,0.028,,,,M011021,Concurrent calibration of the TIMSS 1995 and 2003 fourth-grade mathematics data.,"T03_TR_AppD.pdf (TIMSS 2003 Technical Report, Appendix D)","Exhibit D.3, report page 434",https://timssandpirls.bc.edu/PDF/t03_download/T03_TR_AppD.pdf,https://timssandpirls.bc.edu/timss2003i/technicalD.html,
TIMSS 2003,4,Mathematics,M011024,Express number in words,Number,Whole Numbers,Knowing Facts and Procedures,multiple_choice,1,3PL,0.697,-2.233,0.167,,,,0.034,0.135,0.057,,,,M011024,Concurrent calibration of the TIMSS 1995 and 2003 fourth-grade mathematics data.,"T03_TR_AppD.pdf (TIMSS 2003 Technical Report, Appendix D)","Exhibit D.3, report page 434",https://timssandpirls.bc.edu/PDF/t03_download/T03_TR_AppD.pdf,https://timssandpirls.bc.edu/timss2003i/technicalD.html,
TIMSS 2003,4,Mathematics,M011028,Which number is equal,Number,Whole Numbers,Knowing Facts and Procedures,multiple_choice,1,3PL,0.626,-0.506,0.172,,,,0.032,0.093,0.033,,,,M011028,Concurrent calibration of the TIMSS 1995 and 2003 fourth-grade mathematics data.,"T03_TR_AppD.pdf (TIMSS 2003 Technical Report, Appendix D)","Exhibit D.3, report page 434",https://timssandpirls.bc.edu/PDF/t03_download/T03_TR_AppD.pdf,https://timssandpirls.bc.edu/timss2003i/technicalD.html,
TIMSS 2003,4,Mathematics,M031305,15 times 9,Number,Whole Numbers,Knowing Facts and Procedures,constructed_response,1,2PL,0.712,-0.757,,,,,0.035,0.049,,,,,M031305,Concurrent calibration of the TIMSS 1995 and 2003 fourth-grade mathematics data.,"T03_TR_AppD.pdf (TIMSS 2003 Technical Report, Appendix D)","Exhibit D.3, report page 437",https://timssandpirls.bc.edu/PDF/t03_download/T03_TR_AppD.pdf,https://timssandpirls.bc.edu/timss2003i/technicalD.html,
TIMSS 2003,4,Mathematics,M031306,204 divided by 4,Number,Whole Numbers,Knowing Facts and Procedures,constructed_response,1,2PL,0.759,-0.227,,,,,0.036,0.038,,,,,M031306,Concurrent calibration of the TIMSS 1995 and 2003 fourth-grade mathematics data.,"T03_TR_AppD.pdf (TIMSS 2003 Technical Report, Appendix D)","Exhibit D.3, report page 437",https://timssandpirls.bc.edu/PDF/t03_download/T03_TR_AppD.pdf,https://timssandpirls.bc.edu/timss2003i/technicalD.html,
TIMSS 2003,4,Mathematics,M031130,The number Lia should add to 142 to get 369,Number,Whole Numbers,Reasoning,constructed_response,1,2PL,0.897,-0.47,,,,,0.058,0.052,,,,,M031130,Concurrent calibration of the TIMSS 1995 and 2003 fourth-grade mathematics data.,"T03_TR_AppD.pdf (TIMSS 2003 Technical Report, Appendix D)","Exhibit D.3, report page 436",https://timssandpirls.bc.edu/PDF/t03_download/T03_TR_AppD.pdf,https://timssandpirls.bc.edu/timss2003i/technicalD.html,
TIMSS 2003,4,Mathematics,M031341,1279 plus 243 by mistake,Number,Whole Numbers,Reasoning,multiple_choice,1,3PL,0.789,-0.755,0.194,,,,0.061,0.124,0.05,,,,M031341,Concurrent calibration of the TIMSS 1995 and 2003 fourth-grade mathematics data.,"T03_TR_AppD.pdf (TIMSS 2003 Technical Report, Appendix D)","Exhibit D.3, report page 438",https://timssandpirls.bc.edu/PDF/t03_download/T03_TR_AppD.pdf,https://timssandpirls.bc.edu/timss2003i/technicalD.html,
TIMSS 2003,4,Mathematics,M011002,Total number of boys and girls,Number,Whole Numbers,Solving Routine Problems,multiple_choice,1,3PL,0.839,0.418,0.274,,,,0.033,0.035,0.012,,,,M011002,Concurrent calibration of the TIMSS 1995 and 2003 fourth-grade mathematics data.,"T03_TR_AppD.pdf (TIMSS 2003 Technical Report, Appendix D)","Exhibit D.3, report page 434",https://timssandpirls.bc.edu/PDF/t03_download/T03_TR_AppD.pdf,https://timssandpirls.bc.edu/timss2003i/technicalD.html,
TIMSS 2003,4,Mathematics,M011003,Total number of pencils,Number,Whole Numbers,Solving Routine Problems,multiple_choice,1,3PL,0.646,-0.184,0.206,,,,0.025,0.06,0.02,,,,M011003,Concurrent calibration of the TIMSS 1995 and 2003 fourth-grade mathematics data.,"T03_TR_AppD.pdf (TIMSS 2003 Technical Report, Appendix D)","Exhibit D.3, report page 434",https://timssandpirls.bc.edu/PDF/t03_download/T03_TR_AppD.pdf,https://timssandpirls.bc.edu/timss2003i/technicalD.html,
TIMSS 2003,4,Mathematics,M011011,How long to wash windows,Number,Whole Numbers,Solving Routine Problems,multiple_choice,1,3PL,1.261,-0.705,0.32,,,,0.055,0.048,0.023,,,,M011011,Concurrent calibration of the TIMSS 1995 and 2003 fourth-grade mathematics data.,"T03_TR_AppD.pdf (TIMSS 2003 Technical Report, Appendix D)","Exhibit D.3, report page 434",https://timssandpirls.bc.edu/PDF/t03_download/T03_TR_AppD.pdf,https://timssandpirls.bc.edu/timss2003i/technicalD.html,
TIMSS 2003,4,Mathematics,M012117,Estimate number of cabbages,Number,Whole Numbers,Solving Routine Problems,multiple_choice,1,3PL,0.946,0.597,0.213,,,,0.045,0.033,0.013,,,,M012117,Concurrent calibration of the TIMSS 1995 and 2003 fourth-grade mathematics data.,"T03_TR_AppD.pdf (TIMSS 2003 Technical Report, Appendix D)","Exhibit D.3, report page 436",https://timssandpirls.bc.edu/PDF/t03_download/T03_TR_AppD.pdf,https://timssandpirls.bc.edu/timss2003i/technicalD.html,
TIMSS 2003,4,Mathematics,M031011,Notebooks for 115 students,Number,Whole Numbers,Solving Routine Problems,constructed_response,1,2PL,0.825,0.188,,,,,0.038,0.033,,,,,M031011,Concurrent calibration of the TIMSS 1995 and 2003 fourth-grade mathematics data.,"T03_TR_AppD.pdf (TIMSS 2003 Technical Report, Appendix D)","Exhibit D.3, report page 436",https://timssandpirls.bc.edu/PDF/t03_download/T03_TR_AppD.pdf,https://timssandpirls.bc.edu/timss2003i/technicalD.html,
TIMSS 2003,4,Mathematics,M031310,A 204 cm rope cut into 4/calculation,Number,Whole Numbers,Solving Routine Problems,multiple_choice,1,3PL,1.38,-0.475,0.251,,,,0.098,0.064,0.033,,,,M031310,Concurrent calibration of the TIMSS 1995 and 2003 fourth-grade mathematics data.,"T03_TR_AppD.pdf (TIMSS 2003 Technical Report, Appendix D)","Exhibit D.3, report page 437",https://timssandpirls.bc.edu/PDF/t03_download/T03_TR_AppD.pdf,https://timssandpirls.bc.edu/timss2003i/technicalD.html,
TIMSS 2003,4,Mathematics,M031345A,Number tiles: largest number (+),Number,Whole Numbers,Solving Routine Problems,constructed_response,1,2PL,0.734,-0.412,,,,,0.05,0.058,,,,,M031345A,Concurrent calibration of the TIMSS 1995 and 2003 fourth-grade mathematics data.,"T03_TR_AppD.pdf (TIMSS 2003 Technical Report, Appendix D)","Exhibit D.3, report page 438",https://timssandpirls.bc.edu/PDF/t03_download/T03_TR_AppD.pdf,https://timssandpirls.bc.edu/timss2003i/technicalD.html,
TIMSS 2003,4,Mathematics,M031345B,Number tiles: largest number (-),Number,Whole Numbers,Solving Routine Problems,constructed_response,1,2PL,0.65,-0.254,,,,,0.047,0.061,,,,,M031345B,Concurrent calibration of the TIMSS 1995 and 2003 fourth-grade mathematics data.,"T03_TR_AppD.pdf (TIMSS 2003 Technical Report, Appendix D)","Exhibit D.3, report page 438",https://timssandpirls.bc.edu/PDF/t03_download/T03_TR_AppD.pdf,https://timssandpirls.bc.edu/timss2003i/technicalD.html,
TIMSS 2003,4,Mathematics,M031345C,Number tiles: largest number (X),Number,Whole Numbers,Solving Routine Problems,constructed_response,1,2PL,0.653,1.7,,,,,0.061,0.126,,,,,M031345C,Concurrent calibration of the TIMSS 1995 and 2003 fourth-grade mathematics data.,"T03_TR_AppD.pdf (TIMSS 2003 Technical Report, Appendix D)","Exhibit D.3, report page 438",https://timssandpirls.bc.edu/PDF/t03_download/T03_TR_AppD.pdf,https://timssandpirls.bc.edu/timss2003i/technicalD.html,
TIMSS 2003,4,Mathematics,M011004,Number represented by squares,Number,Whole Numbers,Using Concepts,multiple_choice,1,3PL,0.725,-1.152,0.298,,,,0.026,0.081,0.029,,,,M011004,Concurrent calibration of the TIMSS 1995 and 2003 fourth-grade mathematics data.,"T03_TR_AppD.pdf (TIMSS 2003 Technical Report, Appendix D)","Exhibit D.3, report page 434",https://timssandpirls.bc.edu/PDF/t03_download/T03_TR_AppD.pdf,https://timssandpirls.bc.edu/timss2003i/technicalD.html,
TIMSS 2003,4,Mathematics,M011007,Which has same value,Number,Whole Numbers,Using Concepts,multiple_choice,1,3PL,0.896,-1.5,0.237,,,,0.036,0.079,0.037,,,,M011007,Concurrent calibration of the TIMSS 1995 and 2003 fourth-grade mathematics data.,"T03_TR_AppD.pdf (TIMSS 2003 Technical Report, Appendix D)","Exhibit D.3, report page 434",https://timssandpirls.bc.edu/PDF/t03_download/T03_TR_AppD.pdf,https://timssandpirls.bc.edu/timss2003i/technicalD.html,
TIMSS 2003,4,Mathematics,M011018,Digit in hundreds place,Number,Whole Numbers,Using Concepts,multiple_choice,1,3PL,0.715,-1.191,0.101,,,,0.028,0.075,0.031,,,,M011018,Concurrent calibration of the TIMSS 1995 and 2003 fourth-grade mathematics data.,"T03_TR_AppD.pdf (TIMSS 2003 Technical Report, Appendix D)","Exhibit D.3, report page 434",https://timssandpirls.bc.edu/PDF/t03_download/T03_TR_AppD.pdf,https://timssandpirls.bc.edu/timss2003i/technicalD.html,
TIMSS 2003,4,Mathematics,M011026,Which is true,Number,Whole Numbers,Using Concepts,multiple_choice,1,3PL,0.605,-0.303,0.247,,,,0.037,0.109,0.034,,,,M011026,Concurrent calibration of the TIMSS 1995 and 2003 fourth-grade mathematics data.,"T03_TR_AppD.pdf (TIMSS 2003 Technical Report, Appendix D)","Exhibit D.3, report page 434",https://timssandpirls.bc.edu/PDF/t03_download/T03_TR_AppD.pdf,https://timssandpirls.bc.edu/timss2003i/technicalD.html,
TIMSS 2003,4,Mathematics,M031162,Number going in the number line box,Number,Whole Numbers,Using Concepts,constructed_response,1,2PL,0.475,-1.106,,,,,0.03,0.083,,,,,M031162,Concurrent calibration of the TIMSS 1995 and 2003 fourth-grade mathematics data.,"T03_TR_AppD.pdf (TIMSS 2003 Technical Report, Appendix D)","Exhibit D.3, report page 436",https://timssandpirls.bc.edu/PDF/t03_download/T03_TR_AppD.pdf,https://timssandpirls.bc.edu/timss2003i/technicalD.html,
TIMSS 2003,4,Mathematics,M031344A,"Number tiles: get to 20 using 2,7,9",Number,Whole Numbers,Using Concepts,constructed_response,1,2PL,0.51,0.364,,,,,0.043,0.073,,,,,M031344A,Concurrent calibration of the TIMSS 1995 and 2003 fourth-grade mathematics data.,"T03_TR_AppD.pdf (TIMSS 2003 Technical Report, Appendix D)","Exhibit D.3, report page 438",https://timssandpirls.bc.edu/PDF/t03_download/T03_TR_AppD.pdf,https://timssandpirls.bc.edu/timss2003i/technicalD.html,
TIMSS 2003,4,Mathematics,M031344B,"Number tiles: get to 20 using 1,3,6",Number,Whole Numbers,Using Concepts,constructed_response,1,2PL,0.766,0.257,,,,,0.052,0.05,,,,,M031344B,Concurrent calibration of the TIMSS 1995 and 2003 fourth-grade mathematics data.,"T03_TR_AppD.pdf (TIMSS 2003 Technical Report, Appendix D)","Exhibit D.3, report page 438",https://timssandpirls.bc.edu/PDF/t03_download/T03_TR_AppD.pdf,https://timssandpirls.bc.edu/timss2003i/technicalD.html,
TIMSS 2003,4,Mathematics,M031344C,"Number tiles: get to 20 using 1,4,6",Number,Whole Numbers,Using Concepts,constructed_response,2,GPCM,0.456,-0.123,,-1.983,1.983,,0.019,0.046,,0.145,0.141,,M031344C,Concurrent calibration of the TIMSS 1995 and 2003 fourth-grade mathematics data.,"T03_TR_AppD.pdf (TIMSS 2003 Technical Report, Appendix D)","Exhibit D.3, report page 438",https://timssandpirls.bc.edu/PDF/t03_download/T03_TR_AppD.pdf,https://timssandpirls.bc.edu/timss2003i/technicalD.html,
TIMSS 2003,8,Mathematics,M012042,Value of -3x given value of x,Algebra,Algebraic Expressions,Knowing Facts and Procedures,multiple_choice,1,3PL,1.116,0.037,0.132,,,,0.029,0.021,0.009,,,,M012042,Concurrent calibration of the TIMSS 1999 and 2003 eighth-grade mathematics data.,"T03_TR_AppD.pdf (TIMSS 2003 Technical Report, Appendix D)","Exhibit D.1, report page 416",https://timssandpirls.bc.edu/PDF/t03_download/T03_TR_AppD.pdf,https://timssandpirls.bc.edu/timss2003i/technicalD.html,
TIMSS 2003,8,Mathematics,M022185,Subtract fractions involving x,Algebra,Algebraic Expressions,Knowing Facts and Procedures,multiple_choice,1,3PL,0.858,0.05,0.233,,,,0.041,0.048,0.018,,,,M022185,Concurrent calibration of the TIMSS 1999 and 2003 eighth-grade mathematics data.,"T03_TR_AppD.pdf (TIMSS 2003 Technical Report, Appendix D)","Exhibit D.1, report page 418",https://timssandpirls.bc.edu/PDF/t03_download/T03_TR_AppD.pdf,https://timssandpirls.bc.edu/timss2003i/technicalD.html,
TIMSS 2003,8,Mathematics,M032036,Which equals 2x minus 3 y plus 7x plus 5y,Algebra,Algebraic Expressions,Knowing Facts and Procedures,multiple_choice,1,3PL,1.081,0.141,0.19,,,,0.084,0.057,0.024,,,,M032036,Concurrent calibration of the TIMSS 1999 and 2003 eighth-grade mathematics data.,"T03_TR_AppD.pdf (TIMSS 2003 Technical Report, Appendix D)","Exhibit D.1, report page 419",https://timssandpirls.bc.edu/PDF/t03_download/T03_TR_AppD.pdf,https://timssandpirls.bc.edu/timss2003i/technicalD.html,
TIMSS 2003,8,Mathematics,M032557,The value of a + 2 times (b plus c),Algebra,Algebraic Expressions,Reasoning,constructed_response,1,2PL,1.102,0.787,,,,,0.035,0.024,,,,,M032557,Concurrent calibration of the TIMSS 1999 and 2003 eighth-grade mathematics data.,"T03_TR_AppD.pdf (TIMSS 2003 Technical Report, Appendix D)","Exhibit D.1, report page 420",https://timssandpirls.bc.edu/PDF/t03_download/T03_TR_AppD.pdf,https://timssandpirls.bc.edu/timss2003i/technicalD.html,
TIMSS 2003,8,Mathematics,M022002,Three consecutive even numbers,Algebra,Algebraic Expressions,Solving Routine Problems,multiple_choice,1,3PL,1.627,1.121,0.142,,,,0.082,0.021,0.006,,,,M022002,Concurrent calibration of the TIMSS 1999 and 2003 eighth-grade mathematics data.,"T03_TR_AppD.pdf (TIMSS 2003 Technical Report, Appendix D)","Exhibit D.1, report page 416",https://timssandpirls.bc.edu/PDF/t03_download/T03_TR_AppD.pdf,https://timssandpirls.bc.edu/timss2003i/technicalD.html,
TIMSS 2003,8,Mathematics,M022251,Total number of books three boys have,Algebra,Algebraic Expressions,Using Concepts,multiple_choice,1,3PL,0.826,1.272,0.158,,,,0.053,0.04,0.01,,,,M022251,Concurrent calibration of the TIMSS 1999 and 2003 eighth-grade mathematics data.,"T03_TR_AppD.pdf (TIMSS 2003 Technical Report, Appendix D)","Exhibit D.1, report page 418",https://timssandpirls.bc.edu/PDF/t03_download/T03_TR_AppD.pdf,https://timssandpirls.bc.edu/timss2003i/technicalD.html,
TIMSS 2003,8,Mathematics,M032044,Carla paid x zeds for 3 cartons of juice,Algebra,Algebraic Expressions,Using Concepts,multiple_choice,1,3PL,1.104,0.531,0.231,,,,0.068,0.041,0.015,,,,M032044,Concurrent calibration of the TIMSS 1999 and 2003 eighth-grade mathematics data.,"T03_TR_AppD.pdf (TIMSS 2003 Technical Report, Appendix D)","Exhibit D.1, report page 419",https://timssandpirls.bc.edu/PDF/t03_download/T03_TR_AppD.pdf,https://timssandpirls.bc.edu/timss2003i/technicalD.html,
TIMSS 2003,8,Mathematics,M012040,Find n from proportionality equation,Algebra,Equations and Formulas,Knowing Facts and Procedures,multiple_choice,1,3PL,1.044,-0.416,0.236,,,,0.031,0.032,0.014,,,,M012040,Concurrent calibration of the TIMSS 1999 and 2003 eighth-grade mathematics data.,"T03_TR_AppD.pdf (TIMSS 2003 Technical Report, Appendix D)","Exhibit D.1, report page 416",https://timssandpirls.bc.edu/PDF/t03_download/T03_TR_AppD.pdf,https://timssandpirls.bc.edu/timss2003i/technicalD.html,
TIMSS 2003,8,Mathematics,M022196,"True expression for values of L,K,M",Algebra,Equations and Formulas,Knowing Facts and Procedures,multiple_choice,1,3PL,1.217,-0.357,0.082,,,,0.038,0.024,0.011,,,,M022196,Concurrent calibration of the TIMSS 1999 and 2003 eighth-grade mathematics data.,"T03_TR_AppD.pdf (TIMSS 2003 Technical Report, Appendix D)","Exhibit D.1, report page 418",https://timssandpirls.bc.edu/PDF/t03_download/T03_TR_AppD.pdf,https://timssandpirls.bc.edu/timss2003i/technicalD.html,
TIMSS 2003,8,Mathematics,M022253,Solve equation for x,Algebra,Equations and Formulas,Knowing Facts and Procedures,constructed_response,1,2PL,1.118,-0.192,,,,,0.025,0.015,,,,,M022253,Concurrent calibration of the TIMSS 1999 and 2003 eighth-grade mathematics data.,"T03_TR_AppD.pdf (TIMSS 2003 Technical Report, Appendix D)","Exhibit D.1, report page 418",https://timssandpirls.bc.edu/PDF/t03_download/T03_TR_AppD.pdf,https://timssandpirls.bc.edu/timss2003i/technicalD.html,
TIMSS 2003,8,Mathematics,M032728,If x plus 3y equals 11 and 2x plus 3y equals 13,Algebra,Equations and Formulas,Knowing Facts and Procedures,multiple_choice,1,3PL,1.363,0.754,0.258,,,,0.132,0.048,0.017,,,,M032728,Concurrent calibration of the TIMSS 1999 and 2003 eighth-grade mathematics data.,"T03_TR_AppD.pdf (TIMSS 2003 Technical Report, Appendix D)","Exhibit D.1, report page 421",https://timssandpirls.bc.edu/PDF/t03_download/T03_TR_AppD.pdf,https://timssandpirls.bc.edu/timss2003i/technicalD.html,
TIMSS 2003,8,Mathematics,M032208,If x minus y equals 5 and x/2 equals 3,Algebra,Equations and Formulas,Solving Routine Problems,multiple_choice,1,3PL,1.317,0.377,0.255,,,,0.076,0.036,0.014,,,,M032208,Concurrent calibration of the TIMSS 1999 and 2003 eighth-grade mathematics data.,"T03_TR_AppD.pdf (TIMSS 2003 Technical Report, Appendix D)","Exhibit D.1, report page 419",https://timssandpirls.bc.edu/PDF/t03_download/T03_TR_AppD.pdf,https://timssandpirls.bc.edu/timss2003i/technicalD.html,
TIMSS 2003,8,Mathematics,M032210,If a/b equals 70,Algebra,Equations and Formulas,Solving Routine Problems,multiple_choice,1,3PL,1.453,0.643,0.212,,,,0.084,0.03,0.012,,,,M032210,Concurrent calibration of the TIMSS 1999 and 2003 eighth-grade mathematics data.,"T03_TR_AppD.pdf (TIMSS 2003 Technical Report, Appendix D)","Exhibit D.1, report page 419",https://timssandpirls.bc.edu/PDF/t03_download/T03_TR_AppD.pdf,https://timssandpirls.bc.edu/timss2003i/technicalD.html,
TIMSS 2003,8,Mathematics,M032545,7 oranges and 4 lemons cost 43 zeds,Algebra,Equations and Formulas,Solving Routine Problems,constructed_response,1,2PL,1.04,0.714,,,,,0.033,0.024,,,,,M032545,Concurrent calibration of the TIMSS 1999 and 2003 eighth-grade mathematics data.,"T03_TR_AppD.pdf (TIMSS 2003 Technical Report, Appendix D)","Exhibit D.1, report page 420",https://timssandpirls.bc.edu/PDF/t03_download/T03_TR_AppD.pdf,https://timssandpirls.bc.edu/timss2003i/technicalD.html,
TIMSS 2003,8,Mathematics,M012002,Objects balanced on scale,Algebra,Equations and Formulas,Using Concepts,multiple_choice,1,3PL,0.585,-1.304,0.0,,,,0.013,0.053,0.021,,,,M012002,Concurrent calibration of the TIMSS 1999 and 2003 eighth-grade mathematics data.,"T03_TR_AppD.pdf (TIMSS 2003 Technical Report, Appendix D)","Exhibit D.1, report page 416",https://timssandpirls.bc.edu/PDF/t03_download/T03_TR_AppD.pdf,https://timssandpirls.bc.edu/timss2003i/technicalD.html,
TIMSS 2003,8,Mathematics,M032046,If y equals 3x plus 2,Algebra,Equations and Formulas,Using Concepts,multiple_choice,1,3PL,1.204,1.071,0.14,,,,0.077,0.034,0.001,,,,M032046,Concurrent calibration of the TIMSS 1999 and 2003 eighth-grade mathematics data.,"T03_TR_AppD.pdf (TIMSS 2003 Technical Report, Appendix D)","Exhibit D.1, report page 419",https://timssandpirls.bc.edu/PDF/t03_download/T03_TR_AppD.pdf,https://timssandpirls.bc.edu/timss2003i/technicalD.html,
TIMSS 2003,8,Mathematics,M012017,Number of matchsticks continuing pattern,Algebra,Patterns,Reasoning,multiple_choice,1,3PL,0.733,0.077,0.127,,,,0.024,0.036,0.013,,,,M012017,Concurrent calibration of the TIMSS 1999 and 2003 eighth-grade mathematics data.,"T03_TR_AppD.pdf (TIMSS 2003 Technical Report, Appendix D)","Exhibit D.1, report page 416",https://timssandpirls.bc.edu/PDF/t03_download/T03_TR_AppD.pdf,https://timssandpirls.bc.edu/timss2003i/technicalD.html,
TIMSS 2003,8,Mathematics,M022008,Numbers in sequence increasing by 4,Algebra,Patterns,Reasoning,constructed_response,1,2PL,0.531,0.756,,,,,0.017,0.034,,,,,M022008,Concurrent calibration of the TIMSS 1999 and 2003 eighth-grade mathematics data.,"T03_TR_AppD.pdf (TIMSS 2003 Technical Report, Appendix D)","Exhibit D.1, report page 416",https://timssandpirls.bc.edu/PDF/t03_download/T03_TR_AppD.pdf,https://timssandpirls.bc.edu/timss2003i/technicalD.html,
TIMSS 2003,8,Mathematics,M022261A,Sequence of figures with triangles: fill table,Algebra,Patterns,Solving Routine Problems,constructed_response,1,2PL,1.105,0.222,,,,,0.025,0.015,,,,,M022261A,Concurrent calibration of the TIMSS 1999 and 2003 eighth-grade mathematics data.,"T03_TR_AppD.pdf (TIMSS 2003 Technical Report, Appendix D)","Exhibit D.1, report page 419",https://timssandpirls.bc.edu/PDF/t03_download/T03_TR_AppD.pdf,https://timssandpirls.bc.edu/timss2003i/technicalD.html,
TIMSS 2003,8,Mathematics,M022261B,Sequence of figures with triangles: 7th figure,Algebra,Patterns,Solving Routine Problems,constructed_response,1,2PL,1.175,0.717,,,,,0.029,0.017,,,,,M022261B,Concurrent calibration of the TIMSS 1999 and 2003 eighth-grade mathematics data.,"T03_TR_AppD.pdf (TIMSS 2003 Technical Report, Appendix D)","Exhibit D.1, report page 419",https://timssandpirls.bc.edu/PDF/t03_download/T03_TR_AppD.pdf,https://timssandpirls.bc.edu/timss2003i/technicalD.html,
TIMSS 2003,8,Mathematics,M022261C,Sequence of figures with triangles: 50th figure,Algebra,Patterns,Reasoning,constructed_response,2,GPCM,0.706,1.001,,-2.048,2.048,,0.013,0.017,,0.064,0.067,,M022261C,Concurrent calibration of the TIMSS 1999 and 2003 eighth-grade mathematics data.,"T03_TR_AppD.pdf (TIMSS 2003 Technical Report, Appendix D)","Exhibit D.1, report page 419",https://timssandpirls.bc.edu/PDF/t03_download/T03_TR_AppD.pdf,https://timssandpirls.bc.edu/timss2003i/technicalD.html,
TIMSS 2003,8,Mathematics,M032744,Geometry tiling: identify cell with letter,Algebra,Patterns,Using Concepts,constructed_response,1,2PL,0.826,0.402,,,,,0.039,0.037,,,,,M032744,Concurrent calibration of the TIMSS 1999 and 2003 eighth-grade mathematics data.,"T03_TR_AppD.pdf (TIMSS 2003 Technical Report, Appendix D)","Exhibit D.1, report page 421",https://timssandpirls.bc.edu/PDF/t03_download/T03_TR_AppD.pdf,https://timssandpirls.bc.edu/timss2003i/technicalD.html,
TIMSS 2003,8,Mathematics,M012029,Sets of ordered pairs of numbers,Algebra,Relationships,Reasoning,multiple_choice,1,3PL,1.017,0.04,0.137,,,,0.028,0.023,0.001,,,,M012029,Concurrent calibration of the TIMSS 1999 and 2003 eighth-grade mathematics data.,"T03_TR_AppD.pdf (TIMSS 2003 Technical Report, Appendix D)","Exhibit D.1, report page 416",https://timssandpirls.bc.edu/PDF/t03_download/T03_TR_AppD.pdf,https://timssandpirls.bc.edu/timss2003i/technicalD.html,
TIMSS 2003,8,Mathematics,M012025,Intersection point of distance/time graphs,Algebra,Relationships,Solving Routine Problems,multiple_choice,1,3PL,0.706,-0.611,0.106,,,,0.021,0.047,0.018,,,,M012025,Concurrent calibration of the TIMSS 1999 and 2003 eighth-grade mathematics data.,"T03_TR_AppD.pdf (TIMSS 2003 Technical Report, Appendix D)","Exhibit D.1, report page 416",https://timssandpirls.bc.edu/PDF/t03_download/T03_TR_AppD.pdf,https://timssandpirls.bc.edu/timss2003i/technicalD.html,
TIMSS 2003,8,Mathematics,M012037,Test score frequency table,Data,Data Interpretation,Reasoning,multiple_choice,1,3PL,0.562,0.6,0.226,,,,0.03,0.06,0.017,,,,M012037,Concurrent calibration of the TIMSS 1999 and 2003 eighth-grade mathematics data.,"T03_TR_AppD.pdf (TIMSS 2003 Technical Report, Appendix D)","Exhibit D.1, report page 416",https://timssandpirls.bc.edu/PDF/t03_download/T03_TR_AppD.pdf,https://timssandpirls.bc.edu/timss2003i/technicalD.html,
TIMSS 2003,8,Mathematics,M022189,How many pencils sold from bar graph,Data,Data Interpretation,Reasoning,multiple_choice,1,3PL,0.822,-0.768,0.104,,,,0.03,0.051,0.021,,,,M022189,Concurrent calibration of the TIMSS 1999 and 2003 eighth-grade mathematics data.,"T03_TR_AppD.pdf (TIMSS 2003 Technical Report, Appendix D)","Exhibit D.1, report page 418",https://timssandpirls.bc.edu/PDF/t03_download/T03_TR_AppD.pdf,https://timssandpirls.bc.edu/timss2003i/technicalD.html,
TIMSS 2003,8,Mathematics,M032762,Phone plans: least expensive plan for Betty,Data,Data Interpretation,Reasoning,constructed_response,2,GPCM,0.365,1.097,,-2.628,2.628,,0.009,0.037,,0.096,0.104,,M032762,Concurrent calibration of the TIMSS 1999 and 2003 eighth-grade mathematics data.,"T03_TR_AppD.pdf (TIMSS 2003 Technical Report, Appendix D)","Exhibit D.1, report page 421",https://timssandpirls.bc.edu/PDF/t03_download/T03_TR_AppD.pdf,https://timssandpirls.bc.edu/timss2003i/technicalD.html,
TIMSS 2003,8,Mathematics,M022135,Graph of cooling water,Data,Data Interpretation,Solving Routine Problems,multiple_choice,1,3PL,0.701,0.702,0.044,,,,0.03,0.033,0.01,,,,M022135,Concurrent calibration of the TIMSS 1999 and 2003 eighth-grade mathematics data.,"T03_TR_AppD.pdf (TIMSS 2003 Technical Report, Appendix D)","Exhibit D.1, report page 417",https://timssandpirls.bc.edu/PDF/t03_download/T03_TR_AppD.pdf,https://timssandpirls.bc.edu/timss2003i/technicalD.html,
TIMSS 2003,8,Mathematics,M032763,Phone plans: cost of plans for Frank,Data,Data Interpretation,Solving Routine Problems,constructed_response,2,GPCM,0.839,1.59,,-0.694,0.694,,0.024,0.03,,0.047,0.061,,M032763,Concurrent calibration of the TIMSS 1999 and 2003 eighth-grade mathematics data.,"T03_TR_AppD.pdf (TIMSS 2003 Technical Report, Appendix D)","Exhibit D.1, report page 421",https://timssandpirls.bc.edu/PDF/t03_download/T03_TR_AppD.pdf,https://timssandpirls.bc.edu/timss2003i/technicalD.html,
TIMSS 2003,8,Mathematics,M032764,Phone plans: minutes talk by Darlene,Data,Data Interpretation,Solving Routine Problems,constructed_response,2,GPCM,0.842,1.46,,-0.313,0.313,,0.025,0.028,,0.037,0.051,,M032764,Concurrent calibration of the TIMSS 1999 and 2003 eighth-grade mathematics data.,"T03_TR_AppD.pdf (TIMSS 2003 Technical Report, Appendix D)","Exhibit D.1, report page 421",https://timssandpirls.bc.edu/PDF/t03_download/T03_TR_AppD.pdf,https://timssandpirls.bc.edu/timss2003i/technicalD.html,
TIMSS 2003,8,Mathematics,M012006,Comparison of two average scores,Data,Data Interpretation,Using Concepts,multiple_choice,1,3PL,0.583,-0.998,0.248,,,,0.017,0.073,0.023,,,,M012006,Concurrent calibration of the TIMSS 1999 and 2003 eighth-grade mathematics data.,"T03_TR_AppD.pdf (TIMSS 2003 Technical Report, Appendix D)","Exhibit D.1, report page 416",https://timssandpirls.bc.edu/PDF/t03_download/T03_TR_AppD.pdf,https://timssandpirls.bc.edu/timss2003i/technicalD.html,
TIMSS 2003,8,Mathematics,M012014,Pie graph of crop distribution,Data,Data Interpretation,Using Concepts,multiple_choice,1,3PL,0.864,-0.777,0.205,,,,0.027,0.045,0.019,,,,M012014,Concurrent calibration of the TIMSS 1999 and 2003 eighth-grade mathematics data.,"T03_TR_AppD.pdf (TIMSS 2003 Technical Report, Appendix D)","Exhibit D.1, report page 416",https://timssandpirls.bc.edu/PDF/t03_download/T03_TR_AppD.pdf,https://timssandpirls.bc.edu/timss2003i/technicalD.html,
TIMSS 2003,8,Mathematics,M022252,Most likely sector on spinner,Data,Uncertainty and Probability,Reasoning,multiple_choice,1,3PL,1.163,-0.02,0.285,,,,0.051,0.036,0.015,,,,M022252,Concurrent calibration of the TIMSS 1999 and 2003 eighth-grade mathematics data.,"T03_TR_AppD.pdf (TIMSS 2003 Technical Report, Appendix D)","Exhibit D.1, report page 418",https://timssandpirls.bc.edu/PDF/t03_download/T03_TR_AppD.pdf,https://timssandpirls.bc.edu/timss2003i/technicalD.html,
TIMSS 2003,8,Mathematics,M032271,In a school there were 1200 students,Data,Uncertainty and Probability,Reasoning,multiple_choice,1,3PL,1.352,0.36,0.246,,,,0.077,0.034,0.014,,,,M032271,Concurrent calibration of the TIMSS 1999 and 2003 eighth-grade mathematics data.,"T03_TR_AppD.pdf (TIMSS 2003 Technical Report, Appendix D)","Exhibit D.1, report page 419",https://timssandpirls.bc.edu/PDF/t03_download/T03_TR_AppD.pdf,https://timssandpirls.bc.edu/timss2003i/technicalD.html,
TIMSS 2003,8,Mathematics,M022146,Number of students from probability,Data,Uncertainty and Probability,Solving Routine Problems,multiple_choice,1,3PL,1.57,0.026,0.183,,,,0.057,0.021,0.01,,,,M022146,Concurrent calibration of the TIMSS 1999 and 2003 eighth-grade mathematics data.,"T03_TR_AppD.pdf (TIMSS 2003 Technical Report, Appendix D)","Exhibit D.1, report page 417",https://timssandpirls.bc.edu/PDF/t03_download/T03_TR_AppD.pdf,https://timssandpirls.bc.edu/timss2003i/technicalD.html,
TIMSS 2003,8,Mathematics,M032403,Draw a line to divide triangle ABC,Geometry,Congruence and Similarity,Knowing Facts and Procedures,constructed_response,1,2PL,0.936,-0.318,,,,,0.029,0.023,,,,,M032403,Concurrent calibration of the TIMSS 1999 and 2003 eighth-grade mathematics data.,"T03_TR_AppD.pdf (TIMSS 2003 Technical Report, Appendix D)","Exhibit D.1, report page 419",https://timssandpirls.bc.edu/PDF/t03_download/T03_TR_AppD.pdf,https://timssandpirls.bc.edu/timss2003i/technicalD.html,
TIMSS 2003,8,Mathematics,M012015,Property of congruent trapezoids,Geometry,Congruence and Similarity,Reasoning,multiple_choice,1,3PL,0.868,-0.545,0.058,,,,0.021,0.028,0.012,,,,M012015,Concurrent calibration of the TIMSS 1999 and 2003 eighth-grade mathematics data.,"T03_TR_AppD.pdf (TIMSS 2003 Technical Report, Appendix D)","Exhibit D.1, report page 416",https://timssandpirls.bc.edu/PDF/t03_download/T03_TR_AppD.pdf,https://timssandpirls.bc.edu/timss2003i/technicalD.html,
TIMSS 2003,8,Mathematics,M012005,False statement of congruent triangles,Geometry,Congruence and Similarity,Using Concepts,multiple_choice,1,3PL,0.662,-0.315,0.171,,,,0.016,0.038,0.013,,,,M012005,Concurrent calibration of the TIMSS 1999 and 2003 eighth-grade mathematics data.,"T03_TR_AppD.pdf (TIMSS 2003 Technical Report, Appendix D)","Exhibit D.1, report page 416",https://timssandpirls.bc.edu/PDF/t03_download/T03_TR_AppD.pdf,https://timssandpirls.bc.edu/timss2003i/technicalD.html,
TIMSS 2003,8,Mathematics,M032261,Identify similar triangles,Geometry,Congruence and Similarity,Using Concepts,multiple_choice,1,3PL,0.871,0.454,0.173,,,,0.054,0.049,0.018,,,,M032261,Concurrent calibration of the TIMSS 1999 and 2003 eighth-grade mathematics data.,"T03_TR_AppD.pdf (TIMSS 2003 Technical Report, Appendix D)","Exhibit D.1, report page 419",https://timssandpirls.bc.edu/PDF/t03_download/T03_TR_AppD.pdf,https://timssandpirls.bc.edu/timss2003i/technicalD.html,
TIMSS 2003,8,Mathematics,M022142,Sum of angles equal to 180 degrees,Geometry,Lines and Angles,Knowing Facts and Procedures,multiple_choice,1,3PL,1.244,0.37,0.185,,,,0.051,0.025,0.01,,,,M022142,Concurrent calibration of the TIMSS 1999 and 2003 eighth-grade mathematics data.,"T03_TR_AppD.pdf (TIMSS 2003 Technical Report, Appendix D)","Exhibit D.1, report page 417",https://timssandpirls.bc.edu/PDF/t03_download/T03_TR_AppD.pdf,https://timssandpirls.bc.edu/timss2003i/technicalD.html,
TIMSS 2003,8,Mathematics,M022202,Measure of angle in adjacent angles,Geometry,Lines and Angles,Reasoning,constructed_response,1,2PL,0.713,0.66,,,,,0.019,0.025,,,,,M022202,Concurrent calibration of the TIMSS 1999 and 2003 eighth-grade mathematics data.,"T03_TR_AppD.pdf (TIMSS 2003 Technical Report, Appendix D)","Exhibit D.1, report page 418",https://timssandpirls.bc.edu/PDF/t03_download/T03_TR_AppD.pdf,https://timssandpirls.bc.edu/timss2003i/technicalD.html,
TIMSS 2003,8,Mathematics,M012039,Sum of angles from intersecting lines,Geometry,Lines and Angles,Solving Routine Problems,multiple_choice,1,3PL,1.006,0.055,0.167,,,,0.029,0.025,0.01,,,,M012039,Concurrent calibration of the TIMSS 1999 and 2003 eighth-grade mathematics data.,"T03_TR_AppD.pdf (TIMSS 2003 Technical Report, Appendix D)","Exhibit D.1, report page 416",https://timssandpirls.bc.edu/PDF/t03_download/T03_TR_AppD.pdf,https://timssandpirls.bc.edu/timss2003i/technicalD.html,
TIMSS 2003,8,Mathematics,M022016,Point on a line defined by two points,Geometry,Locations and Spatial Relationships,Knowing Facts and Procedures,multiple_choice,1,3PL,0.986,1.078,0.204,,,,0.059,0.034,0.01,,,,M022016,Concurrent calibration of the TIMSS 1999 and 2003 eighth-grade mathematics data.,"T03_TR_AppD.pdf (TIMSS 2003 Technical Report, Appendix D)","Exhibit D.1, report page 417",https://timssandpirls.bc.edu/PDF/t03_download/T03_TR_AppD.pdf,https://timssandpirls.bc.edu/timss2003i/technicalD.html,
TIMSS 2003,8,Mathematics,M032588,"Which point could have coordinates (2, -4)",Geometry,Locations and Spatial Relationships,Knowing Facts and Procedures,multiple_choice,1,3PL,0.781,-0.174,0.2,,,,0.047,0.074,0.027,,,,M032588,Concurrent calibration of the TIMSS 1999 and 2003 eighth-grade mathematics data.,"T03_TR_AppD.pdf (TIMSS 2003 Technical Report, Appendix D)","Exhibit D.1, report page 420",https://timssandpirls.bc.edu/PDF/t03_download/T03_TR_AppD.pdf,https://timssandpirls.bc.edu/timss2003i/technicalD.html,
TIMSS 2003,8,Mathematics,M032489,Which could be folded to make a 3-D figure,Geometry,Locations and Spatial Relationships,Using Concepts,multiple_choice,1,3PL,0.858,-0.697,0.262,,,,0.051,0.086,0.033,,,,M032489,Concurrent calibration of the TIMSS 1999 and 2003 eighth-grade mathematics data.,"T03_TR_AppD.pdf (TIMSS 2003 Technical Report, Appendix D)","Exhibit D.1, report page 419",https://timssandpirls.bc.edu/PDF/t03_download/T03_TR_AppD.pdf,https://timssandpirls.bc.edu/timss2003i/technicalD.html,
TIMSS 2003,8,Mathematics,M022154,Center point of rotation of rectangle,Geometry,Symmetry and Transformations,Reasoning,multiple_choice,1,3PL,0.83,0.224,0.182,,,,0.039,0.044,0.016,,,,M022154,Concurrent calibration of the TIMSS 1999 and 2003 eighth-grade mathematics data.,"T03_TR_AppD.pdf (TIMSS 2003 Technical Report, Appendix D)","Exhibit D.1, report page 418",https://timssandpirls.bc.edu/PDF/t03_download/T03_TR_AppD.pdf,https://timssandpirls.bc.edu/timss2003i/technicalD.html,
TIMSS 2003,8,Mathematics,M032745,Geometry tiling: produce a pattern using letters,Geometry,Symmetry and Transformations,Reasoning,constructed_response,2,GPCM,0.499,2.207,,-1.288,1.288,,0.025,0.104,,0.11,0.157,,M032745,Concurrent calibration of the TIMSS 1999 and 2003 eighth-grade mathematics data.,"T03_TR_AppD.pdf (TIMSS 2003 Technical Report, Appendix D)","Exhibit D.1, report page 421",https://timssandpirls.bc.edu/PDF/t03_download/T03_TR_AppD.pdf,https://timssandpirls.bc.edu/timss2003i/technicalD.html,
TIMSS 2003,8,Mathematics,M032743,Geometry tiling: makes a symmetrical pattern,Geometry,Symmetry and Transformations,Using Concepts,constructed_response,1,2PL,0.575,-0.288,,,,,0.03,0.047,,,,,M032743,Concurrent calibration of the TIMSS 1999 and 2003 eighth-grade mathematics data.,"T03_TR_AppD.pdf (TIMSS 2003 Technical Report, Appendix D)","Exhibit D.1, report page 421",https://timssandpirls.bc.edu/PDF/t03_download/T03_TR_AppD.pdf,https://timssandpirls.bc.edu/timss2003i/technicalD.html,
TIMSS 2003,8,Mathematics,M012026,Angle in overlapping congruent triangles,Geometry,Two- and Three-Dimensional Shapes,Solving Routine Problems,multiple_choice,1,3PL,1.108,0.26,0.167,,,,0.032,0.021,0.009,,,,M012026,Concurrent calibration of the TIMSS 1999 and 2003 eighth-grade mathematics data.,"T03_TR_AppD.pdf (TIMSS 2003 Technical Report, Appendix D)","Exhibit D.1, report page 416",https://timssandpirls.bc.edu/PDF/t03_download/T03_TR_AppD.pdf,https://timssandpirls.bc.edu/timss2003i/technicalD.html,
TIMSS 2003,8,Mathematics,M032693,The angle by a regular hexagon,Geometry,Two- and Three-Dimensional Shapes,Solving Routine Problems,constructed_response,1,2PL,0.674,0.505,,,,,0.024,0.032,,,,,M032693,Concurrent calibration of the TIMSS 1999 and 2003 eighth-grade mathematics data.,"T03_TR_AppD.pdf (TIMSS 2003 Technical Report, Appendix D)","Exhibit D.1, report page 420",https://timssandpirls.bc.edu/PDF/t03_download/T03_TR_AppD.pdf,https://timssandpirls.bc.edu/timss2003i/technicalD.html,
TIMSS 2003,8,Mathematics,M032689,The size of angle PRQ,Geometry,Two- and Three-Dimensional Shapes,Using Concepts,multiple_choice,1,3PL,0.662,1.012,0.296,,,,0.069,0.084,0.023,,,,M032689,Concurrent calibration of the TIMSS 1999 and 2003 eighth-grade mathematics data.,"T03_TR_AppD.pdf (TIMSS 2003 Technical Report, Appendix D)","Exhibit D.1, report page 420",https://timssandpirls.bc.edu/PDF/t03_download/T03_TR_AppD.pdf,https://timssandpirls.bc.edu/timss2003i/technicalD.html,
TIMSS 2003,8,Mathematics,M022005,250 ml bottles filled by 400 liters,Measurement,Attributes and Units,Knowing Facts and Procedures,multiple_choice,1,3PL,1.06,1.079,0.275,,,,0.069,0.036,0.01,,,,M022005,Concurrent calibration of the TIMSS 1999 and 2003 eighth-grade mathematics data.,"T03_TR_AppD.pdf (TIMSS 2003 Technical Report, Appendix D)","Exhibit D.1, report page 416",https://timssandpirls.bc.edu/PDF/t03_download/T03_TR_AppD.pdf,https://timssandpirls.bc.edu/timss2003i/technicalD.html,
TIMSS 2003,8,Mathematics,M022188,Which is least amount of time,Measurement,Attributes and Units,Knowing Facts and Procedures,multiple_choice,1,3PL,0.755,0.83,0.241,,,,0.048,0.049,0.015,,,,M022188,Concurrent calibration of the TIMSS 1999 and 2003 eighth-grade mathematics data.,"T03_TR_AppD.pdf (TIMSS 2003 Technical Report, Appendix D)","Exhibit D.1, report page 418",https://timssandpirls.bc.edu/PDF/t03_download/T03_TR_AppD.pdf,https://timssandpirls.bc.edu/timss2003i/technicalD.html,
TIMSS 2003,8,Mathematics,M032699,The unit used for a soccer field,Measurement,Attributes and Units,Knowing Facts and Procedures,multiple_choice,1,3PL,0.639,-0.846,0.332,,,,0.048,0.163,0.048,,,,M032699,Concurrent calibration of the TIMSS 1999 and 2003 eighth-grade mathematics data.,"T03_TR_AppD.pdf (TIMSS 2003 Technical Report, Appendix D)","Exhibit D.1, report page 420",https://timssandpirls.bc.edu/PDF/t03_download/T03_TR_AppD.pdf,https://timssandpirls.bc.edu/timss2003i/technicalD.html,
TIMSS 2003,8,Mathematics,M032732,Measure of the area of a triangle,Measurement,Attributes and Units,Knowing Facts and Procedures,multiple_choice,1,3PL,0.881,0.086,0.26,,,,0.081,0.087,0.032,,,,M032732,Concurrent calibration of the TIMSS 1999 and 2003 eighth-grade mathematics data.,"T03_TR_AppD.pdf (TIMSS 2003 Technical Report, Appendix D)","Exhibit D.1, report page 421",https://timssandpirls.bc.edu/PDF/t03_download/T03_TR_AppD.pdf,https://timssandpirls.bc.edu/timss2003i/technicalD.html,
TIMSS 2003,8,Mathematics,M012003,Actual length of box from rounded measure,Measurement,"Tools, Techniques, and Formulas",Knowing Facts and Procedures,multiple_choice,1,3PL,0.911,-0.197,0.073,,,,0.016,0.017,0.007,,,,M012003,Concurrent calibration of the TIMSS 1999 and 2003 eighth-grade mathematics data.,"T03_TR_AppD.pdf (TIMSS 2003 Technical Report, Appendix D)","Exhibit D.1, report page 416",https://timssandpirls.bc.edu/PDF/t03_download/T03_TR_AppD.pdf,https://timssandpirls.bc.edu/timss2003i/technicalD.html,
TIMSS 2003,8,Mathematics,M012038,Length of pipe from meter scale,Measurement,"Tools, Techniques, and Formulas",Knowing Facts and Procedures,multiple_choice,1,3PL,0.983,-0.299,0.355,,,,0.035,0.04,0.014,,,,M012038,Concurrent calibration of the TIMSS 1999 and 2003 eighth-grade mathematics data.,"T03_TR_AppD.pdf (TIMSS 2003 Technical Report, Appendix D)","Exhibit D.1, report page 416",https://timssandpirls.bc.edu/PDF/t03_download/T03_TR_AppD.pdf,https://timssandpirls.bc.edu/timss2003i/technicalD.html,
TIMSS 2003,8,Mathematics,M022021,Area of paved walkway around pool,Measurement,"Tools, Techniques, and Formulas",Knowing Facts and Procedures,multiple_choice,1,3PL,1.579,0.387,0.141,,,,0.059,0.019,0.008,,,,M022021,Concurrent calibration of the TIMSS 1999 and 2003 eighth-grade mathematics data.,"T03_TR_AppD.pdf (TIMSS 2003 Technical Report, Appendix D)","Exhibit D.1, report page 417",https://timssandpirls.bc.edu/PDF/t03_download/T03_TR_AppD.pdf,https://timssandpirls.bc.edu/timss2003i/technicalD.html,
TIMSS 2003,8,Mathematics,M032647,Oranges are packed in boxes,Measurement,"Tools, Techniques, and Formulas",Reasoning,multiple_choice,1,3PL,0.857,1.342,0.334,,,,0.095,0.067,0.016,,,,M032647,Concurrent calibration of the TIMSS 1999 and 2003 eighth-grade mathematics data.,"T03_TR_AppD.pdf (TIMSS 2003 Technical Report, Appendix D)","Exhibit D.1, report page 420",https://timssandpirls.bc.edu/PDF/t03_download/T03_TR_AppD.pdf,https://timssandpirls.bc.edu/timss2003i/technicalD.html,
TIMSS 2003,8,Mathematics,M012030,Length of rectangle from width/perimeter,Measurement,"Tools, Techniques, and Formulas",Solving Routine Problems,multiple_choice,1,3PL,1.275,0.491,0.135,,,,0.036,0.016,0.006,,,,M012030,Concurrent calibration of the TIMSS 1999 and 2003 eighth-grade mathematics data.,"T03_TR_AppD.pdf (TIMSS 2003 Technical Report, Appendix D)","Exhibit D.1, report page 416",https://timssandpirls.bc.edu/PDF/t03_download/T03_TR_AppD.pdf,https://timssandpirls.bc.edu/timss2003i/technicalD.html,
TIMSS 2003,8,Mathematics,M022148,Time when finish homework,Measurement,"Tools, Techniques, and Formulas",Solving Routine Problems,constructed_response,1,2PL,0.967,-0.131,,,,,0.022,0.017,,,,,M022148,Concurrent calibration of the TIMSS 1999 and 2003 eighth-grade mathematics data.,"T03_TR_AppD.pdf (TIMSS 2003 Technical Report, Appendix D)","Exhibit D.1, report page 417",https://timssandpirls.bc.edu/PDF/t03_download/T03_TR_AppD.pdf,https://timssandpirls.bc.edu/timss2003i/technicalD.html,
TIMSS 2003,8,Mathematics,M022227A,5 squares: area of one square,Measurement,"Tools, Techniques, and Formulas",Solving Routine Problems,constructed_response,1,2PL,1.038,-0.444,,,,,0.024,0.017,,,,,M022227A,Concurrent calibration of the TIMSS 1999 and 2003 eighth-grade mathematics data.,"T03_TR_AppD.pdf (TIMSS 2003 Technical Report, Appendix D)","Exhibit D.1, report page 418",https://timssandpirls.bc.edu/PDF/t03_download/T03_TR_AppD.pdf,https://timssandpirls.bc.edu/timss2003i/technicalD.html,
TIMSS 2003,8,Mathematics,M022227B,5 squares: length of one side,Measurement,"Tools, Techniques, and Formulas",Solving Routine Problems,constructed_response,1,2PL,1.362,0.402,,,,,0.032,0.014,,,,,M022227B,Concurrent calibration of the TIMSS 1999 and 2003 eighth-grade mathematics data.,"T03_TR_AppD.pdf (TIMSS 2003 Technical Report, Appendix D)","Exhibit D.1, report page 418",https://timssandpirls.bc.edu/PDF/t03_download/T03_TR_AppD.pdf,https://timssandpirls.bc.edu/timss2003i/technicalD.html,
TIMSS 2003,8,Mathematics,M022227C,5 squares: perimeter whole figure,Measurement,"Tools, Techniques, and Formulas",Solving Routine Problems,constructed_response,1,2PL,1.256,0.803,,,,,0.032,0.017,,,,,M022227C,Concurrent calibration of the TIMSS 1999 and 2003 eighth-grade mathematics data.,"T03_TR_AppD.pdf (TIMSS 2003 Technical Report, Appendix D)","Exhibit D.1, report page 418",https://timssandpirls.bc.edu/PDF/t03_download/T03_TR_AppD.pdf,https://timssandpirls.bc.edu/timss2003i/technicalD.html,
TIMSS 2003,8,Mathematics,M032649A,Car rally: average speed,Measurement,"Tools, Techniques, and Formulas",Solving Routine Problems,constructed_response,1,2PL,0.949,0.258,,,,,0.029,0.023,,,,,M032649A,Concurrent calibration of the TIMSS 1999 and 2003 eighth-grade mathematics data.,"T03_TR_AppD.pdf (TIMSS 2003 Technical Report, Appendix D)","Exhibit D.1, report page 420",https://timssandpirls.bc.edu/PDF/t03_download/T03_TR_AppD.pdf,https://timssandpirls.bc.edu/timss2003i/technicalD.html,
TIMSS 2003,8,Mathematics,M032649B,Car rally: average speed for one section,Measurement,"Tools, Techniques, and Formulas",Reasoning,constructed_response,1,2PL,1.174,1.009,,,,,0.04,0.026,,,,,M032649B,Concurrent calibration of the TIMSS 1999 and 2003 eighth-grade mathematics data.,"T03_TR_AppD.pdf (TIMSS 2003 Technical Report, Appendix D)","Exhibit D.1, report page 420",https://timssandpirls.bc.edu/PDF/t03_download/T03_TR_AppD.pdf,https://timssandpirls.bc.edu/timss2003i/technicalD.html,
TIMSS 2003,8,Mathematics,M012013,Volumes of stacks of blocks,Measurement,"Tools, Techniques, and Formulas",Using Concepts,multiple_choice,1,3PL,1.231,0.136,0.193,,,,0.035,0.02,0.009,,,,M012013,Concurrent calibration of the TIMSS 1999 and 2003 eighth-grade mathematics data.,"T03_TR_AppD.pdf (TIMSS 2003 Technical Report, Appendix D)","Exhibit D.1, report page 416",https://timssandpirls.bc.edu/PDF/t03_download/T03_TR_AppD.pdf,https://timssandpirls.bc.edu/timss2003i/technicalD.html,
TIMSS 2003,8,Mathematics,M032678,The area of the rectangle ABCD,Measurement,"Tools, Techniques, and Formulas",Using Concepts,multiple_choice,1,3PL,1.469,0.213,0.066,,,,0.06,0.022,0.009,,,,M032678,Concurrent calibration of the TIMSS 1999 and 2003 eighth-grade mathematics data.,"T03_TR_AppD.pdf (TIMSS 2003 Technical Report, Appendix D)","Exhibit D.1, report page 420",https://timssandpirls.bc.edu/PDF/t03_download/T03_TR_AppD.pdf,https://timssandpirls.bc.edu/timss2003i/technicalD.html,
TIMSS 2003,8,Mathematics,M012016,Pair of numbers bracketing 2.25,Number,Fractions and Decimals,Knowing Facts and Procedures,multiple_choice,1,3PL,1.369,0.891,0.409,,,,0.064,0.024,0.007,,,,M012016,Concurrent calibration of the TIMSS 1999 and 2003 eighth-grade mathematics data.,"T03_TR_AppD.pdf (TIMSS 2003 Technical Report, Appendix D)","Exhibit D.1, report page 416",https://timssandpirls.bc.edu/PDF/t03_download/T03_TR_AppD.pdf,https://timssandpirls.bc.edu/timss2003i/technicalD.html,
TIMSS 2003,8,Mathematics,M022156,Scoops of flour needed to fill bag,Number,Fractions and Decimals,Knowing Facts and Procedures,constructed_response,1,2PL,1.195,0.079,,,,,0.027,0.014,,,,,M022156,Concurrent calibration of the TIMSS 1999 and 2003 eighth-grade mathematics data.,"T03_TR_AppD.pdf (TIMSS 2003 Technical Report, Appendix D)","Exhibit D.1, report page 418",https://timssandpirls.bc.edu/PDF/t03_download/T03_TR_AppD.pdf,https://timssandpirls.bc.edu/timss2003i/technicalD.html,
TIMSS 2003,8,Mathematics,M022199,Addition/multiplication with fractions,Number,Fractions and Decimals,Knowing Facts and Procedures,multiple_choice,1,3PL,1.352,0.51,0.211,,,,0.059,0.025,0.001,,,,M022199,Concurrent calibration of the TIMSS 1999 and 2003 eighth-grade mathematics data.,"T03_TR_AppD.pdf (TIMSS 2003 Technical Report, Appendix D)","Exhibit D.1, report page 418",https://timssandpirls.bc.edu/PDF/t03_download/T03_TR_AppD.pdf,https://timssandpirls.bc.edu/timss2003i/technicalD.html,
TIMSS 2003,8,Mathematics,M022191,Number of men/women at meeting,Number,Fractions and Decimals,Reasoning,multiple_choice,1,3PL,0.801,-0.272,0.202,,,,0.036,0.056,0.021,,,,M022191,Concurrent calibration of the TIMSS 1999 and 2003 eighth-grade mathematics data.,"T03_TR_AppD.pdf (TIMSS 2003 Technical Report, Appendix D)","Exhibit D.1, report page 418",https://timssandpirls.bc.edu/PDF/t03_download/T03_TR_AppD.pdf,https://timssandpirls.bc.edu/timss2003i/technicalD.html,
TIMSS 2003,8,Mathematics,M012027,Fraction of hour between two time points,Number,Fractions and Decimals,Solving Routine Problems,multiple_choice,1,3PL,1.235,0.231,0.234,,,,0.038,0.021,0.009,,,,M012027,Concurrent calibration of the TIMSS 1999 and 2003 eighth-grade mathematics data.,"T03_TR_AppD.pdf (TIMSS 2003 Technical Report, Appendix D)","Exhibit D.1, report page 416",https://timssandpirls.bc.edu/PDF/t03_download/T03_TR_AppD.pdf,https://timssandpirls.bc.edu/timss2003i/technicalD.html,
TIMSS 2003,8,Mathematics,M012041,Fraction birthdays in first half of year,Number,Fractions and Decimals,Solving Routine Problems,multiple_choice,1,3PL,1.046,-0.112,0.122,,,,0.027,0.023,0.001,,,,M012041,Concurrent calibration of the TIMSS 1999 and 2003 eighth-grade mathematics data.,"T03_TR_AppD.pdf (TIMSS 2003 Technical Report, Appendix D)","Exhibit D.1, report page 416",https://timssandpirls.bc.edu/PDF/t03_download/T03_TR_AppD.pdf,https://timssandpirls.bc.edu/timss2003i/technicalD.html,
TIMSS 2003,8,Mathematics,M022004,4/5 of books more than 2/3,Number,Fractions and Decimals,Solving Routine Problems,multiple_choice,1,3PL,1.44,0.462,0.289,,,,0.067,0.026,0.01,,,,M022004,Concurrent calibration of the TIMSS 1999 and 2003 eighth-grade mathematics data.,"T03_TR_AppD.pdf (TIMSS 2003 Technical Report, Appendix D)","Exhibit D.1, report page 416",https://timssandpirls.bc.edu/PDF/t03_download/T03_TR_AppD.pdf,https://timssandpirls.bc.edu/timss2003i/technicalD.html,
TIMSS 2003,8,Mathematics,M022010,Time for Betty to run race,Number,Fractions and Decimals,Solving Routine Problems,multiple_choice,1,3PL,0.79,-0.596,0.118,,,,0.031,0.053,0.022,,,,M022010,Concurrent calibration of the TIMSS 1999 and 2003 eighth-grade mathematics data.,"T03_TR_AppD.pdf (TIMSS 2003 Technical Report, Appendix D)","Exhibit D.1, report page 417",https://timssandpirls.bc.edu/PDF/t03_download/T03_TR_AppD.pdf,https://timssandpirls.bc.edu/timss2003i/technicalD.html,
TIMSS 2003,8,Mathematics,M022127,Fuel remaining in tank at end of trip,Number,Fractions and Decimals,Solving Routine Problems,multiple_choice,1,3PL,1.33,1.157,0.182,,,,0.076,0.027,0.008,,,,M022127,Concurrent calibration of the TIMSS 1999 and 2003 eighth-grade mathematics data.,"T03_TR_AppD.pdf (TIMSS 2003 Technical Report, Appendix D)","Exhibit D.1, report page 417",https://timssandpirls.bc.edu/PDF/t03_download/T03_TR_AppD.pdf,https://timssandpirls.bc.edu/timss2003i/technicalD.html,
TIMSS 2003,8,Mathematics,M032079,John and Cathy to divide a number by 100,Number,Fractions and Decimals,Solving Routine Problems,multiple_choice,1,3PL,0.997,1.005,0.184,,,,0.071,0.043,0.013,,,,M032079,Concurrent calibration of the TIMSS 1999 and 2003 eighth-grade mathematics data.,"T03_TR_AppD.pdf (TIMSS 2003 Technical Report, Appendix D)","Exhibit D.1, report page 419",https://timssandpirls.bc.edu/PDF/t03_download/T03_TR_AppD.pdf,https://timssandpirls.bc.edu/timss2003i/technicalD.html,
TIMSS 2003,8,Mathematics,M012001,Number of squares in shaded fraction,Number,Fractions and Decimals,Using Concepts,multiple_choice,1,3PL,1.466,0.03,0.154,,,,0.025,0.011,0.005,,,,M012001,Concurrent calibration of the TIMSS 1999 and 2003 eighth-grade mathematics data.,"T03_TR_AppD.pdf (TIMSS 2003 Technical Report, Appendix D)","Exhibit D.1, report page 416",https://timssandpirls.bc.edu/PDF/t03_download/T03_TR_AppD.pdf,https://timssandpirls.bc.edu/timss2003i/technicalD.html,
TIMSS 2003,8,Mathematics,M022012,Fraction less than 4/9,Number,Fractions and Decimals,Using Concepts,constructed_response,1,2PL,0.518,-0.567,,,,,0.015,0.029,,,,,M022012,Concurrent calibration of the TIMSS 1999 and 2003 eighth-grade mathematics data.,"T03_TR_AppD.pdf (TIMSS 2003 Technical Report, Appendix D)","Exhibit D.1, report page 417",https://timssandpirls.bc.edu/PDF/t03_download/T03_TR_AppD.pdf,https://timssandpirls.bc.edu/timss2003i/technicalD.html,
TIMSS 2003,8,Mathematics,M022144,Decimal rounded to nearest hundredth,Number,Fractions and Decimals,Using Concepts,multiple_choice,1,3PL,0.66,0.653,0.222,,,,0.043,0.06,0.019,,,,M022144,Concurrent calibration of the TIMSS 1999 and 2003 eighth-grade mathematics data.,"T03_TR_AppD.pdf (TIMSS 2003 Technical Report, Appendix D)","Exhibit D.1, report page 417",https://timssandpirls.bc.edu/PDF/t03_download/T03_TR_AppD.pdf,https://timssandpirls.bc.edu/timss2003i/technicalD.html,
TIMSS 2003,8,Mathematics,M022198,Decimals ordered greatest to least,Number,Fractions and Decimals,Using Concepts,multiple_choice,1,3PL,1.163,0.652,0.234,,,,0.057,0.029,0.01,,,,M022198,Concurrent calibration of the TIMSS 1999 and 2003 eighth-grade mathematics data.,"T03_TR_AppD.pdf (TIMSS 2003 Technical Report, Appendix D)","Exhibit D.1, report page 418",https://timssandpirls.bc.edu/PDF/t03_download/T03_TR_AppD.pdf,https://timssandpirls.bc.edu/timss2003i/technicalD.html,
TIMSS 2003,8,Mathematics,M032670,The number closest to 10,Number,Fractions and Decimals,Using Concepts,multiple_choice,1,3PL,0.75,-1.667,0.13,,,,0.051,0.13,0.052,,,,M032670,Concurrent calibration of the TIMSS 1999 and 2003 eighth-grade mathematics data.,"T03_TR_AppD.pdf (TIMSS 2003 Technical Report, Appendix D)","Exhibit D.1, report page 420",https://timssandpirls.bc.edu/PDF/t03_download/T03_TR_AppD.pdf,https://timssandpirls.bc.edu/timss2003i/technicalD.html,
TIMSS 2003,8,Mathematics,M032612,The value of 1 minus 5 times -2,Number,Integers,Knowing Facts and Procedures,multiple_choice,1,3PL,0.887,0.655,0.133,,,,0.054,0.043,0.015,,,,M032612,Concurrent calibration of the TIMSS 1999 and 2003 eighth-grade mathematics data.,"T03_TR_AppD.pdf (TIMSS 2003 Technical Report, Appendix D)","Exhibit D.1, report page 420",https://timssandpirls.bc.edu/PDF/t03_download/T03_TR_AppD.pdf,https://timssandpirls.bc.edu/timss2003i/technicalD.html,
TIMSS 2003,8,Mathematics,M032643,If n is a negative integer,Number,Integers,Using Concepts,multiple_choice,1,3PL,1.133,0.539,0.17,,,,0.064,0.036,0.014,,,,M032643,Concurrent calibration of the TIMSS 1999 and 2003 eighth-grade mathematics data.,"T03_TR_AppD.pdf (TIMSS 2003 Technical Report, Appendix D)","Exhibit D.1, report page 420",https://timssandpirls.bc.edu/PDF/t03_download/T03_TR_AppD.pdf,https://timssandpirls.bc.edu/timss2003i/technicalD.html,
TIMSS 2003,8,Mathematics,M022139,Percent decrease in travel time,Number,"Ratio, Proportions, and Percent",Knowing Facts and Procedures,multiple_choice,1,3PL,1.236,0.945,0.157,,,,0.059,0.025,0.008,,,,M022139,Concurrent calibration of the TIMSS 1999 and 2003 eighth-grade mathematics data.,"T03_TR_AppD.pdf (TIMSS 2003 Technical Report, Appendix D)","Exhibit D.1, report page 417",https://timssandpirls.bc.edu/PDF/t03_download/T03_TR_AppD.pdf,https://timssandpirls.bc.edu/timss2003i/technicalD.html,
TIMSS 2003,8,Mathematics,M032447,The ratio of the shaded area to the unshaded,Number,"Ratio, Proportions, and Percent",Knowing Facts and Procedures,multiple_choice,1,3PL,1.237,0.391,0.189,,,,0.097,0.047,0.019,,,,M032447,Concurrent calibration of the TIMSS 1999 and 2003 eighth-grade mathematics data.,"T03_TR_AppD.pdf (TIMSS 2003 Technical Report, Appendix D)","Exhibit D.1, report page 419",https://timssandpirls.bc.edu/PDF/t03_download/T03_TR_AppD.pdf,https://timssandpirls.bc.edu/timss2003i/technicalD.html,
TIMSS 2003,8,Mathematics,M032233,A computer club had 40 members,Number,"Ratio, Proportions, and Percent",Reasoning,constructed_response,2,GPCM,0.948,1.0,,-0.586,0.586,,0.033,0.028,,0.052,0.062,,M032233,Concurrent calibration of the TIMSS 1999 and 2003 eighth-grade mathematics data.,"T03_TR_AppD.pdf (TIMSS 2003 Technical Report, Appendix D)","Exhibit D.1, report page 419",https://timssandpirls.bc.edu/PDF/t03_download/T03_TR_AppD.pdf,https://timssandpirls.bc.edu/timss2003i/technicalD.html,
TIMSS 2003,8,Mathematics,M012004,Laps run by Carol and Alice from ratio,Number,"Ratio, Proportions, and Percent",Solving Routine Problems,multiple_choice,1,3PL,1.139,0.643,0.319,,,,0.03,0.017,0.006,,,,M012004,Concurrent calibration of the TIMSS 1999 and 2003 eighth-grade mathematics data.,"T03_TR_AppD.pdf (TIMSS 2003 Technical Report, Appendix D)","Exhibit D.1, report page 416",https://timssandpirls.bc.edu/PDF/t03_download/T03_TR_AppD.pdf,https://timssandpirls.bc.edu/timss2003i/technicalD.html,
TIMSS 2003,8,Mathematics,M032228,A shop increased its prices by 20%,Number,"Ratio, Proportions, and Percent",Solving Routine Problems,multiple_choice,1,3PL,1.175,0.136,0.191,,,,0.061,0.038,0.016,,,,M032228,Concurrent calibration of the TIMSS 1999 and 2003 eighth-grade mathematics data.,"T03_TR_AppD.pdf (TIMSS 2003 Technical Report, Appendix D)","Exhibit D.1, report page 419",https://timssandpirls.bc.edu/PDF/t03_download/T03_TR_AppD.pdf,https://timssandpirls.bc.edu/timss2003i/technicalD.html,
TIMSS 2003,8,Mathematics,M032533,A machine uses 2.4 liters of gasoline,Number,"Ratio, Proportions, and Percent",Solving Routine Problems,multiple_choice,1,3PL,1.315,0.157,0.176,,,,0.065,0.032,0.014,,,,M032533,Concurrent calibration of the TIMSS 1999 and 2003 eighth-grade mathematics data.,"T03_TR_AppD.pdf (TIMSS 2003 Technical Report, Appendix D)","Exhibit D.1, report page 420",https://timssandpirls.bc.edu/PDF/t03_download/T03_TR_AppD.pdf,https://timssandpirls.bc.edu/timss2003i/technicalD.html,
TIMSS 2003,8,Mathematics,M032727,"Three brothers receive 45,000 zeds",Number,"Ratio, Proportions, and Percent",Solving Routine Problems,multiple_choice,1,3PL,1.412,0.379,0.217,,,,0.111,0.043,0.018,,,,M032727,Concurrent calibration of the TIMSS 1999 and 2003 eighth-grade mathematics data.,"T03_TR_AppD.pdf (TIMSS 2003 Technical Report, Appendix D)","Exhibit D.1, report page 420",https://timssandpirls.bc.edu/PDF/t03_download/T03_TR_AppD.pdf,https://timssandpirls.bc.edu/timss2003i/technicalD.html,
TIMSS 2003,8,Mathematics,M032570,3/25 of the people in the audience were children,Number,"Ratio, Proportions, and Percent",Using Concepts,multiple_choice,1,3PL,1.434,0.289,0.334,,,,0.088,0.038,0.015,,,,M032570,Concurrent calibration of the TIMSS 1999 and 2003 eighth-grade mathematics data.,"T03_TR_AppD.pdf (TIMSS 2003 Technical Report, Appendix D)","Exhibit D.1, report page 420",https://timssandpirls.bc.edu/PDF/t03_download/T03_TR_AppD.pdf,https://timssandpirls.bc.edu/timss2003i/technicalD.html,
TIMSS 2003,8,Mathematics,M032609,The closest to 11 squared plus 9 squared,Number,Whole Numbers,Knowing Facts and Procedures,multiple_choice,1,3PL,0.799,-0.707,0.114,,,,0.054,0.088,0.035,,,,M032609,Concurrent calibration of the TIMSS 1999 and 2003 eighth-grade mathematics data.,"T03_TR_AppD.pdf (TIMSS 2003 Technical Report, Appendix D)","Exhibit D.1, report page 420",https://timssandpirls.bc.edu/PDF/t03_download/T03_TR_AppD.pdf,https://timssandpirls.bc.edu/timss2003i/technicalD.html,
TIMSS 2003,8,Mathematics,M032690,Which equals 370 times 998 plus 370 times 2,Number,Whole Numbers,Knowing Facts and Procedures,multiple_choice,1,3PL,0.814,0.711,0.163,,,,0.08,0.07,0.023,,,,M032690,Concurrent calibration of the TIMSS 1999 and 2003 eighth-grade mathematics data.,"T03_TR_AppD.pdf (TIMSS 2003 Technical Report, Appendix D)","Exhibit D.1, report page 420",https://timssandpirls.bc.edu/PDF/t03_download/T03_TR_AppD.pdf,https://timssandpirls.bc.edu/timss2003i/technicalD.html,
TIMSS 2003,8,Mathematics,M012028,Arrangements of 4-digit whole numbers,Number,Whole Numbers,Solving Routine Problems,multiple_choice,1,3PL,1.013,-0.498,0.154,,,,0.027,0.029,0.013,,,,M012028,Concurrent calibration of the TIMSS 1999 and 2003 eighth-grade mathematics data.,"T03_TR_AppD.pdf (TIMSS 2003 Technical Report, Appendix D)","Exhibit D.1, report page 416",https://timssandpirls.bc.edu/PDF/t03_download/T03_TR_AppD.pdf,https://timssandpirls.bc.edu/timss2003i/technicalD.html,
TIMSS 2003,8,Mathematics,M022194,Approximate number of magazines sold,Number,Whole Numbers,Solving Routine Problems,multiple_choice,1,3PL,0.819,0.181,0.173,,,,0.038,0.044,0.016,,,,M022194,Concurrent calibration of the TIMSS 1999 and 2003 eighth-grade mathematics data.,"T03_TR_AppD.pdf (TIMSS 2003 Technical Report, Appendix D)","Exhibit D.1, report page 418",https://timssandpirls.bc.edu/PDF/t03_download/T03_TR_AppD.pdf,https://timssandpirls.bc.edu/timss2003i/technicalD.html,
TIMSS 2003,8,Mathematics,M032652,The teachers plan to send 6 newsletters per year,Number,Whole Numbers,Solving Routine Problems,constructed_response,1,2PL,1.24,0.797,,,,,0.04,0.022,,,,,M032652,Concurrent calibration of the TIMSS 1999 and 2003 eighth-grade mathematics data.,"T03_TR_AppD.pdf (TIMSS 2003 Technical Report, Appendix D)","Exhibit D.1, report page 420",https://timssandpirls.bc.edu/PDF/t03_download/T03_TR_AppD.pdf,https://timssandpirls.bc.edu/timss2003i/technicalD.html,
TIMSS 2003,8,Mathematics,M032671,Garden with 14 rows of 20 plants each,Number,Whole Numbers,Solving Routine Problems,constructed_response,1,2PL,0.779,-0.804,,,,,0.025,0.031,,,,,M032671,Concurrent calibration of the TIMSS 1999 and 2003 eighth-grade mathematics data.,"T03_TR_AppD.pdf (TIMSS 2003 Technical Report, Appendix D)","Exhibit D.1, report page 420",https://timssandpirls.bc.edu/PDF/t03_download/T03_TR_AppD.pdf,https://timssandpirls.bc.edu/timss2003i/technicalD.html,
TIMSS 2007,4,Mathematics,M031286,762 cars parked in 6 equal rows,Number,Whole Numbers,Knowing,constructed_response,1,2PL,1.01868,0.23098,,,,,0.05735,0.03658,,,,,MZ31286,"Concurrent calibration of the TIMSS 2003 data, 2007 bridging data, and 2007 data (fourth-grade mathematics).",T07_Items.zip > T07_Items/T07_ItemParameters_Overall.xls,"sheet G4-MAT, rows with MZ IDs",https://timssandpirls.bc.edu/TIMSS2007/PDF/T07_Items.zip,https://timssandpirls.bc.edu/TIMSS2007/idb_ug.html,
TIMSS 2007,4,Mathematics,M031106,Mano's missing digit,Number,Whole Numbers,Reasoning,constructed_response,1,2PL,0.99232,0.10924,,,,,0.05574,0.03721,,,,,MZ31106,"Concurrent calibration of the TIMSS 2003 data, 2007 bridging data, and 2007 data (fourth-grade mathematics).",T07_Items.zip > T07_Items/T07_ItemParameters_Overall.xls,"sheet G4-MAT, rows with MZ IDs",https://timssandpirls.bc.edu/TIMSS2007/PDF/T07_Items.zip,https://timssandpirls.bc.edu/TIMSS2007/idb_ug.html,
TIMSS 2007,4,Mathematics,M031282,Number of boys and girls in a school,Number,Whole Numbers,Reasoning,constructed_response,2,GPCM,0.8835,0.72914,,-0.62909,0.62909,,0.03589,0.02921,,0.06296,0.06953,,MZ31282,"Concurrent calibration of the TIMSS 2003 data, 2007 bridging data, and 2007 data (fourth-grade mathematics).",T07_Items.zip > T07_Items/T07_ItemParameters_Overall.xls,"sheet G4-MAT, rows with MZ IDs",https://timssandpirls.bc.edu/TIMSS2007/PDF/T07_Items.zip,https://timssandpirls.bc.edu/TIMSS2007/idb_ug.html,
TIMSS 2007,4,Mathematics,M031227,Sean's rule to transform numbers,Number,Patterns and Relationships,Reasoning,constructed_response,1,2PL,1.17007,1.06105,,,,,0.07548,0.04785,,,,,MZ31227,"Concurrent calibration of the TIMSS 2003 data, 2007 bridging data, and 2007 data (fourth-grade mathematics).",T07_Items.zip > T07_Items/T07_ItemParameters_Overall.xls,"sheet G4-MAT, rows with MZ IDs",https://timssandpirls.bc.edu/TIMSS2007/PDF/T07_Items.zip,https://timssandpirls.bc.edu/TIMSS2007/idb_ug.html,
TIMSS 2007,4,Mathematics,M031335,Temperature increase at 9am,Number,Whole Numbers,Reasoning,multiple_choice,1,3PL,1.21022,-0.03487,0.20784,,,,0.10702,0.06669,0.02997,,,,MZ31335,"Concurrent calibration of the TIMSS 2003 data, 2007 bridging data, and 2007 data (fourth-grade mathematics).",T07_Items.zip > T07_Items/T07_ItemParameters_Overall.xls,"sheet G4-MAT, rows with MZ IDs",https://timssandpirls.bc.edu/TIMSS2007/PDF/T07_Items.zip,https://timssandpirls.bc.edu/TIMSS2007/idb_ug.html,
TIMSS 2007,4,Mathematics,M031068,"Time Don, Rob, Lynn to leave school",Number,Whole Numbers,Reasoning,constructed_response,1,2PL,1.3247,0.23873,,,,,0.07129,0.03029,,,,,MZ31068,"Concurrent calibration of the TIMSS 2003 data, 2007 bridging data, and 2007 data (fourth-grade mathematics).",T07_Items.zip > T07_Items/T07_ItemParameters_Overall.xls,"sheet G4-MAT, rows with MZ IDs",https://timssandpirls.bc.edu/TIMSS2007/PDF/T07_Items.zip,https://timssandpirls.bc.edu/TIMSS2007/idb_ug.html,
TIMSS 2007,4,Mathematics,M031299,Water in bottle after pouring 250 ml,Number,Whole Numbers,Applying,constructed_response,1,2PL,1.28159,-0.02111,,,,,0.06861,0.03164,,,,,MZ31299,"Concurrent calibration of the TIMSS 2003 data, 2007 bridging data, and 2007 data (fourth-grade mathematics).",T07_Items.zip > T07_Items/T07_ItemParameters_Overall.xls,"sheet G4-MAT, rows with MZ IDs",https://timssandpirls.bc.edu/TIMSS2007/PDF/T07_Items.zip,https://timssandpirls.bc.edu/TIMSS2007/idb_ug.html,
TIMSS 2007,4,Mathematics,M031301,Al wanted to weigh his cat,Number,Whole Numbers,Applying,constructed_response,1,2PL,1.09155,-0.62605,,,,,0.06131,0.04346,,,,,MZ31301,"Concurrent calibration of the TIMSS 2003 data, 2007 bridging data, and 2007 data (fourth-grade mathematics).",T07_Items.zip > T07_Items/T07_ItemParameters_Overall.xls,"sheet G4-MAT, rows with MZ IDs",https://timssandpirls.bc.edu/TIMSS2007/PDF/T07_Items.zip,https://timssandpirls.bc.edu/TIMSS2007/idb_ug.html,
TIMSS 2007,4,Mathematics,M031271,The square is cut into 7 pieces,Geometric Shapes and Measures,Two- and Three-dimensional Shapes,Knowing,constructed_response,1,2PL,0.65997,-1.58218,,,,,0.04663,0.10193,,,,,MZ31271,"Concurrent calibration of the TIMSS 2003 data, 2007 bridging data, and 2007 data (fourth-grade mathematics).",T07_Items.zip > T07_Items/T07_ItemParameters_Overall.xls,"sheet G4-MAT, rows with MZ IDs",https://timssandpirls.bc.edu/TIMSS2007/PDF/T07_Items.zip,https://timssandpirls.bc.edu/TIMSS2007/idb_ug.html,
TIMSS 2007,4,Mathematics,M031134,Jasmin's tally chart,Data Display,Organizing and Representing,Applying,constructed_response,1,2PL,0.56981,0.85068,,,,,0.04412,0.076,,,,,MZ31134,"Concurrent calibration of the TIMSS 2003 data, 2007 bridging data, and 2007 data (fourth-grade mathematics).",T07_Items.zip > T07_Items/T07_ItemParameters_Overall.xls,"sheet G4-MAT, rows with MZ IDs",https://timssandpirls.bc.edu/TIMSS2007/PDF/T07_Items.zip,https://timssandpirls.bc.edu/TIMSS2007/idb_ug.html,
TIMSS 2007,4,Mathematics,M031045,Types of trees in pie charts,Data Display,Organizing and Representing,Reasoning,multiple_choice,1,3PL,1.13135,-0.62229,0.11457,,,,0.08446,0.07038,0.03104,,,,MZ31045,"Concurrent calibration of the TIMSS 2003 data, 2007 bridging data, and 2007 data (fourth-grade mathematics).",T07_Items.zip > T07_Items/T07_ItemParameters_Overall.xls,"sheet G4-MAT, rows with MZ IDs",https://timssandpirls.bc.edu/TIMSS2007/PDF/T07_Items.zip,https://timssandpirls.bc.edu/TIMSS2007/idb_ug.html,
TIMSS 2007,4,Mathematics,M041014,Arranging numbers in order,Number,Whole Numbers,Knowing,multiple_choice,1,3PL,0.79538,-0.93587,0.11965,,,,0.0621,0.10327,0.03705,,,,MZ41014,"Concurrent calibration of the TIMSS 2003 data, 2007 bridging data, and 2007 data (fourth-grade mathematics).",T07_Items.zip > T07_Items/T07_ItemParameters_Overall.xls,"sheet G4-MAT, rows with MZ IDs",https://timssandpirls.bc.edu/TIMSS2007/PDF/T07_Items.zip,https://timssandpirls.bc.edu/TIMSS2007/idb_ug.html,
TIMSS 2007,4,Mathematics,M041039,Number of tables needed,Number,Whole Numbers,Applying,multiple_choice,1,3PL,0.80764,-0.22512,0.1768,,,,0.07743,0.10625,0.0398,,,,MZ41039,"Concurrent calibration of the TIMSS 2003 data, 2007 bridging data, and 2007 data (fourth-grade mathematics).",T07_Items.zip > T07_Items/T07_ItemParameters_Overall.xls,"sheet G4-MAT, rows with MZ IDs",https://timssandpirls.bc.edu/TIMSS2007/PDF/T07_Items.zip,https://timssandpirls.bc.edu/TIMSS2007/idb_ug.html,
TIMSS 2007,4,Mathematics,M041278,Multiply 53 and 26,Number,Whole Numbers,Knowing,constructed_response,1,2PL,0.49684,0.23896,,,,,0.03861,0.06712,,,,,MZ41278,"Concurrent calibration of the TIMSS 2003 data, 2007 bridging data, and 2007 data (fourth-grade mathematics).",T07_Items.zip > T07_Items/T07_ItemParameters_Overall.xls,"sheet G4-MAT, rows with MZ IDs",https://timssandpirls.bc.edu/TIMSS2007/PDF/T07_Items.zip,https://timssandpirls.bc.edu/TIMSS2007/idb_ug.html,
TIMSS 2007,4,Mathematics,M041006,Fraction of the rectangle shaded,Number,Fractions and Decimals,Knowing,multiple_choice,1,3PL,1.10671,0.35087,0.12689,,,,0.09788,0.057,0.02398,,,,MZ41006,"Concurrent calibration of the TIMSS 2003 data, 2007 bridging data, and 2007 data (fourth-grade mathematics).",T07_Items.zip > T07_Items/T07_ItemParameters_Overall.xls,"sheet G4-MAT, rows with MZ IDs",https://timssandpirls.bc.edu/TIMSS2007/PDF/T07_Items.zip,https://timssandpirls.bc.edu/TIMSS2007/idb_ug.html,
TIMSS 2007,4,Mathematics,M041250,Subtract 5.3 - 3.8,Number,Fractions and Decimals,Knowing,constructed_response,1,2PL,0.91983,-0.06528,,,,,0.05312,0.04021,,,,,MZ41250,"Concurrent calibration of the TIMSS 2003 data, 2007 bridging data, and 2007 data (fourth-grade mathematics).",T07_Items.zip > T07_Items/T07_ItemParameters_Overall.xls,"sheet G4-MAT, rows with MZ IDs",https://timssandpirls.bc.edu/TIMSS2007/PDF/T07_Items.zip,https://timssandpirls.bc.edu/TIMSS2007/idb_ug.html,
TIMSS 2007,4,Mathematics,M041094,How much money has Bob left with,Number,Fractions and Decimals,Applying,multiple_choice,1,3PL,1.03288,0.85019,0.20581,,,,0.12723,0.07197,0.02528,,,,MZ41094,"Concurrent calibration of the TIMSS 2003 data, 2007 bridging data, and 2007 data (fourth-grade mathematics).",T07_Items.zip > T07_Items/T07_ItemParameters_Overall.xls,"sheet G4-MAT, rows with MZ IDs",https://timssandpirls.bc.edu/TIMSS2007/PDF/T07_Items.zip,https://timssandpirls.bc.edu/TIMSS2007/idb_ug.html,
TIMSS 2007,4,Mathematics,M041330,Perimeter of the rectangle,Geometric Shapes and Measures,Two- and Three-dimensional Shapes,Applying,multiple_choice,1,3PL,0.79171,0.06918,0.13863,,,,0.07529,0.09083,0.03381,,,,MZ41330,"Concurrent calibration of the TIMSS 2003 data, 2007 bridging data, and 2007 data (fourth-grade mathematics).",T07_Items.zip > T07_Items/T07_ItemParameters_Overall.xls,"sheet G4-MAT, rows with MZ IDs",https://timssandpirls.bc.edu/TIMSS2007/PDF/T07_Items.zip,https://timssandpirls.bc.edu/TIMSS2007/idb_ug.html,
TIMSS 2007,4,Mathematics,M041300A,Make a 4-sided figure,Geometric Shapes and Measures,Two- and Three-dimensional Shapes,Applying,constructed_response,1,2PL,1.05473,0.1229,,,,,0.05954,0.03579,,,,,MZ41300A,"Concurrent calibration of the TIMSS 2003 data, 2007 bridging data, and 2007 data (fourth-grade mathematics).",T07_Items.zip > T07_Items/T07_ItemParameters_Overall.xls,"sheet G4-MAT, rows with MZ IDs",https://timssandpirls.bc.edu/TIMSS2007/PDF/T07_Items.zip,https://timssandpirls.bc.edu/TIMSS2007/idb_ug.html,
TIMSS 2007,4,Mathematics,M041300B,Make a 6-sided figure,Geometric Shapes and Measures,Two- and Three-dimensional Shapes,Applying,constructed_response,1,2PL,1.15376,0.06483,,,,,0.06468,0.03415,,,,,MZ41300B,"Concurrent calibration of the TIMSS 2003 data, 2007 bridging data, and 2007 data (fourth-grade mathematics).",T07_Items.zip > T07_Items/T07_ItemParameters_Overall.xls,"sheet G4-MAT, rows with MZ IDs",https://timssandpirls.bc.edu/TIMSS2007/PDF/T07_Items.zip,https://timssandpirls.bc.edu/TIMSS2007/idb_ug.html,
TIMSS 2007,4,Mathematics,M041300C,Another 6-sided figure,Geometric Shapes and Measures,Two- and Three-dimensional Shapes,Reasoning,constructed_response,1,2PL,1.0229,0.44691,,,,,0.06131,0.03877,,,,,MZ41300C,"Concurrent calibration of the TIMSS 2003 data, 2007 bridging data, and 2007 data (fourth-grade mathematics).",T07_Items.zip > T07_Items/T07_ItemParameters_Overall.xls,"sheet G4-MAT, rows with MZ IDs",https://timssandpirls.bc.edu/TIMSS2007/PDF/T07_Items.zip,https://timssandpirls.bc.edu/TIMSS2007/idb_ug.html,
TIMSS 2007,4,Mathematics,M041300D,Make a 7-sided figure,Geometric Shapes and Measures,Two- and Three-dimensional Shapes,Reasoning,constructed_response,1,2PL,1.12699,0.63228,,,,,0.06808,0.03856,,,,,MZ41300D,"Concurrent calibration of the TIMSS 2003 data, 2007 bridging data, and 2007 data (fourth-grade mathematics).",T07_Items.zip > T07_Items/T07_ItemParameters_Overall.xls,"sheet G4-MAT, rows with MZ IDs",https://timssandpirls.bc.edu/TIMSS2007/PDF/T07_Items.zip,https://timssandpirls.bc.edu/TIMSS2007/idb_ug.html,
TIMSS 2007,4,Mathematics,M041173,Shape after 90 degree rotation,Geometric Shapes and Measures,Location and Movement,Knowing,multiple_choice,1,3PL,0.83625,1.03556,0.14017,,,,0.10718,0.08522,0.02583,,,,MZ41173,"Concurrent calibration of the TIMSS 2003 data, 2007 bridging data, and 2007 data (fourth-grade mathematics).",T07_Items.zip > T07_Items/T07_ItemParameters_Overall.xls,"sheet G4-MAT, rows with MZ IDs",https://timssandpirls.bc.edu/TIMSS2007/PDF/T07_Items.zip,https://timssandpirls.bc.edu/TIMSS2007/idb_ug.html,
TIMSS 2007,4,Mathematics,M041274,Put the correct number on the scale,Data Display,Organizing and Representing,Applying,constructed_response,1,2PL,0.82275,-0.44083,,,,,0.0517,0.05212,,,,,MZ41274,"Concurrent calibration of the TIMSS 2003 data, 2007 bridging data, and 2007 data (fourth-grade mathematics).",T07_Items.zip > T07_Items/T07_ItemParameters_Overall.xls,"sheet G4-MAT, rows with MZ IDs",https://timssandpirls.bc.edu/TIMSS2007/PDF/T07_Items.zip,https://timssandpirls.bc.edu/TIMSS2007/idb_ug.html,
TIMSS 2007,4,Mathematics,M041203,Draw a bar to show Alonso's point,Data Display,Organizing and Representing,Reasoning,constructed_response,1,2PL,0.86545,0.04122,,,,,0.05463,0.04434,,,,,MZ41203,"Concurrent calibration of the TIMSS 2003 data, 2007 bridging data, and 2007 data (fourth-grade mathematics).",T07_Items.zip > T07_Items/T07_ItemParameters_Overall.xls,"sheet G4-MAT, rows with MZ IDs",https://timssandpirls.bc.edu/TIMSS2007/PDF/T07_Items.zip,https://timssandpirls.bc.edu/TIMSS2007/idb_ug.html,
TIMSS 2007,4,Mathematics,M031235,Children share sweets equally,Number,Whole Numbers,Reasoning,constructed_response,1,2PL,0.78632,0.49557,,,,,0.04934,0.04752,,,,,MZ31235,"Concurrent calibration of the TIMSS 2003 data, 2007 bridging data, and 2007 data (fourth-grade mathematics).",T07_Items.zip > T07_Items/T07_ItemParameters_Overall.xls,"sheet G4-MAT, rows with MZ IDs",https://timssandpirls.bc.edu/TIMSS2007/PDF/T07_Items.zip,https://timssandpirls.bc.edu/TIMSS2007/idb_ug.html,
TIMSS 2007,4,Mathematics,M031285,Alan and Fred went running,Number,Whole Numbers,Reasoning,constructed_response,1,2PL,0.79134,0.75249,,,,,0.05142,0.05284,,,,,MZ31285,"Concurrent calibration of the TIMSS 2003 data, 2007 bridging data, and 2007 data (fourth-grade mathematics).",T07_Items.zip > T07_Items/T07_ItemParameters_Overall.xls,"sheet G4-MAT, rows with MZ IDs",https://timssandpirls.bc.edu/TIMSS2007/PDF/T07_Items.zip,https://timssandpirls.bc.edu/TIMSS2007/idb_ug.html,
TIMSS 2007,4,Mathematics,M031050,Ken measured length of a blackboard,Number,Whole Numbers,Applying,multiple_choice,1,3PL,1.17077,0.60626,0.23528,,,,0.12969,0.06632,0.02635,,,,MZ31050,"Concurrent calibration of the TIMSS 2003 data, 2007 bridging data, and 2007 data (fourth-grade mathematics).",T07_Items.zip > T07_Items/T07_ItemParameters_Overall.xls,"sheet G4-MAT, rows with MZ IDs",https://timssandpirls.bc.edu/TIMSS2007/PDF/T07_Items.zip,https://timssandpirls.bc.edu/TIMSS2007/idb_ug.html,
TIMSS 2007,4,Mathematics,M031258,The rule Ann uses to get her number,Number,Patterns and Relationships,Reasoning,constructed_response,1,2PL,1.05985,0.65623,,,,,0.06252,0.03977,,,,,MZ31258,"Concurrent calibration of the TIMSS 2003 data, 2007 bridging data, and 2007 data (fourth-grade mathematics).",T07_Items.zip > T07_Items/T07_ItemParameters_Overall.xls,"sheet G4-MAT, rows with MZ IDs",https://timssandpirls.bc.edu/TIMSS2007/PDF/T07_Items.zip,https://timssandpirls.bc.edu/TIMSS2007/idb_ug.html,
TIMSS 2007,4,Mathematics,M031334,"The rule for 2,5,11,23",Number,Patterns and Relationships,Applying,multiple_choice,1,3PL,1.26107,0.78162,0.23725,,,,0.14571,0.06174,0.02352,,,,MZ31334,"Concurrent calibration of the TIMSS 2003 data, 2007 bridging data, and 2007 data (fourth-grade mathematics).",T07_Items.zip > T07_Items/T07_ItemParameters_Overall.xls,"sheet G4-MAT, rows with MZ IDs",https://timssandpirls.bc.edu/TIMSS2007/PDF/T07_Items.zip,https://timssandpirls.bc.edu/TIMSS2007/idb_ug.html,
TIMSS 2007,4,Mathematics,M031255,64 divided by box equals box,Number,Number Sentences with Whole Numbers,Applying,multiple_choice,1,3PL,0.94517,0.11327,0.22547,,,,0.10003,0.09483,0.03717,,,,MZ31255,"Concurrent calibration of the TIMSS 2003 data, 2007 bridging data, and 2007 data (fourth-grade mathematics).",T07_Items.zip > T07_Items/T07_ItemParameters_Overall.xls,"sheet G4-MAT, rows with MZ IDs",https://timssandpirls.bc.edu/TIMSS2007/PDF/T07_Items.zip,https://timssandpirls.bc.edu/TIMSS2007/idb_ug.html,
TIMSS 2007,4,Mathematics,M031041,Triangular tiles to cover the figure,Geometric Shapes and Measures,Two- and Three-dimensional Shapes,Applying,constructed_response,1,2PL,0.9498,0.09871,,,,,0.0547,0.03929,,,,,MZ31041,"Concurrent calibration of the TIMSS 2003 data, 2007 bridging data, and 2007 data (fourth-grade mathematics).",T07_Items.zip > T07_Items/T07_ItemParameters_Overall.xls,"sheet G4-MAT, rows with MZ IDs",https://timssandpirls.bc.edu/TIMSS2007/PDF/T07_Items.zip,https://timssandpirls.bc.edu/TIMSS2007/idb_ug.html,
TIMSS 2007,4,Mathematics,M031350A,Marytown_Add a park,Geometric Shapes and Measures,Lines and Angles,Applying,constructed_response,1,2PL,1.06107,0.48563,,,,,0.06171,0.03762,,,,,MZ31350A,"Concurrent calibration of the TIMSS 2003 data, 2007 bridging data, and 2007 data (fourth-grade mathematics).",T07_Items.zip > T07_Items/T07_ItemParameters_Overall.xls,"sheet G4-MAT, rows with MZ IDs",https://timssandpirls.bc.edu/TIMSS2007/PDF/T07_Items.zip,https://timssandpirls.bc.edu/TIMSS2007/idb_ug.html,
TIMSS 2007,4,Mathematics,M031350B,Marytown_Add a library,Geometric Shapes and Measures,Lines and Angles,Reasoning,constructed_response,1,2PL,1.05613,0.05077,,,,,0.06015,0.03711,,,,,MZ31350B,"Concurrent calibration of the TIMSS 2003 data, 2007 bridging data, and 2007 data (fourth-grade mathematics).",T07_Items.zip > T07_Items/T07_ItemParameters_Overall.xls,"sheet G4-MAT, rows with MZ IDs",https://timssandpirls.bc.edu/TIMSS2007/PDF/T07_Items.zip,https://timssandpirls.bc.edu/TIMSS2007/idb_ug.html,
TIMSS 2007,4,Mathematics,M031350C,Marytown_Add a school,Geometric Shapes and Measures,Lines and Angles,Applying,constructed_response,1,2PL,0.81136,0.85738,,,,,0.05467,0.05556,,,,,MZ31350C,"Concurrent calibration of the TIMSS 2003 data, 2007 bridging data, and 2007 data (fourth-grade mathematics).",T07_Items.zip > T07_Items/T07_ItemParameters_Overall.xls,"sheet G4-MAT, rows with MZ IDs",https://timssandpirls.bc.edu/TIMSS2007/PDF/T07_Items.zip,https://timssandpirls.bc.edu/TIMSS2007/idb_ug.html,
TIMSS 2007,4,Mathematics,M031274,Draw the reflection of the shape,Geometric Shapes and Measures,Location and Movement,Applying,constructed_response,1,2PL,0.79789,-0.49527,,,,,0.04967,0.05425,,,,,MZ31274,"Concurrent calibration of the TIMSS 2003 data, 2007 bridging data, and 2007 data (fourth-grade mathematics).",T07_Items.zip > T07_Items/T07_ItemParameters_Overall.xls,"sheet G4-MAT, rows with MZ IDs",https://timssandpirls.bc.edu/TIMSS2007/PDF/T07_Items.zip,https://timssandpirls.bc.edu/TIMSS2007/idb_ug.html,
TIMSS 2007,4,Mathematics,M031240,Complete table by gender with hats,Data Display,Organizing and Representing,Applying,constructed_response,1,2PL,0.62489,-0.48913,,,,,0.04346,0.06633,,,,,MZ31240,"Concurrent calibration of the TIMSS 2003 data, 2007 bridging data, and 2007 data (fourth-grade mathematics).",T07_Items.zip > T07_Items/T07_ItemParameters_Overall.xls,"sheet G4-MAT, rows with MZ IDs",https://timssandpirls.bc.edu/TIMSS2007/PDF/T07_Items.zip,https://timssandpirls.bc.edu/TIMSS2007/idb_ug.html,
TIMSS 2007,4,Mathematics,M041052,Representing number from word,Number,Whole Numbers,Knowing,multiple_choice,1,3PL,0.78018,-0.76098,0.19072,,,,0.07239,0.13616,0.04932,,,,MZ41052,"Concurrent calibration of the TIMSS 2003 data, 2007 bridging data, and 2007 data (fourth-grade mathematics).",T07_Items.zip > T07_Items/T07_ItemParameters_Overall.xls,"sheet G4-MAT, rows with MZ IDs",https://timssandpirls.bc.edu/TIMSS2007/PDF/T07_Items.zip,https://timssandpirls.bc.edu/TIMSS2007/idb_ug.html,
TIMSS 2007,4,Mathematics,M041056,Draw a circle around the cookies,Number,Fractions and Decimals,Knowing,constructed_response,1,2PL,0.93639,0.14619,,,,,0.05354,0.03919,,,,,MZ41056,"Concurrent calibration of the TIMSS 2003 data, 2007 bridging data, and 2007 data (fourth-grade mathematics).",T07_Items.zip > T07_Items/T07_ItemParameters_Overall.xls,"sheet G4-MAT, rows with MZ IDs",https://timssandpirls.bc.edu/TIMSS2007/PDF/T07_Items.zip,https://timssandpirls.bc.edu/TIMSS2007/idb_ug.html,
TIMSS 2007,4,Mathematics,M041069,Fraction equal to 2/3,Number,Fractions and Decimals,Knowing,multiple_choice,1,3PL,1.23292,0.96742,0.10035,,,,0.12065,0.05077,0.01661,,,,MZ41069,"Concurrent calibration of the TIMSS 2003 data, 2007 bridging data, and 2007 data (fourth-grade mathematics).",T07_Items.zip > T07_Items/T07_ItemParameters_Overall.xls,"sheet G4-MAT, rows with MZ IDs",https://timssandpirls.bc.edu/TIMSS2007/PDF/T07_Items.zip,https://timssandpirls.bc.edu/TIMSS2007/idb_ug.html,
TIMSS 2007,4,Mathematics,M041076,Fraction of money Joe spent,Number,Fractions and Decimals,Knowing,constructed_response,1,2PL,0.95518,0.16857,,,,,0.05449,0.03865,,,,,MZ41076,"Concurrent calibration of the TIMSS 2003 data, 2007 bridging data, and 2007 data (fourth-grade mathematics).",T07_Items.zip > T07_Items/T07_ItemParameters_Overall.xls,"sheet G4-MAT, rows with MZ IDs",https://timssandpirls.bc.edu/TIMSS2007/PDF/T07_Items.zip,https://timssandpirls.bc.edu/TIMSS2007/idb_ug.html,
TIMSS 2007,4,Mathematics,M041281,Number sentence for pencils in a box,Number,Number Sentences with Whole Numbers,Applying,multiple_choice,1,3PL,1.24056,-0.24947,0.13281,,,,0.09499,0.06068,0.0286,,,,MZ41281,"Concurrent calibration of the TIMSS 2003 data, 2007 bridging data, and 2007 data (fourth-grade mathematics).",T07_Items.zip > T07_Items/T07_ItemParameters_Overall.xls,"sheet G4-MAT, rows with MZ IDs",https://timssandpirls.bc.edu/TIMSS2007/PDF/T07_Items.zip,https://timssandpirls.bc.edu/TIMSS2007/idb_ug.html,
TIMSS 2007,4,Mathematics,M041164,Line of symmetry,Geometric Shapes and Measures,Location and Movement,Knowing,multiple_choice,1,3PL,0.68387,-0.9471,0.14359,,,,0.05911,0.13573,0.04474,,,,MZ41164,"Concurrent calibration of the TIMSS 2003 data, 2007 bridging data, and 2007 data (fourth-grade mathematics).",T07_Items.zip > T07_Items/T07_ItemParameters_Overall.xls,"sheet G4-MAT, rows with MZ IDs",https://timssandpirls.bc.edu/TIMSS2007/PDF/T07_Items.zip,https://timssandpirls.bc.edu/TIMSS2007/idb_ug.html,
TIMSS 2007,4,Mathematics,M041146,Draw other 2 sides of a rectangle,Geometric Shapes and Measures,Two- and Three-dimensional Shapes,Applying,constructed_response,1,2PL,0.73154,-0.44274,,,,,0.0466,0.05633,,,,,MZ41146,"Concurrent calibration of the TIMSS 2003 data, 2007 bridging data, and 2007 data (fourth-grade mathematics).",T07_Items.zip > T07_Items/T07_ItemParameters_Overall.xls,"sheet G4-MAT, rows with MZ IDs",https://timssandpirls.bc.edu/TIMSS2007/PDF/T07_Items.zip,https://timssandpirls.bc.edu/TIMSS2007/idb_ug.html,
TIMSS 2007,4,Mathematics,M041152,Area of the fence to be painted,Geometric Shapes and Measures,Two- and Three-dimensional Shapes,Applying,multiple_choice,1,3PL,1.09004,0.51096,0.17707,,,,0.10942,0.06539,0.02681,,,,MZ41152,"Concurrent calibration of the TIMSS 2003 data, 2007 bridging data, and 2007 data (fourth-grade mathematics).",T07_Items.zip > T07_Items/T07_ItemParameters_Overall.xls,"sheet G4-MAT, rows with MZ IDs",https://timssandpirls.bc.edu/TIMSS2007/PDF/T07_Items.zip,https://timssandpirls.bc.edu/TIMSS2007/idb_ug.html,
TIMSS 2007,4,Mathematics,M041258A,Similarity in the two given shapes,Geometric Shapes and Measures,Two- and Three-dimensional Shapes,Reasoning,constructed_response,1,2PL,0.932,-0.22672,,,,,0.05361,0.04269,,,,,MZ41258A,"Concurrent calibration of the TIMSS 2003 data, 2007 bridging data, and 2007 data (fourth-grade mathematics).",T07_Items.zip > T07_Items/T07_ItemParameters_Overall.xls,"sheet G4-MAT, rows with MZ IDs",https://timssandpirls.bc.edu/TIMSS2007/PDF/T07_Items.zip,https://timssandpirls.bc.edu/TIMSS2007/idb_ug.html,
TIMSS 2007,4,Mathematics,M041258B,Difference in the two given shapes,Geometric Shapes and Measures,Two- and Three-dimensional Shapes,Reasoning,constructed_response,1,2PL,0.74182,0.28228,,,,,0.04725,0.04784,,,,,MZ41258B,"Concurrent calibration of the TIMSS 2003 data, 2007 bridging data, and 2007 data (fourth-grade mathematics).",T07_Items.zip > T07_Items/T07_ItemParameters_Overall.xls,"sheet G4-MAT, rows with MZ IDs",https://timssandpirls.bc.edu/TIMSS2007/PDF/T07_Items.zip,https://timssandpirls.bc.edu/TIMSS2007/idb_ug.html,
TIMSS 2007,4,Mathematics,M041131,Estimate the height of the tree,Geometric Shapes and Measures,Lines and Angles,Knowing,multiple_choice,1,3PL,0.63095,1.55336,0.16734,,,,0.10897,0.1415,0.03087,,,,MZ41131,"Concurrent calibration of the TIMSS 2003 data, 2007 bridging data, and 2007 data (fourth-grade mathematics).",T07_Items.zip > T07_Items/T07_ItemParameters_Overall.xls,"sheet G4-MAT, rows with MZ IDs",https://timssandpirls.bc.edu/TIMSS2007/PDF/T07_Items.zip,https://timssandpirls.bc.edu/TIMSS2007/idb_ug.html,
TIMSS 2007,4,Mathematics,M041275,Complete the bar graph,Data Display,Organizing and Representing,Applying,constructed_response,2,GPCM,0.5287,-0.63439,,-1.37791,1.37791,,0.02137,0.04633,,0.11803,0.10723,,MZ41275,"Concurrent calibration of the TIMSS 2003 data, 2007 bridging data, and 2007 data (fourth-grade mathematics).",T07_Items.zip > T07_Items/T07_ItemParameters_Overall.xls,"sheet G4-MAT, rows with MZ IDs",https://timssandpirls.bc.edu/TIMSS2007/PDF/T07_Items.zip,https://timssandpirls.bc.edu/TIMSS2007/idb_ug.html,
TIMSS 2007,4,Mathematics,M041186,On which day John pick 5 apples,Data Display,Reading and Interpreting,Knowing,multiple_choice,1,3PL,0.97287,-0.03362,0.09158,,,,0.07302,0.06225,0.02469,,,,MZ41186,"Concurrent calibration of the TIMSS 2003 data, 2007 bridging data, and 2007 data (fourth-grade mathematics).",T07_Items.zip > T07_Items/T07_ItemParameters_Overall.xls,"sheet G4-MAT, rows with MZ IDs",https://timssandpirls.bc.edu/TIMSS2007/PDF/T07_Items.zip,https://timssandpirls.bc.edu/TIMSS2007/idb_ug.html,
TIMSS 2007,4,Mathematics,M041336,How many more girls in class A,Data Display,Reading and Interpreting,Reasoning,multiple_choice,1,3PL,1.22811,0.94206,0.18124,,,,0.14303,0.05959,0.02202,,,,MZ41336,"Concurrent calibration of the TIMSS 2003 data, 2007 bridging data, and 2007 data (fourth-grade mathematics).",T07_Items.zip > T07_Items/T07_ItemParameters_Overall.xls,"sheet G4-MAT, rows with MZ IDs",https://timssandpirls.bc.edu/TIMSS2007/PDF/T07_Items.zip,https://timssandpirls.bc.edu/TIMSS2007/idb_ug.html,
TIMSS 2007,4,Mathematics,M031303,9 rows of chairs by 15 chairs in row,Number,Whole Numbers,Applying,multiple_choice,1,3PL,1.27806,-0.31165,0.22106,,,,0.11089,0.07411,0.03578,,,,MZ31303,"Concurrent calibration of the TIMSS 2003 data, 2007 bridging data, and 2007 data (fourth-grade mathematics).",T07_Items.zip > T07_Items/T07_ItemParameters_Overall.xls,"sheet G4-MAT, rows with MZ IDs",https://timssandpirls.bc.edu/TIMSS2007/PDF/T07_Items.zip,https://timssandpirls.bc.edu/TIMSS2007/idb_ug.html,
TIMSS 2007,4,Mathematics,M031309,A 204 cm rope cut into 4,Number,Whole Numbers,Applying,constructed_response,1,2PL,1.17497,-0.26056,,,,,0.06341,0.03576,,,,,MZ31309,"Concurrent calibration of the TIMSS 2003 data, 2007 bridging data, and 2007 data (fourth-grade mathematics).",T07_Items.zip > T07_Items/T07_ItemParameters_Overall.xls,"sheet G4-MAT, rows with MZ IDs",https://timssandpirls.bc.edu/TIMSS2007/PDF/T07_Items.zip,https://timssandpirls.bc.edu/TIMSS2007/idb_ug.html,
TIMSS 2007,4,Mathematics,M031245,Number in box of number sentence,Number,Number Sentences with Whole Numbers,Applying,multiple_choice,1,3PL,1.76337,0.9487,0.10474,,,,0.16252,0.03749,0.01339,,,,MZ31245,"Concurrent calibration of the TIMSS 2003 data, 2007 bridging data, and 2007 data (fourth-grade mathematics).",T07_Items.zip > T07_Items/T07_ItemParameters_Overall.xls,"sheet G4-MAT, rows with MZ IDs",https://timssandpirls.bc.edu/TIMSS2007/PDF/T07_Items.zip,https://timssandpirls.bc.edu/TIMSS2007/idb_ug.html,
TIMSS 2007,4,Mathematics,M031242A,Renting bikes/fill table,Number,Patterns and Relationships,Applying,constructed_response,1,2PL,1.08937,-0.22593,,,,,0.0596,0.03734,,,,,MZ31242A,"Concurrent calibration of the TIMSS 2003 data, 2007 bridging data, and 2007 data (fourth-grade mathematics).",T07_Items.zip > T07_Items/T07_ItemParameters_Overall.xls,"sheet G4-MAT, rows with MZ IDs",https://timssandpirls.bc.edu/TIMSS2007/PDF/T07_Items.zip,https://timssandpirls.bc.edu/TIMSS2007/idb_ug.html,
TIMSS 2007,4,Mathematics,M031242B,Renting bikes/same price,Data Display,Reading and Interpreting,Knowing,constructed_response,1,2PL,1.21245,0.25578,,,,,0.06561,0.03198,,,,,MZ31242B,"Concurrent calibration of the TIMSS 2003 data, 2007 bridging data, and 2007 data (fourth-grade mathematics).",T07_Items.zip > T07_Items/T07_ItemParameters_Overall.xls,"sheet G4-MAT, rows with MZ IDs",https://timssandpirls.bc.edu/TIMSS2007/PDF/T07_Items.zip,https://timssandpirls.bc.edu/TIMSS2007/idb_ug.html,
TIMSS 2007,4,Mathematics,M031242C,Renting bikes/12 hours,Data Display,Reading and Interpreting,Reasoning,multiple_choice,1,3PL,1.02781,0.15609,0.23875,,,,0.10456,0.08503,0.03485,,,,MZ31242C,"Concurrent calibration of the TIMSS 2003 data, 2007 bridging data, and 2007 data (fourth-grade mathematics).",T07_Items.zip > T07_Items/T07_ItemParameters_Overall.xls,"sheet G4-MAT, rows with MZ IDs",https://timssandpirls.bc.edu/TIMSS2007/PDF/T07_Items.zip,https://timssandpirls.bc.edu/TIMSS2007/idb_ug.html,
TIMSS 2007,4,Mathematics,M031247,A man took his children to a fair,Number,Whole Numbers,Reasoning,constructed_response,2,GPCM,0.55202,1.22753,,-0.32791,0.32791,,0.03028,0.05865,,0.07695,0.10029,,MZ31247,"Concurrent calibration of the TIMSS 2003 data, 2007 bridging data, and 2007 data (fourth-grade mathematics).",T07_Items.zip > T07_Items/T07_ItemParameters_Overall.xls,"sheet G4-MAT, rows with MZ IDs",https://timssandpirls.bc.edu/TIMSS2007/PDF/T07_Items.zip,https://timssandpirls.bc.edu/TIMSS2007/idb_ug.html,
TIMSS 2007,4,Mathematics,M031219,Area of rectangular paper vs L shape,Geometric Shapes and Measures,Two- and Three-dimensional Shapes,Knowing,multiple_choice,1,3PL,0.50703,0.59719,0.16738,,,,0.06977,0.16258,0.04523,,,,MZ31219,"Concurrent calibration of the TIMSS 2003 data, 2007 bridging data, and 2007 data (fourth-grade mathematics).",T07_Items.zip > T07_Items/T07_ItemParameters_Overall.xls,"sheet G4-MAT, rows with MZ IDs",https://timssandpirls.bc.edu/TIMSS2007/PDF/T07_Items.zip,https://timssandpirls.bc.edu/TIMSS2007/idb_ug.html,
TIMSS 2007,4,Mathematics,M031173,How many pencils Maria has total,Number,Whole Numbers,Applying,multiple_choice,1,3PL,1.55926,-0.1457,0.12482,,,,0.11546,0.04655,0.02449,,,,MZ31173,"Concurrent calibration of the TIMSS 2003 data, 2007 bridging data, and 2007 data (fourth-grade mathematics).",T07_Items.zip > T07_Items/T07_ItemParameters_Overall.xls,"sheet G4-MAT, rows with MZ IDs",https://timssandpirls.bc.edu/TIMSS2007/PDF/T07_Items.zip,https://timssandpirls.bc.edu/TIMSS2007/idb_ug.html,
TIMSS 2007,4,Mathematics,M031085,Length of side AB in figure,Geometric Shapes and Measures,Two- and Three-dimensional Shapes,Knowing,multiple_choice,1,3PL,0.92771,0.68461,0.23443,,,,0.11646,0.08734,0.03227,,,,MZ31085,"Concurrent calibration of the TIMSS 2003 data, 2007 bridging data, and 2007 data (fourth-grade mathematics).",T07_Items.zip > T07_Items/T07_ItemParameters_Overall.xls,"sheet G4-MAT, rows with MZ IDs",https://timssandpirls.bc.edu/TIMSS2007/PDF/T07_Items.zip,https://timssandpirls.bc.edu/TIMSS2007/idb_ug.html,
TIMSS 2007,4,Mathematics,M031172,Chart showing number of houses,Data Display,Organizing and Representing,Applying,multiple_choice,1,3PL,1.39727,-0.24326,0.1129,,,,0.10272,0.05243,0.02634,,,,MZ31172,"Concurrent calibration of the TIMSS 2003 data, 2007 bridging data, and 2007 data (fourth-grade mathematics).",T07_Items.zip > T07_Items/T07_ItemParameters_Overall.xls,"sheet G4-MAT, rows with MZ IDs",https://timssandpirls.bc.edu/TIMSS2007/PDF/T07_Items.zip,https://timssandpirls.bc.edu/TIMSS2007/idb_ug.html,
TIMSS 2007,4,Mathematics,M031029,4/5 minus 1/5,Number,Fractions and Decimals,Knowing,multiple_choice,1,3PL,0.84668,-0.01473,0.15541,,,,0.08075,0.09424,0.03678,,,,MZ31029,"Concurrent calibration of the TIMSS 2003 data, 2007 bridging data, and 2007 data (fourth-grade mathematics).",T07_Items.zip > T07_Items/T07_ItemParameters_Overall.xls,"sheet G4-MAT, rows with MZ IDs",https://timssandpirls.bc.edu/TIMSS2007/PDF/T07_Items.zip,https://timssandpirls.bc.edu/TIMSS2007/idb_ug.html,
TIMSS 2007,4,Mathematics,M031030,12.36 minus 9.7,Number,Fractions and Decimals,Knowing,constructed_response,1,2PL,0.725,1.53005,,,,,0.0572,0.09555,,,,,MZ31030,"Concurrent calibration of the TIMSS 2003 data, 2007 bridging data, and 2007 data (fourth-grade mathematics).",T07_Items.zip > T07_Items/T07_ItemParameters_Overall.xls,"sheet G4-MAT, rows with MZ IDs",https://timssandpirls.bc.edu/TIMSS2007/PDF/T07_Items.zip,https://timssandpirls.bc.edu/TIMSS2007/idb_ug.html,
TIMSS 2007,4,Mathematics,M031332,The number closest in size to 10,Number,Fractions and Decimals,Knowing,multiple_choice,1,3PL,0.97877,-0.0165,0.22914,,,,0.09722,0.09143,0.03702,,,,MZ31332,"Concurrent calibration of the TIMSS 2003 data, 2007 bridging data, and 2007 data (fourth-grade mathematics).",T07_Items.zip > T07_Items/T07_ItemParameters_Overall.xls,"sheet G4-MAT, rows with MZ IDs",https://timssandpirls.bc.edu/TIMSS2007/PDF/T07_Items.zip,https://timssandpirls.bc.edu/TIMSS2007/idb_ug.html,
TIMSS 2007,4,Mathematics,M031098,"Next number in the pattern 2,4,8,16",Number,Patterns and Relationships,Applying,multiple_choice,1,3PL,1.33503,0.30171,0.17429,,,,0.1166,0.05241,0.02429,,,,MZ31098,"Concurrent calibration of the TIMSS 2003 data, 2007 bridging data, and 2007 data (fourth-grade mathematics).",T07_Items.zip > T07_Items/T07_ItemParameters_Overall.xls,"sheet G4-MAT, rows with MZ IDs",https://timssandpirls.bc.edu/TIMSS2007/PDF/T07_Items.zip,https://timssandpirls.bc.edu/TIMSS2007/idb_ug.html,
TIMSS 2007,4,Mathematics,M031254,Number of boxes can fit on a shelf,Number,Number Sentences with Whole Numbers,Applying,multiple_choice,1,3PL,1.21262,0.18623,0.18081,,,,0.10809,0.06101,0.02779,,,,MZ31254,"Concurrent calibration of the TIMSS 2003 data, 2007 bridging data, and 2007 data (fourth-grade mathematics).",T07_Items.zip > T07_Items/T07_ItemParameters_Overall.xls,"sheet G4-MAT, rows with MZ IDs",https://timssandpirls.bc.edu/TIMSS2007/PDF/T07_Items.zip,https://timssandpirls.bc.edu/TIMSS2007/idb_ug.html,
TIMSS 2007,4,Mathematics,M031038,"Rita, Ina, and Lana arrange 3 tiles",Geometric Shapes and Measures,Two- and Three-dimensional Shapes,Knowing,multiple_choice,1,3PL,0.84379,-0.62571,0.14403,,,,0.07036,0.10253,0.03929,,,,MZ31038,"Concurrent calibration of the TIMSS 2003 data, 2007 bridging data, and 2007 data (fourth-grade mathematics).",T07_Items.zip > T07_Items/T07_ItemParameters_Overall.xls,"sheet G4-MAT, rows with MZ IDs",https://timssandpirls.bc.edu/TIMSS2007/PDF/T07_Items.zip,https://timssandpirls.bc.edu/TIMSS2007/idb_ug.html,
TIMSS 2007,4,Mathematics,M031276,The pointer on the scale,Number,Whole Numbers,Knowing,multiple_choice,1,3PL,1.35838,0.19377,0.22658,,,,0.12478,0.05857,0.02751,,,,MZ31276,"Concurrent calibration of the TIMSS 2003 data, 2007 bridging data, and 2007 data (fourth-grade mathematics).",T07_Items.zip > T07_Items/T07_ItemParameters_Overall.xls,"sheet G4-MAT, rows with MZ IDs",https://timssandpirls.bc.edu/TIMSS2007/PDF/T07_Items.zip,https://timssandpirls.bc.edu/TIMSS2007/idb_ug.html,
TIMSS 2007,4,Mathematics,M031064,Time to bake biscuits,Number,Whole Numbers,Reasoning,multiple_choice,1,3PL,0.99928,0.59546,0.15995,,,,0.10383,0.06811,0.02688,,,,MZ31064,"Concurrent calibration of the TIMSS 2003 data, 2007 bridging data, and 2007 data (fourth-grade mathematics).",T07_Items.zip > T07_Items/T07_ItemParameters_Overall.xls,"sheet G4-MAT, rows with MZ IDs",https://timssandpirls.bc.edu/TIMSS2007/PDF/T07_Items.zip,https://timssandpirls.bc.edu/TIMSS2007/idb_ug.html,
TIMSS 2007,4,Mathematics,M031006,Least number of tiles to cover floor,Geometric Shapes and Measures,Two- and Three-dimensional Shapes,Knowing,multiple_choice,1,3PL,0.78169,-0.76689,0.16372,,,,0.06907,0.12362,0.04485,,,,MZ31006,"Concurrent calibration of the TIMSS 2003 data, 2007 bridging data, and 2007 data (fourth-grade mathematics).",T07_Items.zip > T07_Items/T07_ItemParameters_Overall.xls,"sheet G4-MAT, rows with MZ IDs",https://timssandpirls.bc.edu/TIMSS2007/PDF/T07_Items.zip,https://timssandpirls.bc.edu/TIMSS2007/idb_ug.html,
TIMSS 2007,4,Mathematics,M031330,List the shapes that are triangles,Geometric Shapes and Measures,Two- and Three-dimensional Shapes,Knowing,constructed_response,1,2PL,0.69483,-1.2138,,,,,0.04679,0.08365,,,,,MZ31330,"Concurrent calibration of the TIMSS 2003 data, 2007 bridging data, and 2007 data (fourth-grade mathematics).",T07_Items.zip > T07_Items/T07_ItemParameters_Overall.xls,"sheet G4-MAT, rows with MZ IDs",https://timssandpirls.bc.edu/TIMSS2007/PDF/T07_Items.zip,https://timssandpirls.bc.edu/TIMSS2007/idb_ug.html,
TIMSS 2007,4,Mathematics,M031351,Which could fold into a 3-D figure,Geometric Shapes and Measures,Two- and Three-dimensional Shapes,Applying,multiple_choice,1,3PL,0.81492,0.25575,0.12338,,,,0.07618,0.08145,0.03071,,,,MZ31351,"Concurrent calibration of the TIMSS 2003 data, 2007 bridging data, and 2007 data (fourth-grade mathematics).",T07_Items.zip > T07_Items/T07_ItemParameters_Overall.xls,"sheet G4-MAT, rows with MZ IDs",https://timssandpirls.bc.edu/TIMSS2007/PDF/T07_Items.zip,https://timssandpirls.bc.edu/TIMSS2007/idb_ug.html,
TIMSS 2007,4,Mathematics,M031135,Favorite fruit juice of classmates,Data Display,Organizing and Representing,Reasoning,multiple_choice,1,3PL,1.12708,-0.58666,0.12815,,,,0.08562,0.07233,0.03265,,,,MZ31135,"Concurrent calibration of the TIMSS 2003 data, 2007 bridging data, and 2007 data (fourth-grade mathematics).",T07_Items.zip > T07_Items/T07_ItemParameters_Overall.xls,"sheet G4-MAT, rows with MZ IDs",https://timssandpirls.bc.edu/TIMSS2007/PDF/T07_Items.zip,https://timssandpirls.bc.edu/TIMSS2007/idb_ug.html,
TIMSS 2007,8,Mathematics,M022043,Circle with same shaded fraction,Number,Fractions and Decimals,Knowing,multiple_choice,1,3PL,0.6518,-0.52336,0.12486,,,,0.04581,0.10488,0.037,,,,MZ22043,"Concurrent calibration of the TIMSS 2003 data, 2007 bridging data, and 2007 data (eighth-grade mathematics).",T07_Items.zip > T07_Items/T07_ItemParameters_Overall.xls,"sheet G8-MAT, rows with MZ IDs",https://timssandpirls.bc.edu/TIMSS2007/PDF/T07_Items.zip,https://timssandpirls.bc.edu/TIMSS2007/idb_ug.html,
TIMSS 2007,8,Mathematics,M022046,Total kilograms of seed from mixture,Number,Fractions and Decimals,Applying,constructed_response,1,2PL,0.80339,-0.55475,,,,,0.03743,0.03974,,,,,MZ22046,"Concurrent calibration of the TIMSS 2003 data, 2007 bridging data, and 2007 data (eighth-grade mathematics).",T07_Items.zip > T07_Items/T07_ItemParameters_Overall.xls,"sheet G8-MAT, rows with MZ IDs",https://timssandpirls.bc.edu/TIMSS2007/PDF/T07_Items.zip,https://timssandpirls.bc.edu/TIMSS2007/idb_ug.html,
TIMSS 2007,8,Mathematics,M022049,Rotated 3-dimensional object,Geometry,Location and Movement,Reasoning,multiple_choice,1,3PL,0.61854,0.1739,0.25215,,,,0.0685,0.14972,0.04495,,,,MZ22049,"Concurrent calibration of the TIMSS 2003 data, 2007 bridging data, and 2007 data (eighth-grade mathematics).",T07_Items.zip > T07_Items/T07_ItemParameters_Overall.xls,"sheet G8-MAT, rows with MZ IDs",https://timssandpirls.bc.edu/TIMSS2007/PDF/T07_Items.zip,https://timssandpirls.bc.edu/TIMSS2007/idb_ug.html,
TIMSS 2007,8,Mathematics,M022050,Inequality equivalent to x/3 > 8,Algebra,Equations/Formulas and Functions,Knowing,multiple_choice,1,3PL,0.96064,1.01492,0.14293,,,,0.09062,0.05829,0.01851,,,,MZ22050,"Concurrent calibration of the TIMSS 2003 data, 2007 bridging data, and 2007 data (eighth-grade mathematics).",T07_Items.zip > T07_Items/T07_ItemParameters_Overall.xls,"sheet G8-MAT, rows with MZ IDs",https://timssandpirls.bc.edu/TIMSS2007/PDF/T07_Items.zip,https://timssandpirls.bc.edu/TIMSS2007/idb_ug.html,
TIMSS 2007,8,Mathematics,M022055,Perimeter of square from area,Geometry,Geometric Measurement,Applying,constructed_response,1,2PL,1.236,0.53818,,,,,0.05354,0.02791,,,,,MZ22055,"Concurrent calibration of the TIMSS 2003 data, 2007 bridging data, and 2007 data (eighth-grade mathematics).",T07_Items.zip > T07_Items/T07_ItemParameters_Overall.xls,"sheet G8-MAT, rows with MZ IDs",https://timssandpirls.bc.edu/TIMSS2007/PDF/T07_Items.zip,https://timssandpirls.bc.edu/TIMSS2007/idb_ug.html,
TIMSS 2007,8,Mathematics,M022057,Approximate tons of fertilizer sold,Number,"Ratio, Proportion, and Percent",Applying,multiple_choice,1,3PL,0.45243,-0.32094,0.1653,,,,0.04369,0.19116,0.05064,,,,MZ22057,"Concurrent calibration of the TIMSS 2003 data, 2007 bridging data, and 2007 data (eighth-grade mathematics).",T07_Items.zip > T07_Items/T07_ItemParameters_Overall.xls,"sheet G8-MAT, rows with MZ IDs",https://timssandpirls.bc.edu/TIMSS2007/PDF/T07_Items.zip,https://timssandpirls.bc.edu/TIMSS2007/idb_ug.html,
TIMSS 2007,8,Mathematics,M022257,Probability of drawing blue bead,Data and Chance,Chance,Applying,multiple_choice,1,3PL,1.42648,0.50136,0.24095,,,,0.11705,0.04552,0.01896,,,,MZ22257,"Concurrent calibration of the TIMSS 2003 data, 2007 bridging data, and 2007 data (eighth-grade mathematics).",T07_Items.zip > T07_Items/T07_ItemParameters_Overall.xls,"sheet G8-MAT, rows with MZ IDs",https://timssandpirls.bc.edu/TIMSS2007/PDF/T07_Items.zip,https://timssandpirls.bc.edu/TIMSS2007/idb_ug.html,
TIMSS 2007,8,Mathematics,M022062,Value of angle in congruent triangle,Geometry,Geometric Shapes,Applying,multiple_choice,1,3PL,1.01149,0.7103,0.13005,,,,0.08127,0.05198,0.01874,,,,MZ22062,"Concurrent calibration of the TIMSS 2003 data, 2007 bridging data, and 2007 data (eighth-grade mathematics).",T07_Items.zip > T07_Items/T07_ItemParameters_Overall.xls,"sheet G8-MAT, rows with MZ IDs",https://timssandpirls.bc.edu/TIMSS2007/PDF/T07_Items.zip,https://timssandpirls.bc.edu/TIMSS2007/idb_ug.html,
TIMSS 2007,8,Mathematics,M022066,Addition of three fractions,Number,Fractions and Decimals,Knowing,multiple_choice,1,3PL,1.44063,0.19964,0.12088,,,,0.09251,0.03715,0.01724,,,,MZ22066,"Concurrent calibration of the TIMSS 2003 data, 2007 bridging data, and 2007 data (eighth-grade mathematics).",T07_Items.zip > T07_Items/T07_ItemParameters_Overall.xls,"sheet G8-MAT, rows with MZ IDs",https://timssandpirls.bc.edu/TIMSS2007/PDF/T07_Items.zip,https://timssandpirls.bc.edu/TIMSS2007/idb_ug.html,
TIMSS 2007,8,Mathematics,M022232,Estimate time for water to cool,Number,Fractions and Decimals,Applying,constructed_response,2,GPCM,0.54602,1.62483,,-2.32335,2.32335,,0.02062,0.05262,,0.1406,0.15441,,MZ22232,"Concurrent calibration of the TIMSS 2003 data, 2007 bridging data, and 2007 data (eighth-grade mathematics).",T07_Items.zip > T07_Items/T07_ItemParameters_Overall.xls,"sheet G8-MAT, rows with MZ IDs",https://timssandpirls.bc.edu/TIMSS2007/PDF/T07_Items.zip,https://timssandpirls.bc.edu/TIMSS2007/idb_ug.html,
TIMSS 2007,8,Mathematics,M022234A,New rectangle from old/draw on grid,Geometry,Geometric Shapes,Applying,constructed_response,2,GPCM,0.83737,0.80177,,-0.42925,0.42925,,0.02851,0.02674,,0.04969,0.05703,,MZ22234A,"Concurrent calibration of the TIMSS 2003 data, 2007 bridging data, and 2007 data (eighth-grade mathematics).",T07_Items.zip > T07_Items/T07_ItemParameters_Overall.xls,"sheet G8-MAT, rows with MZ IDs",https://timssandpirls.bc.edu/TIMSS2007/PDF/T07_Items.zip,https://timssandpirls.bc.edu/TIMSS2007/idb_ug.html,
TIMSS 2007,8,Mathematics,M022234B,New rectangle from old/ratio of area,Number,"Ratio, Proportion, and Percent",Applying,constructed_response,2,GPCM,0.93131,1.17667,,-1.38147,1.38147,,0.03389,0.02855,,0.09409,0.09995,,MZ22234B,"Concurrent calibration of the TIMSS 2003 data, 2007 bridging data, and 2007 data (eighth-grade mathematics).",T07_Items.zip > T07_Items/T07_ItemParameters_Overall.xls,"sheet G8-MAT, rows with MZ IDs",https://timssandpirls.bc.edu/TIMSS2007/PDF/T07_Items.zip,https://timssandpirls.bc.edu/TIMSS2007/idb_ug.html,
TIMSS 2007,8,Mathematics,M022243,Area of triangle inside a square,Geometry,Geometric Measurement,Applying,constructed_response,1,2PL,1.09954,0.42733,,,,,0.04997,0.03072,,,,,MZ22243,"Concurrent calibration of the TIMSS 2003 data, 2007 bridging data, and 2007 data (eighth-grade mathematics).",T07_Items.zip > T07_Items/T07_ItemParameters_Overall.xls,"sheet G8-MAT, rows with MZ IDs",https://timssandpirls.bc.edu/TIMSS2007/PDF/T07_Items.zip,https://timssandpirls.bc.edu/TIMSS2007/idb_ug.html,
TIMSS 2007,8,Mathematics,M042003,Ordering of number,Number,Whole Numbers,Knowing,multiple_choice,1,3PL,0.68064,-0.35158,0.16125,,,,0.05138,0.10769,0.03831,,,,MZ42003,"Concurrent calibration of the TIMSS 2003 data, 2007 bridging data, and 2007 data (eighth-grade mathematics).",T07_Items.zip > T07_Items/T07_ItemParameters_Overall.xls,"sheet G8-MAT, rows with MZ IDs",https://timssandpirls.bc.edu/TIMSS2007/PDF/T07_Items.zip,https://timssandpirls.bc.edu/TIMSS2007/idb_ug.html,
TIMSS 2007,8,Mathematics,M042079,Simplify the number,Number,Fractions and Decimals,Knowing,multiple_choice,1,3PL,0.90778,-0.44925,0.26508,,,,0.07603,0.10643,0.04238,,,,MZ42079,"Concurrent calibration of the TIMSS 2003 data, 2007 bridging data, and 2007 data (eighth-grade mathematics).",T07_Items.zip > T07_Items/T07_ItemParameters_Overall.xls,"sheet G8-MAT, rows with MZ IDs",https://timssandpirls.bc.edu/TIMSS2007/PDF/T07_Items.zip,https://timssandpirls.bc.edu/TIMSS2007/idb_ug.html,
TIMSS 2007,8,Mathematics,M042018,Place + or - sign in expression,Number,Integers,Applying,constructed_response,1,2PL,0.9869,0.37556,,,,,0.04357,0.03167,,,,,MZ42018,"Concurrent calibration of the TIMSS 2003 data, 2007 bridging data, and 2007 data (eighth-grade mathematics).",T07_Items.zip > T07_Items/T07_ItemParameters_Overall.xls,"sheet G8-MAT, rows with MZ IDs",https://timssandpirls.bc.edu/TIMSS2007/PDF/T07_Items.zip,https://timssandpirls.bc.edu/TIMSS2007/idb_ug.html,
TIMSS 2007,8,Mathematics,M042055,Number of boys in the class,Number,"Ratio, Proportion, and Percent",Applying,multiple_choice,1,3PL,1.22805,0.80349,0.29298,,,,0.12093,0.0581,0.01969,,,,MZ42055,"Concurrent calibration of the TIMSS 2003 data, 2007 bridging data, and 2007 data (eighth-grade mathematics).",T07_Items.zip > T07_Items/T07_ItemParameters_Overall.xls,"sheet G8-MAT, rows with MZ IDs",https://timssandpirls.bc.edu/TIMSS2007/PDF/T07_Items.zip,https://timssandpirls.bc.edu/TIMSS2007/idb_ug.html,
TIMSS 2007,8,Mathematics,M042039,How much Alan save with discount,Number,"Ratio, Proportion, and Percent",Applying,multiple_choice,1,3PL,0.69259,0.36033,0.09742,,,,0.04875,0.07031,0.02292,,,,MZ42039,"Concurrent calibration of the TIMSS 2003 data, 2007 bridging data, and 2007 data (eighth-grade mathematics).",T07_Items.zip > T07_Items/T07_ItemParameters_Overall.xls,"sheet G8-MAT, rows with MZ IDs",https://timssandpirls.bc.edu/TIMSS2007/PDF/T07_Items.zip,https://timssandpirls.bc.edu/TIMSS2007/idb_ug.html,
TIMSS 2007,8,Mathematics,M042199,Equivalent expression,Algebra,Algebraic Expressions,Knowing,multiple_choice,1,3PL,1.18398,-0.18102,0.22421,,,,0.08736,0.06303,0.02912,,,,MZ42199,"Concurrent calibration of the TIMSS 2003 data, 2007 bridging data, and 2007 data (eighth-grade mathematics).",T07_Items.zip > T07_Items/T07_ItemParameters_Overall.xls,"sheet G8-MAT, rows with MZ IDs",https://timssandpirls.bc.edu/TIMSS2007/PDF/T07_Items.zip,https://timssandpirls.bc.edu/TIMSS2007/idb_ug.html,
TIMSS 2007,8,Mathematics,M042301A,Complete the table,Algebra,Patterns,Knowing,constructed_response,1,2PL,0.5216,-0.08667,,,,,0.02975,0.05092,,,,,MZ42301A,"Concurrent calibration of the TIMSS 2003 data, 2007 bridging data, and 2007 data (eighth-grade mathematics).",T07_Items.zip > T07_Items/T07_ItemParameters_Overall.xls,"sheet G8-MAT, rows with MZ IDs",https://timssandpirls.bc.edu/TIMSS2007/PDF/T07_Items.zip,https://timssandpirls.bc.edu/TIMSS2007/idb_ug.html,
TIMSS 2007,8,Mathematics,M042301B,Interior angles of 10-sided polygon,Algebra,Patterns,Reasoning,constructed_response,1,2PL,0.89743,0.65503,,,,,0.04172,0.03736,,,,,MZ42301B,"Concurrent calibration of the TIMSS 2003 data, 2007 bridging data, and 2007 data (eighth-grade mathematics).",T07_Items.zip > T07_Items/T07_ItemParameters_Overall.xls,"sheet G8-MAT, rows with MZ IDs",https://timssandpirls.bc.edu/TIMSS2007/PDF/T07_Items.zip,https://timssandpirls.bc.edu/TIMSS2007/idb_ug.html,
TIMSS 2007,8,Mathematics,M042301C,Interior angles of n-sided polygon,Algebra,Patterns,Reasoning,constructed_response,1,2PL,1.55998,1.02005,,,,,0.07337,0.02967,,,,,MZ42301C,"Concurrent calibration of the TIMSS 2003 data, 2007 bridging data, and 2007 data (eighth-grade mathematics).",T07_Items.zip > T07_Items/T07_ItemParameters_Overall.xls,"sheet G8-MAT, rows with MZ IDs",https://timssandpirls.bc.edu/TIMSS2007/PDF/T07_Items.zip,https://timssandpirls.bc.edu/TIMSS2007/idb_ug.html,
TIMSS 2007,8,Mathematics,M042263,Cost of 1 pen and 2 pencils,Algebra,Equations/Formulas and Functions,Reasoning,constructed_response,1,2PL,1.31346,0.97313,,,,,0.06079,0.03265,,,,,MZ42263,"Concurrent calibration of the TIMSS 2003 data, 2007 bridging data, and 2007 data (eighth-grade mathematics).",T07_Items.zip > T07_Items/T07_ItemParameters_Overall.xls,"sheet G8-MAT, rows with MZ IDs",https://timssandpirls.bc.edu/TIMSS2007/PDF/T07_Items.zip,https://timssandpirls.bc.edu/TIMSS2007/idb_ug.html,
TIMSS 2007,8,Mathematics,M042265,Which net when folded forms cube,Geometry,Geometric Shapes,Reasoning,multiple_choice,1,3PL,0.82304,0.37121,0.14876,,,,0.06701,0.0737,0.02731,,,,MZ42265,"Concurrent calibration of the TIMSS 2003 data, 2007 bridging data, and 2007 data (eighth-grade mathematics).",T07_Items.zip > T07_Items/T07_ItemParameters_Overall.xls,"sheet G8-MAT, rows with MZ IDs",https://timssandpirls.bc.edu/TIMSS2007/PDF/T07_Items.zip,https://timssandpirls.bc.edu/TIMSS2007/idb_ug.html,
TIMSS 2007,8,Mathematics,M042137,What is the value of x + y,Geometry,Geometric Shapes,Applying,multiple_choice,1,3PL,1.15137,0.68244,0.226,,,,0.10153,0.0558,0.02048,,,,MZ42137,"Concurrent calibration of the TIMSS 2003 data, 2007 bridging data, and 2007 data (eighth-grade mathematics).",T07_Items.zip > T07_Items/T07_ItemParameters_Overall.xls,"sheet G8-MAT, rows with MZ IDs",https://timssandpirls.bc.edu/TIMSS2007/PDF/T07_Items.zip,https://timssandpirls.bc.edu/TIMSS2007/idb_ug.html,
TIMSS 2007,8,Mathematics,M042148,Point on the graph,Geometry,Location and Movement,Knowing,multiple_choice,1,3PL,0.8656,-0.19473,0.25516,,,,0.07468,0.10245,0.03897,,,,MZ42148,"Concurrent calibration of the TIMSS 2003 data, 2007 bridging data, and 2007 data (eighth-grade mathematics).",T07_Items.zip > T07_Items/T07_ItemParameters_Overall.xls,"sheet G8-MAT, rows with MZ IDs",https://timssandpirls.bc.edu/TIMSS2007/PDF/T07_Items.zip,https://timssandpirls.bc.edu/TIMSS2007/idb_ug.html,
TIMSS 2007,8,Mathematics,M042254,Representing data on the graph,Data and Chance,Data Organization and Representation,Applying,multiple_choice,1,3PL,0.6586,-1.3624,0.17058,,,,0.04683,0.1331,0.04712,,,,MZ42254,"Concurrent calibration of the TIMSS 2003 data, 2007 bridging data, and 2007 data (eighth-grade mathematics).",T07_Items.zip > T07_Items/T07_ItemParameters_Overall.xls,"sheet G8-MAT, rows with MZ IDs",https://timssandpirls.bc.edu/TIMSS2007/PDF/T07_Items.zip,https://timssandpirls.bc.edu/TIMSS2007/idb_ug.html,
TIMSS 2007,8,Mathematics,M042250,Number of the tickets sold,Data and Chance,Data Organization and Representation,Knowing,constructed_response,1,2PL,1.11323,-0.7257,,,,,0.05016,0.03397,,,,,MZ42250,"Concurrent calibration of the TIMSS 2003 data, 2007 bridging data, and 2007 data (eighth-grade mathematics).",T07_Items.zip > T07_Items/T07_ItemParameters_Overall.xls,"sheet G8-MAT, rows with MZ IDs",https://timssandpirls.bc.edu/TIMSS2007/PDF/T07_Items.zip,https://timssandpirls.bc.edu/TIMSS2007/idb_ug.html,
TIMSS 2007,8,Mathematics,M042220,Make a bar chart,Data and Chance,Data Organization and Representation,Applying,constructed_response,2,GPCM,0.69081,0.44134,,-1.52085,1.52085,,0.02054,0.02585,,0.08375,0.08626,,MZ42220,"Concurrent calibration of the TIMSS 2003 data, 2007 bridging data, and 2007 data (eighth-grade mathematics).",T07_Items.zip > T07_Items/T07_ItemParameters_Overall.xls,"sheet G8-MAT, rows with MZ IDs",https://timssandpirls.bc.edu/TIMSS2007/PDF/T07_Items.zip,https://timssandpirls.bc.edu/TIMSS2007/idb_ug.html,
TIMSS 2007,8,Mathematics,M042273,Why the advertisement is misleading,Data and Chance,Data Interpretation,Reasoning,multiple_choice,1,,,,,,,,,,,,,,,,,,https://timssandpirls.bc.edu/TIMSS2007/PDF/T07_Items.zip,https://timssandpirls.bc.edu/TIMSS2007/idb_ug.html,"Not used in scaling (In Scaling: No in T07_G8_ItemInformation.xls), so not in the G8-MAT sheet."
TIMSS 2007,8,Mathematics,M022097,Voltage shown on meter,Number,Whole Numbers,Knowing,multiple_choice,1,3PL,1.10614,-0.1422,0.11313,,,,0.06803,0.04958,0.02267,,,,MZ22097,"Concurrent calibration of the TIMSS 2003 data, 2007 bridging data, and 2007 data (eighth-grade mathematics).",T07_Items.zip > T07_Items/T07_ItemParameters_Overall.xls,"sheet G8-MAT, rows with MZ IDs",https://timssandpirls.bc.edu/TIMSS2007/PDF/T07_Items.zip,https://timssandpirls.bc.edu/TIMSS2007/idb_ug.html,
TIMSS 2007,8,Mathematics,M022101,Box with greater chance to pick 17,Data and Chance,Chance,Knowing,multiple_choice,1,3PL,0.88063,-0.37946,0.1479,,,,0.05977,0.07652,0.03225,,,,MZ22101,"Concurrent calibration of the TIMSS 2003 data, 2007 bridging data, and 2007 data (eighth-grade mathematics).",T07_Items.zip > T07_Items/T07_ItemParameters_Overall.xls,"sheet G8-MAT, rows with MZ IDs",https://timssandpirls.bc.edu/TIMSS2007/PDF/T07_Items.zip,https://timssandpirls.bc.edu/TIMSS2007/idb_ug.html,
TIMSS 2007,8,Mathematics,M022104,Which fraction is smallest,Number,Fractions and Decimals,Knowing,multiple_choice,1,3PL,0.95306,-0.34766,0.13821,,,,0.06212,0.0667,0.02926,,,,MZ22104,"Concurrent calibration of the TIMSS 2003 data, 2007 bridging data, and 2007 data (eighth-grade mathematics).",T07_Items.zip > T07_Items/T07_ItemParameters_Overall.xls,"sheet G8-MAT, rows with MZ IDs",https://timssandpirls.bc.edu/TIMSS2007/PDF/T07_Items.zip,https://timssandpirls.bc.edu/TIMSS2007/idb_ug.html,
TIMSS 2007,8,Mathematics,M022105,Triangle rotated about point P,Geometry,Location and Movement,Knowing,multiple_choice,1,3PL,0.62986,0.75358,0.11689,,,,0.05926,0.08987,0.02806,,,,MZ22105,"Concurrent calibration of the TIMSS 2003 data, 2007 bridging data, and 2007 data (eighth-grade mathematics).",T07_Items.zip > T07_Items/T07_ItemParameters_Overall.xls,"sheet G8-MAT, rows with MZ IDs",https://timssandpirls.bc.edu/TIMSS2007/PDF/T07_Items.zip,https://timssandpirls.bc.edu/TIMSS2007/idb_ug.html,
TIMSS 2007,8,Mathematics,M022106,Ratio of children to adults on bus,Number,"Ratio, Proportion, and Percent",Applying,constructed_response,1,2PL,0.97877,0.65679,,,,,0.04499,0.03508,,,,,MZ22106,"Concurrent calibration of the TIMSS 2003 data, 2007 bridging data, and 2007 data (eighth-grade mathematics).",T07_Items.zip > T07_Items/T07_ItemParameters_Overall.xls,"sheet G8-MAT, rows with MZ IDs",https://timssandpirls.bc.edu/TIMSS2007/PDF/T07_Items.zip,https://timssandpirls.bc.edu/TIMSS2007/idb_ug.html,
TIMSS 2007,8,Mathematics,M022108,Degree of angle from supplements,Geometry,Geometric Shapes,Applying,multiple_choice,1,3PL,0.909,0.18481,0.22419,,,,0.07998,0.08163,0.03172,,,,MZ22108,"Concurrent calibration of the TIMSS 2003 data, 2007 bridging data, and 2007 data (eighth-grade mathematics).",T07_Items.zip > T07_Items/T07_ItemParameters_Overall.xls,"sheet G8-MAT, rows with MZ IDs",https://timssandpirls.bc.edu/TIMSS2007/PDF/T07_Items.zip,https://timssandpirls.bc.edu/TIMSS2007/idb_ug.html,
TIMSS 2007,8,Mathematics,M022110,Multiply two decimals,Number,Fractions and Decimals,Knowing,constructed_response,1,2PL,0.59298,-0.69546,,,,,0.03253,0.05437,,,,,MZ22110,"Concurrent calibration of the TIMSS 2003 data, 2007 bridging data, and 2007 data (eighth-grade mathematics).",T07_Items.zip > T07_Items/T07_ItemParameters_Overall.xls,"sheet G8-MAT, rows with MZ IDs",https://timssandpirls.bc.edu/TIMSS2007/PDF/T07_Items.zip,https://timssandpirls.bc.edu/TIMSS2007/idb_ug.html,
TIMSS 2007,8,Mathematics,M022181,Graph showing information in table,Data and Chance,Data Organization and Representation,Applying,multiple_choice,1,3PL,1.06912,-0.76247,0.21341,,,,0.07696,0.08474,0.04022,,,,MZ22181,"Concurrent calibration of the TIMSS 2003 data, 2007 bridging data, and 2007 data (eighth-grade mathematics).",T07_Items.zip > T07_Items/T07_ItemParameters_Overall.xls,"sheet G8-MAT, rows with MZ IDs",https://timssandpirls.bc.edu/TIMSS2007/PDF/T07_Items.zip,https://timssandpirls.bc.edu/TIMSS2007/idb_ug.html,
TIMSS 2007,8,Mathematics,M032307,Fraction of tickets sold for 10 zeds,Number,Fractions and Decimals,Applying,constructed_response,1,2PL,1.37765,0.90049,,,,,0.06324,0.03072,,,,,MZ32307,"Concurrent calibration of the TIMSS 2003 data, 2007 bridging data, and 2007 data (eighth-grade mathematics).",T07_Items.zip > T07_Items/T07_ItemParameters_Overall.xls,"sheet G8-MAT, rows with MZ IDs",https://timssandpirls.bc.edu/TIMSS2007/PDF/T07_Items.zip,https://timssandpirls.bc.edu/TIMSS2007/idb_ug.html,
TIMSS 2007,8,Mathematics,M032523,Cups of sugar for 1 1/2 times recipe,Number,Fractions and Decimals,Applying,multiple_choice,1,3PL,1.92249,1.07643,0.17658,,,,0.13912,0.03573,0.01107,,,,MZ32523,"Concurrent calibration of the TIMSS 2003 data, 2007 bridging data, and 2007 data (eighth-grade mathematics).",T07_Items.zip > T07_Items/T07_ItemParameters_Overall.xls,"sheet G8-MAT, rows with MZ IDs",https://timssandpirls.bc.edu/TIMSS2007/PDF/T07_Items.zip,https://timssandpirls.bc.edu/TIMSS2007/idb_ug.html,
TIMSS 2007,8,Mathematics,M032701,1 teacher for every 12 students,Number,"Ratio, Proportion, and Percent",Applying,multiple_choice,1,3PL,1.21073,-1.09809,0.1851,,,,0.08205,0.07713,0.04062,,,,MZ32701,"Concurrent calibration of the TIMSS 2003 data, 2007 bridging data, and 2007 data (eighth-grade mathematics).",T07_Items.zip > T07_Items/T07_ItemParameters_Overall.xls,"sheet G8-MAT, rows with MZ IDs",https://timssandpirls.bc.edu/TIMSS2007/PDF/T07_Items.zip,https://timssandpirls.bc.edu/TIMSS2007/idb_ug.html,
TIMSS 2007,8,Mathematics,M032704,A bus travels at a constant speed,Number,"Ratio, Proportion, and Percent",Applying,multiple_choice,1,3PL,1.19001,-0.23458,0.18669,,,,0.08376,0.05948,0.02867,,,,MZ32704,"Concurrent calibration of the TIMSS 2003 data, 2007 bridging data, and 2007 data (eighth-grade mathematics).",T07_Items.zip > T07_Items/T07_ItemParameters_Overall.xls,"sheet G8-MAT, rows with MZ IDs",https://timssandpirls.bc.edu/TIMSS2007/PDF/T07_Items.zip,https://timssandpirls.bc.edu/TIMSS2007/idb_ug.html,
TIMSS 2007,8,Mathematics,M032525,The number divided by -6 gives 12,Number,Integers,Knowing,multiple_choice,1,3PL,0.99284,0.07962,0.16571,,,,0.07349,0.06379,0.02703,,,,MZ32525,"Concurrent calibration of the TIMSS 2003 data, 2007 bridging data, and 2007 data (eighth-grade mathematics).",T07_Items.zip > T07_Items/T07_ItemParameters_Overall.xls,"sheet G8-MAT, rows with MZ IDs",https://timssandpirls.bc.edu/TIMSS2007/PDF/T07_Items.zip,https://timssandpirls.bc.edu/TIMSS2007/idb_ug.html,
TIMSS 2007,8,Mathematics,M032579,The measure of angle C in triangle,Geometry,Geometric Shapes,Applying,multiple_choice,1,3PL,1.14038,-0.20471,0.19919,,,,0.08328,0.06411,0.02995,,,,MZ32579,"Concurrent calibration of the TIMSS 2003 data, 2007 bridging data, and 2007 data (eighth-grade mathematics).",T07_Items.zip > T07_Items/T07_ItemParameters_Overall.xls,"sheet G8-MAT, rows with MZ IDs",https://timssandpirls.bc.edu/TIMSS2007/PDF/T07_Items.zip,https://timssandpirls.bc.edu/TIMSS2007/idb_ug.html,
TIMSS 2007,8,Mathematics,M032691,Draw angles that are supplementary,Geometry,Geometric Shapes,Applying,constructed_response,1,2PL,0.87316,0.32744,,,,,0.04051,0.03448,,,,,MZ32691,"Concurrent calibration of the TIMSS 2003 data, 2007 bridging data, and 2007 data (eighth-grade mathematics).",T07_Items.zip > T07_Items/T07_ItemParameters_Overall.xls,"sheet G8-MAT, rows with MZ IDs",https://timssandpirls.bc.edu/TIMSS2007/PDF/T07_Items.zip,https://timssandpirls.bc.edu/TIMSS2007/idb_ug.html,
TIMSS 2007,8,Mathematics,M042001,Which is the correct number,Number,Whole Numbers,Knowing,multiple_choice,1,3PL,0.74092,-0.49985,0.19353,,,,0.05861,0.11248,0.04209,,,,MZ42001,"Concurrent calibration of the TIMSS 2003 data, 2007 bridging data, and 2007 data (eighth-grade mathematics).",T07_Items.zip > T07_Items/T07_ItemParameters_Overall.xls,"sheet G8-MAT, rows with MZ IDs",https://timssandpirls.bc.edu/TIMSS2007/PDF/T07_Items.zip,https://timssandpirls.bc.edu/TIMSS2007/idb_ug.html,
TIMSS 2007,8,Mathematics,M042022,1080 as product of prime factors,Number,Whole Numbers,Knowing,multiple_choice,1,3PL,0.91501,0.77315,0.2612,,,,0.09694,0.07487,0.02438,,,,MZ42022,"Concurrent calibration of the TIMSS 2003 data, 2007 bridging data, and 2007 data (eighth-grade mathematics).",T07_Items.zip > T07_Items/T07_ItemParameters_Overall.xls,"sheet G8-MAT, rows with MZ IDs",https://timssandpirls.bc.edu/TIMSS2007/PDF/T07_Items.zip,https://timssandpirls.bc.edu/TIMSS2007/idb_ug.html,
TIMSS 2007,8,Mathematics,M042082,What is the value of the expression,Algebra,Algebraic Expressions,Knowing,multiple_choice,1,3PL,1.28993,0.78811,0.17054,,,,0.10751,0.04476,0.01597,,,,MZ42082,"Concurrent calibration of the TIMSS 2003 data, 2007 bridging data, and 2007 data (eighth-grade mathematics).",T07_Items.zip > T07_Items/T07_ItemParameters_Overall.xls,"sheet G8-MAT, rows with MZ IDs",https://timssandpirls.bc.edu/TIMSS2007/PDF/T07_Items.zip,https://timssandpirls.bc.edu/TIMSS2007/idb_ug.html,
TIMSS 2007,8,Mathematics,M042088,Length of the second pipe,Algebra,Algebraic Expressions,Knowing,multiple_choice,1,3PL,1.11493,0.27425,0.20631,,,,0.0897,0.05704,0.02402,,,,MZ42088,"Concurrent calibration of the TIMSS 2003 data, 2007 bridging data, and 2007 data (eighth-grade mathematics).",T07_Items.zip > T07_Items/T07_ItemParameters_Overall.xls,"sheet G8-MAT, rows with MZ IDs",https://timssandpirls.bc.edu/TIMSS2007/PDF/T07_Items.zip,https://timssandpirls.bc.edu/TIMSS2007/idb_ug.html,
TIMSS 2007,8,Mathematics,M042304A,Complete the table for swimming,Number,Whole Numbers,Applying,constructed_response,1,2PL,1.40266,-0.47267,,,,,0.05936,0.02542,,,,,MZ42304A,"Concurrent calibration of the TIMSS 2003 data, 2007 bridging data, and 2007 data (eighth-grade mathematics).",T07_Items.zip > T07_Items/T07_ItemParameters_Overall.xls,"sheet G8-MAT, rows with MZ IDs",https://timssandpirls.bc.edu/TIMSS2007/PDF/T07_Items.zip,https://timssandpirls.bc.edu/TIMSS2007/idb_ug.html,
TIMSS 2007,8,Mathematics,M042304B,Complete the table for cycling,Number,"Ratio, Proportion, and Percent",Applying,constructed_response,2,GPCM,0.96616,0.67041,,0.4122,-0.4122,,0.03841,0.02502,,0.0329,0.04367,,MZ42304B,"Concurrent calibration of the TIMSS 2003 data, 2007 bridging data, and 2007 data (eighth-grade mathematics).",T07_Items.zip > T07_Items/T07_ItemParameters_Overall.xls,"sheet G8-MAT, rows with MZ IDs",https://timssandpirls.bc.edu/TIMSS2007/PDF/T07_Items.zip,https://timssandpirls.bc.edu/TIMSS2007/idb_ug.html,
TIMSS 2007,8,Mathematics,M042304C,Complete the table for running,Number,"Ratio, Proportion, and Percent",Applying,constructed_response,1,2PL,1.41362,0.72311,,,,,0.06374,0.0281,,,,,MZ42304C,"Concurrent calibration of the TIMSS 2003 data, 2007 bridging data, and 2007 data (eighth-grade mathematics).",T07_Items.zip > T07_Items/T07_ItemParameters_Overall.xls,"sheet G8-MAT, rows with MZ IDs",https://timssandpirls.bc.edu/TIMSS2007/PDF/T07_Items.zip,https://timssandpirls.bc.edu/TIMSS2007/idb_ug.html,
TIMSS 2007,8,Mathematics,M042304D,Who won the triathlon,Number,Whole Numbers,Reasoning,constructed_response,2,GPCM,0.58019,0.23264,,-1.41108,1.41108,,0.01736,0.02793,,0.0799,0.08194,,MZ42304D,"Concurrent calibration of the TIMSS 2003 data, 2007 bridging data, and 2007 data (eighth-grade mathematics).",T07_Items.zip > T07_Items/T07_ItemParameters_Overall.xls,"sheet G8-MAT, rows with MZ IDs",https://timssandpirls.bc.edu/TIMSS2007/PDF/T07_Items.zip,https://timssandpirls.bc.edu/TIMSS2007/idb_ug.html,
TIMSS 2007,8,Mathematics,M042267,How many grams can be shipped,Algebra,Equations/Formulas and Functions,Applying,multiple_choice,1,3PL,1.31027,0.66399,0.14187,,,,0.09924,0.04092,0.01548,,,,MZ42267,"Concurrent calibration of the TIMSS 2003 data, 2007 bridging data, and 2007 data (eighth-grade mathematics).",T07_Items.zip > T07_Items/T07_ItemParameters_Overall.xls,"sheet G8-MAT, rows with MZ IDs",https://timssandpirls.bc.edu/TIMSS2007/PDF/T07_Items.zip,https://timssandpirls.bc.edu/TIMSS2007/idb_ug.html,
TIMSS 2007,8,Mathematics,M042239,Simplify the expression,Algebra,Algebraic Expressions,Knowing,multiple_choice,1,3PL,1.24322,0.9665,0.10889,,,,0.09982,0.04381,0.01313,,,,MZ42239,"Concurrent calibration of the TIMSS 2003 data, 2007 bridging data, and 2007 data (eighth-grade mathematics).",T07_Items.zip > T07_Items/T07_ItemParameters_Overall.xls,"sheet G8-MAT, rows with MZ IDs",https://timssandpirls.bc.edu/TIMSS2007/PDF/T07_Items.zip,https://timssandpirls.bc.edu/TIMSS2007/idb_ug.html,
TIMSS 2007,8,Mathematics,M042238,Point on the number line,Algebra,Equations/Formulas and Functions,Applying,multiple_choice,1,3PL,1.17103,1.15535,0.18814,,,,0.12033,0.05656,0.01581,,,,MZ42238,"Concurrent calibration of the TIMSS 2003 data, 2007 bridging data, and 2007 data (eighth-grade mathematics).",T07_Items.zip > T07_Items/T07_ItemParameters_Overall.xls,"sheet G8-MAT, rows with MZ IDs",https://timssandpirls.bc.edu/TIMSS2007/PDF/T07_Items.zip,https://timssandpirls.bc.edu/TIMSS2007/idb_ug.html,
TIMSS 2007,8,Mathematics,M042279,Which shape the person see,Geometry,Geometric Shapes,Reasoning,multiple_choice,1,3PL,1.06456,-0.01696,0.11778,,,,0.06902,0.05073,0.02236,,,,MZ42279,"Concurrent calibration of the TIMSS 2003 data, 2007 bridging data, and 2007 data (eighth-grade mathematics).",T07_Items.zip > T07_Items/T07_ItemParameters_Overall.xls,"sheet G8-MAT, rows with MZ IDs",https://timssandpirls.bc.edu/TIMSS2007/PDF/T07_Items.zip,https://timssandpirls.bc.edu/TIMSS2007/idb_ug.html,
TIMSS 2007,8,Mathematics,M042036,What is the value of x,Geometry,Geometric Shapes,Reasoning,multiple_choice,1,3PL,1.47046,0.74134,0.14112,,,,0.1147,0.03797,0.01427,,,,MZ42036,"Concurrent calibration of the TIMSS 2003 data, 2007 bridging data, and 2007 data (eighth-grade mathematics).",T07_Items.zip > T07_Items/T07_ItemParameters_Overall.xls,"sheet G8-MAT, rows with MZ IDs",https://timssandpirls.bc.edu/TIMSS2007/PDF/T07_Items.zip,https://timssandpirls.bc.edu/TIMSS2007/idb_ug.html,
TIMSS 2007,8,Mathematics,M042130,Draw the triangle,Geometry,Geometric Measurement,Applying,constructed_response,1,2PL,0.52819,-0.12837,,,,,0.03067,0.05027,,,,,MZ42130,"Concurrent calibration of the TIMSS 2003 data, 2007 bridging data, and 2007 data (eighth-grade mathematics).",T07_Items.zip > T07_Items/T07_ItemParameters_Overall.xls,"sheet G8-MAT, rows with MZ IDs",https://timssandpirls.bc.edu/TIMSS2007/PDF/T07_Items.zip,https://timssandpirls.bc.edu/TIMSS2007/idb_ug.html,
TIMSS 2007,8,Mathematics,M042303A,Mean rating for each subject,Data and Chance,Data Interpretation,Knowing,constructed_response,1,2PL,1.15805,0.19323,,,,,0.05026,0.02721,,,,,MZ42303A,"Concurrent calibration of the TIMSS 2003 data, 2007 bridging data, and 2007 data (eighth-grade mathematics).",T07_Items.zip > T07_Items/T07_ItemParameters_Overall.xls,"sheet G8-MAT, rows with MZ IDs",https://timssandpirls.bc.edu/TIMSS2007/PDF/T07_Items.zip,https://timssandpirls.bc.edu/TIMSS2007/idb_ug.html,
TIMSS 2007,8,Mathematics,M042303B,True/false statements,Data and Chance,Data Interpretation,Reasoning,constructed_response,2,GPCM,0.37344,0.78741,,-0.05016,0.05016,,0.01945,0.05549,,0.08058,0.09697,,MZ42303B,"Concurrent calibration of the TIMSS 2003 data, 2007 bridging data, and 2007 data (eighth-grade mathematics).",T07_Items.zip > T07_Items/T07_ItemParameters_Overall.xls,"sheet G8-MAT, rows with MZ IDs",https://timssandpirls.bc.edu/TIMSS2007/PDF/T07_Items.zip,https://timssandpirls.bc.edu/TIMSS2007/idb_ug.html,
TIMSS 2007,8,Mathematics,M042222,Color of the third marble,Data and Chance,Chance,Knowing,multiple_choice,1,3PL,0.99844,0.38659,0.1308,,,,0.074,0.05334,0.02106,,,,MZ42222,"Concurrent calibration of the TIMSS 2003 data, 2007 bridging data, and 2007 data (eighth-grade mathematics).",T07_Items.zip > T07_Items/T07_ItemParameters_Overall.xls,"sheet G8-MAT, rows with MZ IDs",https://timssandpirls.bc.edu/TIMSS2007/PDF/T07_Items.zip,https://timssandpirls.bc.edu/TIMSS2007/idb_ug.html,
TIMSS 2007,8,Mathematics,M032142,Classes with same ratio boy to girl,Number,"Ratio, Proportion, and Percent",Applying,multiple_choice,1,3PL,1.61698,1.06798,0.40936,,,,0.1783,0.0553,0.01496,,,,MZ32142,"Concurrent calibration of the TIMSS 2003 data, 2007 bridging data, and 2007 data (eighth-grade mathematics).",T07_Items.zip > T07_Items/T07_ItemParameters_Overall.xls,"sheet G8-MAT, rows with MZ IDs",https://timssandpirls.bc.edu/TIMSS2007/PDF/T07_Items.zip,https://timssandpirls.bc.edu/TIMSS2007/idb_ug.html,
TIMSS 2007,8,Mathematics,M032198,2 times a squared times 3a,Algebra,Algebraic Expressions,Knowing,multiple_choice,1,3PL,0.76976,0.4608,0.18284,,,,0.07314,0.08582,0.03056,,,,MZ32198,"Concurrent calibration of the TIMSS 2003 data, 2007 bridging data, and 2007 data (eighth-grade mathematics).",T07_Items.zip > T07_Items/T07_ItemParameters_Overall.xls,"sheet G8-MAT, rows with MZ IDs",https://timssandpirls.bc.edu/TIMSS2007/PDF/T07_Items.zip,https://timssandpirls.bc.edu/TIMSS2007/idb_ug.html,
TIMSS 2007,8,Mathematics,M032640,13 matches to make 4 squares,Algebra,Patterns,Reasoning,constructed_response,2,GPCM,0.60659,1.39441,,-0.75168,0.75168,,0.02347,0.0481,,0.07022,0.09034,,MZ32640,"Concurrent calibration of the TIMSS 2003 data, 2007 bridging data, and 2007 data (eighth-grade mathematics).",T07_Items.zip > T07_Items/T07_ItemParameters_Overall.xls,"sheet G8-MAT, rows with MZ IDs",https://timssandpirls.bc.edu/TIMSS2007/PDF/T07_Items.zip,https://timssandpirls.bc.edu/TIMSS2007/idb_ug.html,
TIMSS 2007,8,Mathematics,M032344,Volume of folded up shape,Geometry,Geometric Measurement,Applying,constructed_response,1,2PL,1.18431,0.51763,,,,,0.05242,0.02883,,,,,MZ32344,"Concurrent calibration of the TIMSS 2003 data, 2007 bridging data, and 2007 data (eighth-grade mathematics).",T07_Items.zip > T07_Items/T07_ItemParameters_Overall.xls,"sheet G8-MAT, rows with MZ IDs",https://timssandpirls.bc.edu/TIMSS2007/PDF/T07_Items.zip,https://timssandpirls.bc.edu/TIMSS2007/idb_ug.html,
TIMSS 2007,8,Mathematics,M032754,Class Trip_Fill table with Yes/No,Geometry,Geometric Measurement,Applying,constructed_response,1,2PL,0.82819,-0.43955,,,,,0.03894,0.03743,,,,,MZ32754,"Concurrent calibration of the TIMSS 2003 data, 2007 bridging data, and 2007 data (eighth-grade mathematics).",T07_Items.zip > T07_Items/T07_ItemParameters_Overall.xls,"sheet G8-MAT, rows with MZ IDs",https://timssandpirls.bc.edu/TIMSS2007/PDF/T07_Items.zip,https://timssandpirls.bc.edu/TIMSS2007/idb_ug.html,
TIMSS 2007,8,Mathematics,M032755,Class Trip_Calculations from two ads,Number,"Ratio, Proportion, and Percent",Reasoning,constructed_response,2,GPCM,1.08078,1.21437,,-0.18514,0.18514,,0.04258,0.02972,,0.04207,0.05583,,MZ32755,"Concurrent calibration of the TIMSS 2003 data, 2007 bridging data, and 2007 data (eighth-grade mathematics).",T07_Items.zip > T07_Items/T07_ItemParameters_Overall.xls,"sheet G8-MAT, rows with MZ IDs",https://timssandpirls.bc.edu/TIMSS2007/PDF/T07_Items.zip,https://timssandpirls.bc.edu/TIMSS2007/idb_ug.html,
TIMSS 2007,8,Mathematics,M032753A,Class Trip_Complete table for Acton,Data and Chance,Data Interpretation,Reasoning,constructed_response,2,GPCM,1.03277,0.7794,,-0.24633,0.24633,,0.03577,0.02335,,0.04006,0.0473,,MZ32753A,"Concurrent calibration of the TIMSS 2003 data, 2007 bridging data, and 2007 data (eighth-grade mathematics).",T07_Items.zip > T07_Items/T07_ItemParameters_Overall.xls,"sheet G8-MAT, rows with MZ IDs",https://timssandpirls.bc.edu/TIMSS2007/PDF/T07_Items.zip,https://timssandpirls.bc.edu/TIMSS2007/idb_ug.html,
TIMSS 2007,8,Mathematics,M032753B,Class Trip_Fill table for Camford,Data and Chance,Data Interpretation,Reasoning,constructed_response,2,GPCM,1.15741,0.92232,,-0.03181,0.03181,,0.04373,0.02398,,0.03483,0.04448,,MZ32753B,"Concurrent calibration of the TIMSS 2003 data, 2007 bridging data, and 2007 data (eighth-grade mathematics).",T07_Items.zip > T07_Items/T07_ItemParameters_Overall.xls,"sheet G8-MAT, rows with MZ IDs",https://timssandpirls.bc.edu/TIMSS2007/PDF/T07_Items.zip,https://timssandpirls.bc.edu/TIMSS2007/idb_ug.html,
TIMSS 2007,8,Mathematics,M032753C,Class Trip_Towns meeting conditions,Data and Chance,Data Interpretation,Knowing,constructed_response,1,2PL,1.0235,0.51765,,,,,0.04706,0.03256,,,,,MZ32753C,"Concurrent calibration of the TIMSS 2003 data, 2007 bridging data, and 2007 data (eighth-grade mathematics).",T07_Items.zip > T07_Items/T07_ItemParameters_Overall.xls,"sheet G8-MAT, rows with MZ IDs",https://timssandpirls.bc.edu/TIMSS2007/PDF/T07_Items.zip,https://timssandpirls.bc.edu/TIMSS2007/idb_ug.html,
TIMSS 2007,8,Mathematics,M032756,Class Trip_Town meets conditions,Data and Chance,Data Interpretation,Reasoning,constructed_response,1,2PL,0.69984,0.44052,,,,,0.03636,0.0432,,,,,MZ32756,"Concurrent calibration of the TIMSS 2003 data, 2007 bridging data, and 2007 data (eighth-grade mathematics).",T07_Items.zip > T07_Items/T07_ItemParameters_Overall.xls,"sheet G8-MAT, rows with MZ IDs",https://timssandpirls.bc.edu/TIMSS2007/PDF/T07_Items.zip,https://timssandpirls.bc.edu/TIMSS2007/idb_ug.html,
TIMSS 2007,8,Mathematics,M032205,The measure of the angle QUS,Geometry,Geometric Shapes,Applying,multiple_choice,1,3PL,0.56988,0.18057,0.20735,,,,0.06118,0.14983,0.04482,,,,MZ32205,"Concurrent calibration of the TIMSS 2003 data, 2007 bridging data, and 2007 data (eighth-grade mathematics).",T07_Items.zip > T07_Items/T07_ItemParameters_Overall.xls,"sheet G8-MAT, rows with MZ IDs",https://timssandpirls.bc.edu/TIMSS2007/PDF/T07_Items.zip,https://timssandpirls.bc.edu/TIMSS2007/idb_ug.html,
TIMSS 2007,8,Mathematics,M032163,Relation between x and y in a table,Algebra,Equations/Formulas and Functions,Applying,multiple_choice,1,3PL,1.51845,0.69246,0.23805,,,,0.13529,0.0438,0.01726,,,,MZ32163,"Concurrent calibration of the TIMSS 2003 data, 2007 bridging data, and 2007 data (eighth-grade mathematics).",T07_Items.zip > T07_Items/T07_ItemParameters_Overall.xls,"sheet G8-MAT, rows with MZ IDs",https://timssandpirls.bc.edu/TIMSS2007/PDF/T07_Items.zip,https://timssandpirls.bc.edu/TIMSS2007/idb_ug.html,
TIMSS 2007,8,Mathematics,M032381,How many children were on the trip,Number,Whole Numbers,Reasoning,constructed_response,1,2PL,1.09848,0.26014,,,,,0.04724,0.02823,,,,,MZ32381,"Concurrent calibration of the TIMSS 2003 data, 2007 bridging data, and 2007 data (eighth-grade mathematics).",T07_Items.zip > T07_Items/T07_ItemParameters_Overall.xls,"sheet G8-MAT, rows with MZ IDs",https://timssandpirls.bc.edu/TIMSS2007/PDF/T07_Items.zip,https://timssandpirls.bc.edu/TIMSS2007/idb_ug.html,
TIMSS 2007,8,Mathematics,M032416,Correct procedure for 1/5 minus 1/3,Number,Fractions and Decimals,Knowing,multiple_choice,1,3PL,1.37012,0.85469,0.11081,,,,0.10219,0.03801,0.01341,,,,MZ32416,"Concurrent calibration of the TIMSS 2003 data, 2007 bridging data, and 2007 data (eighth-grade mathematics).",T07_Items.zip > T07_Items/T07_ItemParameters_Overall.xls,"sheet G8-MAT, rows with MZ IDs",https://timssandpirls.bc.edu/TIMSS2007/PDF/T07_Items.zip,https://timssandpirls.bc.edu/TIMSS2007/idb_ug.html,
TIMSS 2007,8,Mathematics,M032160,An alloy is made of gold and silver,Number,"Ratio, Proportion, and Percent",Applying,multiple_choice,1,3PL,1.88382,1.25848,0.12578,,,,0.11891,0.03545,0.00954,,,,MZ32160,"Concurrent calibration of the TIMSS 2003 data, 2007 bridging data, and 2007 data (eighth-grade mathematics).",T07_Items.zip > T07_Items/T07_ItemParameters_Overall.xls,"sheet G8-MAT, rows with MZ IDs",https://timssandpirls.bc.edu/TIMSS2007/PDF/T07_Items.zip,https://timssandpirls.bc.edu/TIMSS2007/idb_ug.html,
TIMSS 2007,8,Mathematics,M032273,"Rule for the pattern of 2,5,11,23",Algebra,Patterns,Applying,multiple_choice,1,3PL,0.95506,-0.25142,0.2391,,,,0.07611,0.08783,0.03593,,,,MZ32273,"Concurrent calibration of the TIMSS 2003 data, 2007 bridging data, and 2007 data (eighth-grade mathematics).",T07_Items.zip > T07_Items/T07_ItemParameters_Overall.xls,"sheet G8-MAT, rows with MZ IDs",https://timssandpirls.bc.edu/TIMSS2007/PDF/T07_Items.zip,https://timssandpirls.bc.edu/TIMSS2007/idb_ug.html,
TIMSS 2007,8,Mathematics,M032540,3 times(2x minus 1)plus 2x equals 21,Algebra,Equations/Formulas and Functions,Knowing,multiple_choice,1,3PL,1.05753,0.3114,0.32954,,,,0.10075,0.07731,0.02826,,,,MZ32540,"Concurrent calibration of the TIMSS 2003 data, 2007 bridging data, and 2007 data (eighth-grade mathematics).",T07_Items.zip > T07_Items/T07_ItemParameters_Overall.xls,"sheet G8-MAT, rows with MZ IDs",https://timssandpirls.bc.edu/TIMSS2007/PDF/T07_Items.zip,https://timssandpirls.bc.edu/TIMSS2007/idb_ug.html,
TIMSS 2007,8,Mathematics,M032698,Number of jackets Anna has using n,Algebra,Algebraic Expressions,Knowing,multiple_choice,1,3PL,1.02518,0.56626,0.14435,,,,0.07861,0.05273,0.02022,,,,MZ32698,"Concurrent calibration of the TIMSS 2003 data, 2007 bridging data, and 2007 data (eighth-grade mathematics).",T07_Items.zip > T07_Items/T07_ItemParameters_Overall.xls,"sheet G8-MAT, rows with MZ IDs",https://timssandpirls.bc.edu/TIMSS2007/PDF/T07_Items.zip,https://timssandpirls.bc.edu/TIMSS2007/idb_ug.html,
TIMSS 2007,8,Mathematics,M032097,How many frogs in circular pond,Geometry,Geometric Measurement,Applying,multiple_choice,1,3PL,1.27298,1.36089,0.18935,,,,0.13344,0.05511,0.01391,,,,MZ32097,"Concurrent calibration of the TIMSS 2003 data, 2007 bridging data, and 2007 data (eighth-grade mathematics).",T07_Items.zip > T07_Items/T07_ItemParameters_Overall.xls,"sheet G8-MAT, rows with MZ IDs",https://timssandpirls.bc.edu/TIMSS2007/PDF/T07_Items.zip,https://timssandpirls.bc.edu/TIMSS2007/idb_ug.html,
TIMSS 2007,8,Mathematics,M032575,Area of figure in square cm,Geometry,Geometric Measurement,Applying,multiple_choice,1,3PL,1.89036,0.57383,0.20768,,,,0.14485,0.03325,0.01511,,,,MZ32575,"Concurrent calibration of the TIMSS 2003 data, 2007 bridging data, and 2007 data (eighth-grade mathematics).",T07_Items.zip > T07_Items/T07_ItemParameters_Overall.xls,"sheet G8-MAT, rows with MZ IDs",https://timssandpirls.bc.edu/TIMSS2007/PDF/T07_Items.zip,https://timssandpirls.bc.edu/TIMSS2007/idb_ug.html,
TIMSS 2007,8,Mathematics,M032414,Value of angle x in a figure,Geometry,Geometric Shapes,Applying,constructed_response,1,2PL,1.08294,0.6017,,,,,0.04837,0.03112,,,,,MZ32414,"Concurrent calibration of the TIMSS 2003 data, 2007 bridging data, and 2007 data (eighth-grade mathematics).",T07_Items.zip > T07_Items/T07_ItemParameters_Overall.xls,"sheet G8-MAT, rows with MZ IDs",https://timssandpirls.bc.edu/TIMSS2007/PDF/T07_Items.zip,https://timssandpirls.bc.edu/TIMSS2007/idb_ug.html,
TIMSS 2007,8,Mathematics,M032294,Point P so MNP is isosceles triangle,Geometry,Location and Movement,Applying,multiple_choice,1,3PL,0.90892,0.00798,0.21815,,,,0.07563,0.08498,0.03352,,,,MZ32294,"Concurrent calibration of the TIMSS 2003 data, 2007 bridging data, and 2007 data (eighth-grade mathematics).",T07_Items.zip > T07_Items/T07_ItemParameters_Overall.xls,"sheet G8-MAT, rows with MZ IDs",https://timssandpirls.bc.edu/TIMSS2007/PDF/T07_Items.zip,https://timssandpirls.bc.edu/TIMSS2007/idb_ug.html,
TIMSS 2007,8,Mathematics,M032688,Draw lines in spinner using table,Data and Chance,Chance,Applying,constructed_response,1,2PL,0.81517,0.76408,,,,,0.04011,0.04171,,,,,MZ32688,"Concurrent calibration of the TIMSS 2003 data, 2007 bridging data, and 2007 data (eighth-grade mathematics).",T07_Items.zip > T07_Items/T07_ItemParameters_Overall.xls,"sheet G8-MAT, rows with MZ IDs",https://timssandpirls.bc.edu/TIMSS2007/PDF/T07_Items.zip,https://timssandpirls.bc.edu/TIMSS2007/idb_ug.html,
TIMSS 2007,8,Mathematics,M032529,Percentage reduction in sale,Number,"Ratio, Proportion, and Percent",Applying,multiple_choice,1,3PL,1.52932,1.01033,0.16644,,,,0.13057,0.04002,0.01345,,,,MZ32529,"Concurrent calibration of the TIMSS 2003 data, 2007 bridging data, and 2007 data (eighth-grade mathematics).",T07_Items.zip > T07_Items/T07_ItemParameters_Overall.xls,"sheet G8-MAT, rows with MZ IDs",https://timssandpirls.bc.edu/TIMSS2007/PDF/T07_Items.zip,https://timssandpirls.bc.edu/TIMSS2007/idb_ug.html,
TIMSS 2007,8,Mathematics,M032637A,Be Fit Health Club/label lines,Data and Chance,Data Organization and Representation,Applying,constructed_response,1,2PL,0.82708,-0.40753,,,,,0.03875,0.03842,,,,,MZ32637A,"Concurrent calibration of the TIMSS 2003 data, 2007 bridging data, and 2007 data (eighth-grade mathematics).",T07_Items.zip > T07_Items/T07_ItemParameters_Overall.xls,"sheet G8-MAT, rows with MZ IDs",https://timssandpirls.bc.edu/TIMSS2007/PDF/T07_Items.zip,https://timssandpirls.bc.edu/TIMSS2007/idb_ug.html,
TIMSS 2007,8,Mathematics,M032637B,Be Fit Health Club/identify week,Data and Chance,Data Organization and Representation,Knowing,constructed_response,1,2PL,1.06975,-0.43249,,,,,0.0496,0.03421,,,,,MZ32637B,"Concurrent calibration of the TIMSS 2003 data, 2007 bridging data, and 2007 data (eighth-grade mathematics).",T07_Items.zip > T07_Items/T07_ItemParameters_Overall.xls,"sheet G8-MAT, rows with MZ IDs",https://timssandpirls.bc.edu/TIMSS2007/PDF/T07_Items.zip,https://timssandpirls.bc.edu/TIMSS2007/idb_ug.html,
TIMSS 2007,8,Mathematics,M032637C,Be Fit Health Club/costs at 24 weeks,Data and Chance,Data Organization and Representation,Applying,constructed_response,1,2PL,1.03937,0.17653,,,,,0.04844,0.03138,,,,,MZ32637C,"Concurrent calibration of the TIMSS 2003 data, 2007 bridging data, and 2007 data (eighth-grade mathematics).",T07_Items.zip > T07_Items/T07_ItemParameters_Overall.xls,"sheet G8-MAT, rows with MZ IDs",https://timssandpirls.bc.edu/TIMSS2007/PDF/T07_Items.zip,https://timssandpirls.bc.edu/TIMSS2007/idb_ug.html,
TIMSS Advanced 2008,12,Advanced Mathematics,MA13001,Composite function,Algebra,Signs and Values of Functions,Knowing,multiple_choice,1,3PL,1.17621,-0.10176,0.1155,,,,0.05331,0.03643,0.01873,,,,MA13001,Concurrent scaling of the TIMSS Advanced 1995 and 2008 advanced mathematics data.,TA08_Items.zip > TA08_Items/TA08_Item_Parameters.xls,sheet Adv. Math,https://timss.bc.edu/timss_advanced/downloads/TA08_Items.zip,https://timssandpirls.bc.edu/timss_advanced/idb.html,
TIMSS Advanced 2008,12,Advanced Mathematics,MA13002,Identify the graph of function,Algebra,Representation of Functions,Reasoning,multiple_choice,1,3PL,1.46536,0.11045,0.2058,,,,0.07482,0.03024,0.01574,,,,MA13002,Concurrent scaling of the TIMSS Advanced 1995 and 2008 advanced mathematics data.,TA08_Items.zip > TA08_Items/TA08_Item_Parameters.xls,sheet Adv. Math,https://timss.bc.edu/timss_advanced/downloads/TA08_Items.zip,https://timssandpirls.bc.edu/timss_advanced/idb.html,
TIMSS Advanced 2008,12,Advanced Mathematics,MA13003,Predictions of 2 models compared,Algebra,Equations and Inequations,Reasoning,multiple_choice,1,3PL,0.44262,-0.29826,0.06569,,,,0.02506,0.10294,0.0299,,,,MA13003,Concurrent scaling of the TIMSS Advanced 1995 and 2008 advanced mathematics data.,TA08_Items.zip > TA08_Items/TA08_Item_Parameters.xls,sheet Adv. Math,https://timss.bc.edu/timss_advanced/downloads/TA08_Items.zip,https://timssandpirls.bc.edu/timss_advanced/idb.html,
TIMSS Advanced 2008,12,Advanced Mathematics,MA13004,Solve the limit of function,Calculus,Limits and Continuity,Knowing,multiple_choice,1,3PL,1.16252,0.24715,0.26963,,,,0.06974,0.04116,0.01823,,,,MA13004,Concurrent scaling of the TIMSS Advanced 1995 and 2008 advanced mathematics data.,TA08_Items.zip > TA08_Items/TA08_Item_Parameters.xls,sheet Adv. Math,https://timss.bc.edu/timss_advanced/downloads/TA08_Items.zip,https://timssandpirls.bc.edu/timss_advanced/idb.html,
TIMSS Advanced 2008,12,Advanced Mathematics,MA13006,Using chain rule,Calculus,Differentiation,Knowing,multiple_choice,1,3PL,0.88453,0.21303,0.06678,,,,0.04108,0.03657,0.01631,,,,MA13006,Concurrent scaling of the TIMSS Advanced 1995 and 2008 advanced mathematics data.,TA08_Items.zip > TA08_Items/TA08_Item_Parameters.xls,sheet Adv. Math,https://timss.bc.edu/timss_advanced/downloads/TA08_Items.zip,https://timssandpirls.bc.edu/timss_advanced/idb.html,
TIMSS Advanced 2008,12,Advanced Mathematics,MA13007,Slope sums of equilateral triangle,Geometry,Straight Lines in the Cartesian Plane,Applying,multiple_choice,1,3PL,0.82629,0.21579,0.17859,,,,0.05128,0.05683,0.02343,,,,MA13007,Concurrent scaling of the TIMSS Advanced 1995 and 2008 advanced mathematics data.,TA08_Items.zip > TA08_Items/TA08_Item_Parameters.xls,sheet Adv. Math,https://timss.bc.edu/timss_advanced/downloads/TA08_Items.zip,https://timssandpirls.bc.edu/timss_advanced/idb.html,
TIMSS Advanced 2008,12,Advanced Mathematics,MA13008,Length of PT is equal to,Geometry,Properties of Geometric Figures,Reasoning,multiple_choice,1,3PL,0.78905,-0.73734,0.16269,,,,0.04373,0.09318,0.03861,,,,MA13008,Concurrent scaling of the TIMSS Advanced 1995 and 2008 advanced mathematics data.,TA08_Items.zip > TA08_Items/TA08_Item_Parameters.xls,sheet Adv. Math,https://timss.bc.edu/timss_advanced/downloads/TA08_Items.zip,https://timssandpirls.bc.edu/timss_advanced/idb.html,
TIMSS Advanced 2008,12,Advanced Mathematics,MA13009,Integer coordinates of function,Algebra,Signs and Values of Functions,Applying,multiple_choice,1,3PL,0.63467,-0.17393,0.09032,,,,0.03498,0.0763,0.02847,,,,MA13009,Concurrent scaling of the TIMSS Advanced 1995 and 2008 advanced mathematics data.,TA08_Items.zip > TA08_Items/TA08_Item_Parameters.xls,sheet Adv. Math,https://timss.bc.edu/timss_advanced/downloads/TA08_Items.zip,https://timssandpirls.bc.edu/timss_advanced/idb.html,
TIMSS Advanced 2008,12,Advanced Mathematics,MA13021,Shape created by rotating line,Geometry,Properties of Geometric Figures,Knowing,multiple_choice,1,3PL,0.3584,-0.67066,0.2,,,,0.02879,0.0827,0.0,,,,MA13021,Concurrent scaling of the TIMSS Advanced 1995 and 2008 advanced mathematics data.,TA08_Items.zip > TA08_Items/TA08_Item_Parameters.xls,sheet Adv. Math,https://timss.bc.edu/timss_advanced/downloads/TA08_Items.zip,https://timssandpirls.bc.edu/timss_advanced/idb.html,
TIMSS Advanced 2008,12,Advanced Mathematics,MA13024,Integral of function,Calculus,Integration,Knowing,multiple_choice,1,3PL,1.35879,0.4547,0.25269,,,,0.11608,0.04255,0.01911,,,,MA13024,Concurrent scaling of the TIMSS Advanced 1995 and 2008 advanced mathematics data.,TA08_Items.zip > TA08_Items/TA08_Item_Parameters.xls,sheet Adv. Math,https://timss.bc.edu/timss_advanced/downloads/TA08_Items.zip,https://timssandpirls.bc.edu/timss_advanced/idb.html,
TIMSS Advanced 2008,12,Advanced Mathematics,MA13025A,Function/where not continuous,Calculus,Limits and Continuity,Knowing,constructed_response,1,2PL,0.67462,0.10473,,,,,0.03106,0.0309,,,,,MA13025A,Concurrent scaling of the TIMSS Advanced 1995 and 2008 advanced mathematics data.,TA08_Items.zip > TA08_Items/TA08_Item_Parameters.xls,sheet Adv. Math,https://timss.bc.edu/timss_advanced/downloads/TA08_Items.zip,https://timssandpirls.bc.edu/timss_advanced/idb.html,
TIMSS Advanced 2008,12,Advanced Mathematics,MA13025B,Function/where not differentiable,Calculus,Limits and Continuity,Knowing,constructed_response,1,2PL,0.93435,1.90889,,,,,0.05651,0.08053,,,,,MA13025B,Concurrent scaling of the TIMSS Advanced 1995 and 2008 advanced mathematics data.,TA08_Items.zip > TA08_Items/TA08_Item_Parameters.xls,sheet Adv. Math,https://timss.bc.edu/timss_advanced/downloads/TA08_Items.zip,https://timssandpirls.bc.edu/timss_advanced/idb.html,
TIMSS Advanced 2008,12,Advanced Mathematics,MA13026A,Triangle abc/reflection,Geometry,Properties of Geometric Figures,Applying,constructed_response,1,2PL,0.63172,-0.42636,,,,,0.03026,0.039,,,,,MA13026A,Concurrent scaling of the TIMSS Advanced 1995 and 2008 advanced mathematics data.,TA08_Items.zip > TA08_Items/TA08_Item_Parameters.xls,sheet Adv. Math,https://timss.bc.edu/timss_advanced/downloads/TA08_Items.zip,https://timssandpirls.bc.edu/timss_advanced/idb.html,
TIMSS Advanced 2008,12,Advanced Mathematics,MA13026B,Triangle abc/rotation,Geometry,Properties of Geometric Figures,Applying,constructed_response,1,2PL,0.8702,1.27465,,,,,0.04476,0.04889,,,,,MA13026B,Concurrent scaling of the TIMSS Advanced 1995 and 2008 advanced mathematics data.,TA08_Items.zip > TA08_Items/TA08_Item_Parameters.xls,sheet Adv. Math,https://timss.bc.edu/timss_advanced/downloads/TA08_Items.zip,https://timssandpirls.bc.edu/timss_advanced/idb.html,
TIMSS Advanced 2008,12,Advanced Mathematics,MA13027,Limit of the perimeter of polygon,Algebra,Numeric and Algebraic Series,Reasoning,constructed_response,2,GPCM,0.4851,0.73666,,-1.96722,1.96722,,0.01306,0.02892,,0.07638,0.08067,,MA13027,Concurrent scaling of the TIMSS Advanced 1995 and 2008 advanced mathematics data.,TA08_Items.zip > TA08_Items/TA08_Item_Parameters.xls,sheet Adv. Math,https://timss.bc.edu/timss_advanced/downloads/TA08_Items.zip,https://timssandpirls.bc.edu/timss_advanced/idb.html,
TIMSS Advanced 2008,12,Advanced Mathematics,MA13028,Steps for mathematical induction,Algebra,Numeric and Algebraic Series,Knowing,constructed_response,1,2PL,0.71431,1.623,,,,,0.04362,0.07814,,,,,MA13028,Concurrent scaling of the TIMSS Advanced 1995 and 2008 advanced mathematics data.,TA08_Items.zip > TA08_Items/TA08_Item_Parameters.xls,sheet Adv. Math,https://timss.bc.edu/timss_advanced/downloads/TA08_Items.zip,https://timssandpirls.bc.edu/timss_advanced/idb.html,
TIMSS Advanced 2008,12,Advanced Mathematics,MA13029,Prove e is midpoint of quadrilateral,Geometry,Straight Lines in the Cartesian Plane,Reasoning,constructed_response,2,GPCM,0.4234,0.33803,,-1.72692,1.72692,,0.01215,0.02959,,0.07715,0.07859,,MA13029,Concurrent scaling of the TIMSS Advanced 1995 and 2008 advanced mathematics data.,TA08_Items.zip > TA08_Items/TA08_Item_Parameters.xls,sheet Adv. Math,https://timss.bc.edu/timss_advanced/downloads/TA08_Items.zip,https://timssandpirls.bc.edu/timss_advanced/idb.html,
TIMSS Advanced 2008,12,Advanced Mathematics,MA23069,Sum of infinite geometric series,Algebra,Numeric and Algebraic Series,Applying,multiple_choice,1,3PL,1.0175,0.30977,0.13165,,,,0.15242,0.08471,0.03662,,,,MA23069,Concurrent scaling of the TIMSS Advanced 1995 and 2008 advanced mathematics data.,TA08_Items.zip > TA08_Items/TA08_Item_Parameters.xls,sheet Adv. Math,https://timss.bc.edu/timss_advanced/downloads/TA08_Items.zip,https://timssandpirls.bc.edu/timss_advanced/idb.html,
TIMSS Advanced 2008,12,Advanced Mathematics,MA23135,Values of x to satisfy inequality,Algebra,Equations and Inequations,Applying,constructed_response,1,2PL,0.65774,0.00591,,,,,0.0555,0.05999,,,,,MA23135,Concurrent scaling of the TIMSS Advanced 1995 and 2008 advanced mathematics data.,TA08_Items.zip > TA08_Items/TA08_Item_Parameters.xls,sheet Adv. Math,https://timss.bc.edu/timss_advanced/downloads/TA08_Items.zip,https://timssandpirls.bc.edu/timss_advanced/idb.html,
TIMSS Advanced 2008,12,Advanced Mathematics,MA23208,Volume V as function of diameter d,Algebra,Representation of Functions,Reasoning,multiple_choice,1,3PL,1.03866,0.75288,0.20028,,,,0.18582,0.08652,0.03091,,,,MA23208,Concurrent scaling of the TIMSS Advanced 1995 and 2008 advanced mathematics data.,TA08_Items.zip > TA08_Items/TA08_Item_Parameters.xls,sheet Adv. Math,https://timss.bc.edu/timss_advanced/downloads/TA08_Items.zip,https://timssandpirls.bc.edu/timss_advanced/idb.html,
TIMSS Advanced 2008,12,Advanced Mathematics,MA23165,Limit of the given expression,Calculus,Limits and Continuity,Applying,constructed_response,1,2PL,0.58263,0.34038,,,,,0.05392,0.077,,,,,MA23165,Concurrent scaling of the TIMSS Advanced 1995 and 2008 advanced mathematics data.,TA08_Items.zip > TA08_Items/TA08_Item_Parameters.xls,sheet Adv. Math,https://timss.bc.edu/timss_advanced/downloads/TA08_Items.zip,https://timssandpirls.bc.edu/timss_advanced/idb.html,
TIMSS Advanced 2008,12,Advanced Mathematics,MA23039,Derivative of exponential function,Calculus,Differentiation,Knowing,multiple_choice,1,3PL,0.67574,-0.5572,0.0202,,,,0.10058,0.22472,0.08978,,,,MA23039,Concurrent scaling of the TIMSS Advanced 1995 and 2008 advanced mathematics data.,TA08_Items.zip > TA08_Items/TA08_Item_Parameters.xls,sheet Adv. Math,https://timss.bc.edu/timss_advanced/downloads/TA08_Items.zip,https://timssandpirls.bc.edu/timss_advanced/idb.html,
TIMSS Advanced 2008,12,Advanced Mathematics,MA23159,Derivative of the given expression,Calculus,Differentiation,Knowing,constructed_response,1,2PL,0.71339,-0.38964,,,,,0.05779,0.06176,,,,,MA23159,Concurrent scaling of the TIMSS Advanced 1995 and 2008 advanced mathematics data.,TA08_Items.zip > TA08_Items/TA08_Item_Parameters.xls,sheet Adv. Math,https://timss.bc.edu/timss_advanced/downloads/TA08_Items.zip,https://timssandpirls.bc.edu/timss_advanced/idb.html,
TIMSS Advanced 2008,12,Advanced Mathematics,MA23198,Why slope at points A and B are same,Calculus,Applying Derivatives to Graphs of  Functions,Reasoning,constructed_response,1,2PL,1.37463,0.59981,,,,,0.10786,0.04217,,,,,MA23198,Concurrent scaling of the TIMSS Advanced 1995 and 2008 advanced mathematics data.,TA08_Items.zip > TA08_Items/TA08_Item_Parameters.xls,sheet Adv. Math,https://timss.bc.edu/timss_advanced/downloads/TA08_Items.zip,https://timssandpirls.bc.edu/timss_advanced/idb.html,
TIMSS Advanced 2008,12,Advanced Mathematics,MA23042,Integral of the given expression,Calculus,Integration,Knowing,multiple_choice,1,3PL,1.20893,0.52639,0.34745,,,,0.24303,0.09469,0.0342,,,,MA23042,Concurrent scaling of the TIMSS Advanced 1995 and 2008 advanced mathematics data.,TA08_Items.zip > TA08_Items/TA08_Item_Parameters.xls,sheet Adv. Math,https://timss.bc.edu/timss_advanced/downloads/TA08_Items.zip,https://timssandpirls.bc.edu/timss_advanced/idb.html,
TIMSS Advanced 2008,12,Advanced Mathematics,MA23055,Equation of circle shown,Geometry,Properties of Circles,Knowing,multiple_choice,1,3PL,0.93142,0.34951,0.10013,,,,0.13008,0.08505,0.03522,,,,MA23055,Concurrent scaling of the TIMSS Advanced 1995 and 2008 advanced mathematics data.,TA08_Items.zip > TA08_Items/TA08_Item_Parameters.xls,sheet Adv. Math,https://timss.bc.edu/timss_advanced/downloads/TA08_Items.zip,https://timssandpirls.bc.edu/timss_advanced/idb.html,
TIMSS Advanced 2008,12,Advanced Mathematics,MA23080,Number of solutions of equation,Geometry,Trigonometry,Reasoning,multiple_choice,1,3PL,1.24429,0.18821,0.11755,,,,0.14849,0.06708,0.02952,,,,MA23080,Concurrent scaling of the TIMSS Advanced 1995 and 2008 advanced mathematics data.,TA08_Items.zip > TA08_Items/TA08_Item_Parameters.xls,sheet Adv. Math,https://timss.bc.edu/timss_advanced/downloads/TA08_Items.zip,https://timssandpirls.bc.edu/timss_advanced/idb.html,
TIMSS Advanced 2008,12,Advanced Mathematics,MA23021,Equation for width of each window,Geometry,Trigonometry,Applying,multiple_choice,1,3PL,2.0946,1.06447,0.16263,,,,0.43359,0.06288,0.01573,,,,MA23021,Concurrent scaling of the TIMSS Advanced 1995 and 2008 advanced mathematics data.,TA08_Items.zip > TA08_Items/TA08_Item_Parameters.xls,sheet Adv. Math,https://timss.bc.edu/timss_advanced/downloads/TA08_Items.zip,https://timssandpirls.bc.edu/timss_advanced/idb.html,
TIMSS Advanced 2008,12,Advanced Mathematics,MA23004,Thickness of pile of papers,Algebra,Numeric and Algebraic Series,Reasoning,multiple_choice,1,3PL,0.85759,0.7141,0.29186,,,,0.20945,0.14723,0.05377,,,,MA23004,Concurrent scaling of the TIMSS Advanced 1995 and 2008 advanced mathematics data.,TA08_Items.zip > TA08_Items/TA08_Item_Parameters.xls,sheet Adv. Math,https://timss.bc.edu/timss_advanced/downloads/TA08_Items.zip,https://timssandpirls.bc.edu/timss_advanced/idb.html,
TIMSS Advanced 2008,12,Advanced Mathematics,MA23063,Which is equal to 5 over x,Algebra,Complex Numbers,Applying,multiple_choice,1,3PL,1.32491,1.25856,0.13602,,,,0.26379,0.09238,0.02048,,,,MA23063,Concurrent scaling of the TIMSS Advanced 1995 and 2008 advanced mathematics data.,TA08_Items.zip > TA08_Items/TA08_Item_Parameters.xls,sheet Adv. Math,https://timss.bc.edu/timss_advanced/downloads/TA08_Items.zip,https://timssandpirls.bc.edu/timss_advanced/idb.html,
TIMSS Advanced 2008,12,Advanced Mathematics,MA23141,Find values of a b and c in equation,Algebra,Representation of Functions,Knowing,constructed_response,1,2PL,1.131,0.79701,,,,,0.09547,0.05471,,,,,MA23141,Concurrent scaling of the TIMSS Advanced 1995 and 2008 advanced mathematics data.,TA08_Items.zip > TA08_Items/TA08_Item_Parameters.xls,sheet Adv. Math,https://timss.bc.edu/timss_advanced/downloads/TA08_Items.zip,https://timssandpirls.bc.edu/timss_advanced/idb.html,
TIMSS Advanced 2008,12,Advanced Mathematics,MA23133,Minimum value of the given function,Algebra,Signs and Values of Functions,Knowing,multiple_choice,1,3PL,0.91422,0.99764,0.07897,,,,0.16665,0.08798,0.0324,,,,MA23133,Concurrent scaling of the TIMSS Advanced 1995 and 2008 advanced mathematics data.,TA08_Items.zip > TA08_Items/TA08_Item_Parameters.xls,sheet Adv. Math,https://timss.bc.edu/timss_advanced/downloads/TA08_Items.zip,https://timssandpirls.bc.edu/timss_advanced/idb.html,
TIMSS Advanced 2008,12,Advanced Mathematics,MA23158,Distance car travels after braking,Calculus,Using Derivatives to Solve Problems,Applying,multiple_choice,1,3PL,1.5134,1.10795,0.10983,,,,0.26127,0.06858,0.01865,,,,MA23158,Concurrent scaling of the TIMSS Advanced 1995 and 2008 advanced mathematics data.,TA08_Items.zip > TA08_Items/TA08_Item_Parameters.xls,sheet Adv. Math,https://timss.bc.edu/timss_advanced/downloads/TA08_Items.zip,https://timssandpirls.bc.edu/timss_advanced/idb.html,
TIMSS Advanced 2008,12,Advanced Mathematics,MA23151,Graph that has properties shown,Calculus,Applying Derivatives to Graphs of  Functions,Reasoning,multiple_choice,1,3PL,0.89477,0.60513,0.2309,,,,0.18451,0.1304,0.05164,,,,MA23151,Concurrent scaling of the TIMSS Advanced 1995 and 2008 advanced mathematics data.,TA08_Items.zip > TA08_Items/TA08_Item_Parameters.xls,sheet Adv. Math,https://timss.bc.edu/timss_advanced/downloads/TA08_Items.zip,https://timssandpirls.bc.edu/timss_advanced/idb.html,
TIMSS Advanced 2008,12,Advanced Mathematics,MA23035A,Values of points of intersection,Calculus,Applying Derivatives to Graphs of  Functions,Applying,constructed_response,1,2PL,1.13753,0.33789,,,,,0.09185,0.04312,,,,,MA23035A,Concurrent scaling of the TIMSS Advanced 1995 and 2008 advanced mathematics data.,TA08_Items.zip > TA08_Items/TA08_Item_Parameters.xls,sheet Adv. Math,https://timss.bc.edu/timss_advanced/downloads/TA08_Items.zip,https://timssandpirls.bc.edu/timss_advanced/idb.html,
TIMSS Advanced 2008,12,Advanced Mathematics,MA23035B,Max and min points of graph,Calculus,Applying Derivatives to Graphs of  Functions,Applying,constructed_response,1,2PL,1.03221,1.06388,,,,,0.09949,0.07389,,,,,MA23035B,Concurrent scaling of the TIMSS Advanced 1995 and 2008 advanced mathematics data.,TA08_Items.zip > TA08_Items/TA08_Item_Parameters.xls,sheet Adv. Math,https://timss.bc.edu/timss_advanced/downloads/TA08_Items.zip,https://timssandpirls.bc.edu/timss_advanced/idb.html,
TIMSS Advanced 2008,12,Advanced Mathematics,MA23050,Value of definite integral,Calculus,Integration,Knowing,multiple_choice,1,3PL,1.13412,1.27784,0.22617,,,,0.29108,0.11716,0.02965,,,,MA23050,Concurrent scaling of the TIMSS Advanced 1995 and 2008 advanced mathematics data.,TA08_Items.zip > TA08_Items/TA08_Item_Parameters.xls,sheet Adv. Math,https://timss.bc.edu/timss_advanced/downloads/TA08_Items.zip,https://timssandpirls.bc.edu/timss_advanced/idb.html,
TIMSS Advanced 2008,12,Advanced Mathematics,MA23041,What is the integral,Calculus,Integration,Knowing,multiple_choice,1,3PL,0.96427,0.88641,0.19607,,,,0.20911,0.10621,0.04122,,,,MA23041,Concurrent scaling of the TIMSS Advanced 1995 and 2008 advanced mathematics data.,TA08_Items.zip > TA08_Items/TA08_Item_Parameters.xls,sheet Adv. Math,https://timss.bc.edu/timss_advanced/downloads/TA08_Items.zip,https://timssandpirls.bc.edu/timss_advanced/idb.html,
TIMSS Advanced 2008,12,Advanced Mathematics,MA23182,Possible values for x,Geometry,Trigonometry,Applying,multiple_choice,1,3PL,1.27081,0.49702,0.19764,,,,0.21979,0.08412,0.03881,,,,MA23182,Concurrent scaling of the TIMSS Advanced 1995 and 2008 advanced mathematics data.,TA08_Items.zip > TA08_Items/TA08_Item_Parameters.xls,sheet Adv. Math,https://timss.bc.edu/timss_advanced/downloads/TA08_Items.zip,https://timssandpirls.bc.edu/timss_advanced/idb.html,
TIMSS Advanced 2008,12,Advanced Mathematics,MA23170,Is line l parallel with PQ,Geometry,Straight Lines in the Cartesian Plane,Applying,constructed_response,1,2PL,0.98081,0.66134,,,,,0.08256,0.05674,,,,,MA23170,Concurrent scaling of the TIMSS Advanced 1995 and 2008 advanced mathematics data.,TA08_Items.zip > TA08_Items/TA08_Item_Parameters.xls,sheet Adv. Math,https://timss.bc.edu/timss_advanced/downloads/TA08_Items.zip,https://timssandpirls.bc.edu/timss_advanced/idb.html,
TIMSS 2011,4,Mathematics,M031009,How many pages needed altogether,Number,Whole Numbers,Applying,constructed_response,1,2PL,0.79578,0.48436,,,,,0.03376,0.03085,,,,,M031009,Concurrent calibration of the TIMSS 2007 and 2011 fourth-grade mathematics data.,T11_ItemParameters.zip > T11_G4_ItemParameters.xlsx,sheet MAT,https://timssandpirls.bc.edu/timss2011/downloads/T11_ItemParameters.zip,https://timssandpirls.bc.edu/timss2011/international-database.html,
TIMSS 2011,4,Mathematics,M031016,What is the prize winning number,Number,Whole Numbers,Reasoning,constructed_response,1,2PL,1.07024,0.69366,,,,,0.04238,0.0269,,,,,M031016,Concurrent calibration of the TIMSS 2007 and 2011 fourth-grade mathematics data.,T11_ItemParameters.zip > T11_G4_ItemParameters.xlsx,sheet MAT,https://timssandpirls.bc.edu/timss2011/downloads/T11_ItemParameters.zip,https://timssandpirls.bc.edu/timss2011/international-database.html,
TIMSS 2011,4,Mathematics,M031043,A train from Redville to Bedford,Number,Whole Numbers,Applying,multiple_choice,1,3PL,1.17319,0.12472,0.1809,,,,0.07359,0.0456,0.02176,,,,M031043,Concurrent calibration of the TIMSS 2007 and 2011 fourth-grade mathematics data.,T11_ItemParameters.zip > T11_G4_ItemParameters.xlsx,sheet MAT,https://timssandpirls.bc.edu/timss2011/downloads/T11_ItemParameters.zip,https://timssandpirls.bc.edu/timss2011/international-database.html,
TIMSS 2011,4,Mathematics,M031079B,Pattern of circles/figure 5,Number,Patterns and Relationships,Applying,constructed_response,1,2PL,1.10576,-0.85922,,,,,0.0428,0.03254,,,,,M031079B,Concurrent calibration of the TIMSS 2007 and 2011 fourth-grade mathematics data.,T11_ItemParameters.zip > T11_G4_ItemParameters.xlsx,sheet MAT,https://timssandpirls.bc.edu/timss2011/downloads/T11_ItemParameters.zip,https://timssandpirls.bc.edu/timss2011/international-database.html,
TIMSS 2011,4,Mathematics,M031079C,Pattern of circles/figure 10,Number,Patterns and Relationships,Reasoning,constructed_response,1,2PL,0.7045,0.40604,,,,,0.03132,0.03343,,,,,M031079C,Concurrent calibration of the TIMSS 2007 and 2011 fourth-grade mathematics data.,T11_ItemParameters.zip > T11_G4_ItemParameters.xlsx,sheet MAT,https://timssandpirls.bc.edu/timss2011/downloads/T11_ItemParameters.zip,https://timssandpirls.bc.edu/timss2011/international-database.html,
TIMSS 2011,4,Mathematics,M031128,"5,631 plus 286",Number,Whole Numbers,Knowing,constructed_response,1,2PL,0.39563,-1.75671,,,,,0.0247,0.11163,,,,,M031128,Concurrent calibration of the TIMSS 2007 and 2011 fourth-grade mathematics data.,T11_ItemParameters.zip > T11_G4_ItemParameters.xlsx,sheet MAT,https://timssandpirls.bc.edu/timss2011/downloads/T11_ItemParameters.zip,https://timssandpirls.bc.edu/timss2011/international-database.html,
TIMSS 2011,4,Mathematics,M031183,Recipe for 3 people,Number,Whole Numbers,Applying,constructed_response,2,GPCM,0.83604,0.09091,,0.73974,-0.73974,,0.02691,0.02084,,0.0331,0.0326,,M031183,Concurrent calibration of the TIMSS 2007 and 2011 fourth-grade mathematics data.,T11_ItemParameters.zip > T11_G4_ItemParameters.xlsx,sheet MAT,https://timssandpirls.bc.edu/timss2011/downloads/T11_ItemParameters.zip,https://timssandpirls.bc.edu/timss2011/international-database.html,
TIMSS 2011,4,Mathematics,M031185,Distance between towns using map,Number,Whole Numbers,Reasoning,multiple_choice,1,3PL,1.3751,0.0876,0.22218,,,,0.08868,0.0425,0.02196,,,,M031185,Concurrent calibration of the TIMSS 2007 and 2011 fourth-grade mathematics data.,T11_ItemParameters.zip > T11_G4_ItemParameters.xlsx,sheet MAT,https://timssandpirls.bc.edu/timss2011/downloads/T11_ItemParameters.zip,https://timssandpirls.bc.edu/timss2011/international-database.html,
TIMSS 2011,4,Mathematics,M031187,Kim gave Pete 3 more pencils,Number,Number Sentences with Whole Numbers,Applying,multiple_choice,1,3PL,0.67938,-0.89657,0.19801,,,,0.05012,0.1394,0.05036,,,,M031187,Concurrent calibration of the TIMSS 2007 and 2011 fourth-grade mathematics data.,T11_ItemParameters.zip > T11_G4_ItemParameters.xlsx,sheet MAT,https://timssandpirls.bc.edu/timss2011/downloads/T11_ItemParameters.zip,https://timssandpirls.bc.edu/timss2011/international-database.html,
TIMSS 2011,4,Mathematics,M031210,Select a fraction larger than 1/2,Number,Fractions and Decimals,Knowing,multiple_choice,1,3PL,1.5403,0.74604,0.28412,,,,0.12266,0.03676,0.01539,,,,M031210,Concurrent calibration of the TIMSS 2007 and 2011 fourth-grade mathematics data.,T11_ItemParameters.zip > T11_G4_ItemParameters.xlsx,sheet MAT,https://timssandpirls.bc.edu/timss2011/downloads/T11_ItemParameters.zip,https://timssandpirls.bc.edu/timss2011/international-database.html,
TIMSS 2011,4,Mathematics,M031218,600 books to be packed into boxes,Number,Whole Numbers,Applying,multiple_choice,1,3PL,1.31439,0.00598,0.1752,,,,0.07773,0.04108,0.02074,,,,M031218,Concurrent calibration of the TIMSS 2007 and 2011 fourth-grade mathematics data.,T11_ItemParameters.zip > T11_G4_ItemParameters.xlsx,sheet MAT,https://timssandpirls.bc.edu/timss2011/downloads/T11_ItemParameters.zip,https://timssandpirls.bc.edu/timss2011/international-database.html,
TIMSS 2011,4,Mathematics,M031251,Steve’s rule to get number in box,Number,Patterns and Relationships,Applying,multiple_choice,1,3PL,1.46507,0.47591,0.22162,,,,0.09909,0.0352,0.01647,,,,M031251,Concurrent calibration of the TIMSS 2007 and 2011 fourth-grade mathematics data.,T11_ItemParameters.zip > T11_G4_ItemParameters.xlsx,sheet MAT,https://timssandpirls.bc.edu/timss2011/downloads/T11_ItemParameters.zip,https://timssandpirls.bc.edu/timss2011/international-database.html,
TIMSS 2011,4,Mathematics,M031252,"If the pattern 3,6,9,12 continued",Number,Patterns and Relationships,Applying,multiple_choice,1,3PL,0.91399,-0.40191,0.17455,,,,0.05851,0.07463,0.03223,,,,M031252,Concurrent calibration of the TIMSS 2007 and 2011 fourth-grade mathematics data.,T11_ItemParameters.zip > T11_G4_ItemParameters.xlsx,sheet MAT,https://timssandpirls.bc.edu/timss2011/downloads/T11_ItemParameters.zip,https://timssandpirls.bc.edu/timss2011/international-database.html,
TIMSS 2011,4,Mathematics,M031313,Total number of people on a ship,Number,Whole Numbers,Applying,constructed_response,1,2PL,0.51082,-1.61961,,,,,0.02834,0.0887,,,,,M031313,Concurrent calibration of the TIMSS 2007 and 2011 fourth-grade mathematics data.,T11_ItemParameters.zip > T11_G4_ItemParameters.xlsx,sheet MAT,https://timssandpirls.bc.edu/timss2011/downloads/T11_ItemParameters.zip,https://timssandpirls.bc.edu/timss2011/international-database.html,
TIMSS 2011,4,Mathematics,M031316,4 times box equals 28,Number,Number Sentences with Whole Numbers,Knowing,constructed_response,1,2PL,0.58693,-2.32344,,,,,0.03251,0.11051,,,,,M031316,Concurrent calibration of the TIMSS 2007 and 2011 fourth-grade mathematics data.,T11_ItemParameters.zip > T11_G4_ItemParameters.xlsx,sheet MAT,https://timssandpirls.bc.edu/timss2011/downloads/T11_ItemParameters.zip,https://timssandpirls.bc.edu/timss2011/international-database.html,
TIMSS 2011,4,Mathematics,M031317,3 + 8 = box plus 6,Number,Number Sentences with Whole Numbers,Knowing,multiple_choice,1,3PL,1.27798,0.6407,0.14744,,,,0.0844,0.03456,0.01511,,,,M031317,Concurrent calibration of the TIMSS 2007 and 2011 fourth-grade mathematics data.,T11_ItemParameters.zip > T11_G4_ItemParameters.xlsx,sheet MAT,https://timssandpirls.bc.edu/timss2011/downloads/T11_ItemParameters.zip,https://timssandpirls.bc.edu/timss2011/international-database.html,
TIMSS 2011,4,Mathematics,M031346A,Trading Cards_Cartoon cards,Number,Whole Numbers,Applying,constructed_response,1,2PL,1.54019,-0.51559,,,,,0.05616,0.02121,,,,,M031346A,Concurrent calibration of the TIMSS 2007 and 2011 fourth-grade mathematics data.,T11_ItemParameters.zip > T11_G4_ItemParameters.xlsx,sheet MAT,https://timssandpirls.bc.edu/timss2011/downloads/T11_ItemParameters.zip,https://timssandpirls.bc.edu/timss2011/international-database.html,
TIMSS 2011,4,Mathematics,M031346B,Trading Cards_Sports cards,Number,Whole Numbers,Reasoning,constructed_response,1,2PL,1.69011,0.42089,,,,,0.06032,0.01715,,,,,M031346B,Concurrent calibration of the TIMSS 2007 and 2011 fourth-grade mathematics data.,T11_ItemParameters.zip > T11_G4_ItemParameters.xlsx,sheet MAT,https://timssandpirls.bc.edu/timss2011/downloads/T11_ItemParameters.zip,https://timssandpirls.bc.edu/timss2011/international-database.html,
TIMSS 2011,4,Mathematics,M031346C,Trading Cards_Max number of cards,Number,Whole Numbers,Reasoning,constructed_response,2,GPCM,1.31278,0.1474,,0.47389,-0.47389,,0.04046,0.01439,,0.02237,0.02245,,M031346C,Concurrent calibration of the TIMSS 2007 and 2011 fourth-grade mathematics data.,T11_ItemParameters.zip > T11_G4_ItemParameters.xlsx,sheet MAT,https://timssandpirls.bc.edu/timss2011/downloads/T11_ItemParameters.zip,https://timssandpirls.bc.edu/timss2011/international-database.html,
TIMSS 2011,4,Mathematics,M031379,Trading Cards_Trading sports cards,Number,Whole Numbers,Reasoning,constructed_response,1,2PL,1.13517,0.78454,,,,,0.04511,0.02707,,,,,M031379,Concurrent calibration of the TIMSS 2007 and 2011 fourth-grade mathematics data.,T11_ItemParameters.zip > T11_G4_ItemParameters.xlsx,sheet MAT,https://timssandpirls.bc.edu/timss2011/downloads/T11_ItemParameters.zip,https://timssandpirls.bc.edu/timss2011/international-database.html,
TIMSS 2011,4,Mathematics,M031380,Trading Card_Trading cartoon cards,Number,Whole Numbers,Reasoning,constructed_response,1,2PL,1.07672,1.0844,,,,,0.04638,0.03462,,,,,M031380,Concurrent calibration of the TIMSS 2007 and 2011 fourth-grade mathematics data.,T11_ItemParameters.zip > T11_G4_ItemParameters.xlsx,sheet MAT,https://timssandpirls.bc.edu/timss2011/downloads/T11_ItemParameters.zip,https://timssandpirls.bc.edu/timss2011/international-database.html,
TIMSS 2011,4,Mathematics,M041003,Smallest 3 digit number,Number,Whole Numbers,Knowing,constructed_response,1,2PL,0.71479,-0.11189,,,,,0.03042,0.03248,,,,,M041003,Concurrent calibration of the TIMSS 2007 and 2011 fourth-grade mathematics data.,T11_ItemParameters.zip > T11_G4_ItemParameters.xlsx,sheet MAT,https://timssandpirls.bc.edu/timss2011/downloads/T11_ItemParameters.zip,https://timssandpirls.bc.edu/timss2011/international-database.html,
TIMSS 2011,4,Mathematics,M041010,Place value of 8,Number,Whole Numbers,Knowing,multiple_choice,1,3PL,0.88292,-0.43529,0.29569,,,,0.06713,0.10087,0.03916,,,,M041010,Concurrent calibration of the TIMSS 2007 and 2011 fourth-grade mathematics data.,T11_ItemParameters.zip > T11_G4_ItemParameters.xlsx,sheet MAT,https://timssandpirls.bc.edu/timss2011/downloads/T11_ItemParameters.zip,https://timssandpirls.bc.edu/timss2011/international-database.html,
TIMSS 2011,4,Mathematics,M041011,Number 100 more than 5432,Number,Whole Numbers,Knowing,multiple_choice,1,3PL,1.09989,-0.40181,0.21168,,,,0.06809,0.06325,0.02991,,,,M041011,Concurrent calibration of the TIMSS 2007 and 2011 fourth-grade mathematics data.,T11_ItemParameters.zip > T11_G4_ItemParameters.xlsx,sheet MAT,https://timssandpirls.bc.edu/timss2011/downloads/T11_ItemParameters.zip,https://timssandpirls.bc.edu/timss2011/international-database.html,
TIMSS 2011,4,Mathematics,M041041,Number closest to 9 multiply by 22,Number,Whole Numbers,Knowing,multiple_choice,1,3PL,0.99807,0.16643,0.31001,,,,0.08046,0.07081,0.02778,,,,M041041,Concurrent calibration of the TIMSS 2007 and 2011 fourth-grade mathematics data.,T11_ItemParameters.zip > T11_G4_ItemParameters.xlsx,sheet MAT,https://timssandpirls.bc.edu/timss2011/downloads/T11_ItemParameters.zip,https://timssandpirls.bc.edu/timss2011/international-database.html,
TIMSS 2011,4,Mathematics,M041064,Shade 1/2 of the larger triangle,Number,Fractions and Decimals,Applying,constructed_response,1,2PL,0.74617,-0.59326,,,,,0.03129,0.03736,,,,,M041064,Concurrent calibration of the TIMSS 2007 and 2011 fourth-grade mathematics data.,T11_ItemParameters.zip > T11_G4_ItemParameters.xlsx,sheet MAT,https://timssandpirls.bc.edu/timss2011/downloads/T11_ItemParameters.zip,https://timssandpirls.bc.edu/timss2011/international-database.html,
TIMSS 2011,4,Mathematics,M041098,How many cans must Sean buy,Number,Whole Numbers,Applying,multiple_choice,1,3PL,1.50525,0.48695,0.23556,,,,0.10324,0.03499,0.0165,,,,M041098,Concurrent calibration of the TIMSS 2007 and 2011 fourth-grade mathematics data.,T11_ItemParameters.zip > T11_G4_ItemParameters.xlsx,sheet MAT,https://timssandpirls.bc.edu/timss2011/downloads/T11_ItemParameters.zip,https://timssandpirls.bc.edu/timss2011/international-database.html,
TIMSS 2011,4,Mathematics,M041104,Number between 5 and 6,Number,Fractions and Decimals,Knowing,constructed_response,1,2PL,0.92975,-0.18042,,,,,0.03571,0.02689,,,,,M041104,Concurrent calibration of the TIMSS 2007 and 2011 fourth-grade mathematics data.,T11_ItemParameters.zip > T11_G4_ItemParameters.xlsx,sheet MAT,https://timssandpirls.bc.edu/timss2011/downloads/T11_ItemParameters.zip,https://timssandpirls.bc.edu/timss2011/international-database.html,
TIMSS 2011,4,Mathematics,M041107,Number sentence for a situation,Number,Number Sentences with Whole Numbers,Applying,multiple_choice,1,3PL,0.84872,-1.32811,0.17079,,,,0.05373,0.11284,0.0479,,,,M041107,Concurrent calibration of the TIMSS 2007 and 2011 fourth-grade mathematics data.,T11_ItemParameters.zip > T11_G4_ItemParameters.xlsx,sheet MAT,https://timssandpirls.bc.edu/timss2011/downloads/T11_ItemParameters.zip,https://timssandpirls.bc.edu/timss2011/international-database.html,
TIMSS 2011,4,Mathematics,M041115A,Draw figure 5,Number,Patterns and Relationships,Applying,constructed_response,1,2PL,0.81833,-0.44945,,,,,0.03318,0.0333,,,,,M041115A,Concurrent calibration of the TIMSS 2007 and 2011 fourth-grade mathematics data.,T11_ItemParameters.zip > T11_G4_ItemParameters.xlsx,sheet MAT,https://timssandpirls.bc.edu/timss2011/downloads/T11_ItemParameters.zip,https://timssandpirls.bc.edu/timss2011/international-database.html,
TIMSS 2011,4,Mathematics,M041115B,Number of squares for figure 16,Number,Patterns and Relationships,Reasoning,constructed_response,1,2PL,1.08208,0.03961,,,,,0.04039,0.02314,,,,,M041115B,Concurrent calibration of the TIMSS 2007 and 2011 fourth-grade mathematics data.,T11_ItemParameters.zip > T11_G4_ItemParameters.xlsx,sheet MAT,https://timssandpirls.bc.edu/timss2011/downloads/T11_ItemParameters.zip,https://timssandpirls.bc.edu/timss2011/international-database.html,
TIMSS 2011,4,Mathematics,M041122,Numbers which are factor of 12,Number,Whole Numbers,Knowing,constructed_response,2,GPCM,0.46458,0.56321,,-0.76755,0.76755,,0.01483,0.03014,,0.06174,0.06695,,M041122,Concurrent calibration of the TIMSS 2007 and 2011 fourth-grade mathematics data.,T11_ItemParameters.zip > T11_G4_ItemParameters.xlsx,sheet MAT,https://timssandpirls.bc.edu/timss2011/downloads/T11_ItemParameters.zip,https://timssandpirls.bc.edu/timss2011/international-database.html,
TIMSS 2011,4,Mathematics,M041299,Fraction of the cake eaten,Number,Fractions and Decimals,Knowing,constructed_response,1,2PL,1.30863,0.76752,,,,,0.05077,0.02383,,,,,M041299,Concurrent calibration of the TIMSS 2007 and 2011 fourth-grade mathematics data.,T11_ItemParameters.zip > T11_G4_ItemParameters.xlsx,sheet MAT,https://timssandpirls.bc.edu/timss2011/downloads/T11_ItemParameters.zip,https://timssandpirls.bc.edu/timss2011/international-database.html,
TIMSS 2011,4,Mathematics,M041320,Equivalent fractions,Number,Fractions and Decimals,Knowing,multiple_choice,1,3PL,1.79311,0.38276,0.18353,,,,0.10743,0.02718,0.01467,,,,M041320,Concurrent calibration of the TIMSS 2007 and 2011 fourth-grade mathematics data.,T11_ItemParameters.zip > T11_G4_ItemParameters.xlsx,sheet MAT,https://timssandpirls.bc.edu/timss2011/downloads/T11_ItemParameters.zip,https://timssandpirls.bc.edu/timss2011/international-database.html,
TIMSS 2011,4,Mathematics,M051001,Soccer tournament,Number,Whole Numbers,Reasoning,constructed_response,1,2PL,1.02257,0.69106,,,,,0.05737,0.03898,,,,,M051001,Concurrent calibration of the TIMSS 2007 and 2011 fourth-grade mathematics data.,T11_ItemParameters.zip > T11_G4_ItemParameters.xlsx,sheet MAT,https://timssandpirls.bc.edu/timss2011/downloads/T11_ItemParameters.zip,https://timssandpirls.bc.edu/timss2011/international-database.html,
TIMSS 2011,4,Mathematics,M051007,Number of hours to Brandon on bike,Number,Whole Numbers,Reasoning,multiple_choice,1,3PL,1.17946,1.34369,0.29334,,,,0.19922,0.08325,0.02171,,,,M051007,Concurrent calibration of the TIMSS 2007 and 2011 fourth-grade mathematics data.,T11_ItemParameters.zip > T11_G4_ItemParameters.xlsx,sheet MAT,https://timssandpirls.bc.edu/timss2011/downloads/T11_ItemParameters.zip,https://timssandpirls.bc.edu/timss2011/international-database.html,
TIMSS 2011,4,Mathematics,M051091,Find the inequivalent fraction,Number,Fractions and Decimals,Knowing,multiple_choice,1,3PL,1.4514,0.53001,0.19637,,,,0.13676,0.04848,0.023,,,,M051091,Concurrent calibration of the TIMSS 2007 and 2011 fourth-grade mathematics data.,T11_ItemParameters.zip > T11_G4_ItemParameters.xlsx,sheet MAT,https://timssandpirls.bc.edu/timss2011/downloads/T11_ItemParameters.zip,https://timssandpirls.bc.edu/timss2011/international-database.html,
TIMSS 2011,4,Mathematics,M051203,Multiply 23 and 19,Number,Whole Numbers,Knowing,constructed_response,1,2PL,0.42843,0.42038,,,,,0.03577,0.07429,,,,,M051203,Concurrent calibration of the TIMSS 2007 and 2011 fourth-grade mathematics data.,T11_ItemParameters.zip > T11_G4_ItemParameters.xlsx,sheet MAT,https://timssandpirls.bc.edu/timss2011/downloads/T11_ItemParameters.zip,https://timssandpirls.bc.edu/timss2011/international-database.html,
TIMSS 2011,4,Mathematics,M051305,How far did Duncan travel,Number,Fractions and Decimals,Applying,multiple_choice,1,3PL,0.8336,-0.25318,0.17995,,,,0.08606,0.13058,0.05562,,,,M051305,Concurrent calibration of the TIMSS 2007 and 2011 fourth-grade mathematics data.,T11_ItemParameters.zip > T11_G4_ItemParameters.xlsx,sheet MAT,https://timssandpirls.bc.edu/timss2011/downloads/T11_ItemParameters.zip,https://timssandpirls.bc.edu/timss2011/international-database.html,
TIMSS 2011,4,Mathematics,M051601,Number of matches for figure 4,Number,Patterns and Relationships,Applying,constructed_response,1,2PL,0.88856,-0.3847,,,,,0.04922,0.04201,,,,,M051601,Concurrent calibration of the TIMSS 2007 and 2011 fourth-grade mathematics data.,T11_ItemParameters.zip > T11_G4_ItemParameters.xlsx,sheet MAT,https://timssandpirls.bc.edu/timss2011/downloads/T11_ItemParameters.zip,https://timssandpirls.bc.edu/timss2011/international-database.html,
TIMSS 2011,4,Mathematics,M031004,Length of string pulled straight,Geometric Shapes and Measures,"Points, Lines, and Angles",Applying,multiple_choice,1,3PL,0.87167,0.99709,0.10297,,,,0.06992,0.04926,0.01655,,,,M031004,Concurrent calibration of the TIMSS 2007 and 2011 fourth-grade mathematics data.,T11_ItemParameters.zip > T11_G4_ItemParameters.xlsx,sheet MAT,https://timssandpirls.bc.edu/timss2011/downloads/T11_ItemParameters.zip,https://timssandpirls.bc.edu/timss2011/international-database.html,
TIMSS 2011,4,Mathematics,M031071,Position of shape after a 1/2 turn,Geometric Shapes and Measures,Two- and Three-dimensional Shapes,Knowing,multiple_choice,1,3PL,0.8805,0.61525,0.16764,,,,0.07109,0.05801,0.02315,,,,M031071,Concurrent calibration of the TIMSS 2007 and 2011 fourth-grade mathematics data.,T11_ItemParameters.zip > T11_G4_ItemParameters.xlsx,sheet MAT,https://timssandpirls.bc.edu/timss2011/downloads/T11_ItemParameters.zip,https://timssandpirls.bc.edu/timss2011/international-database.html,
TIMSS 2011,4,Mathematics,M031083,Pieces of cardboard to make shape,Geometric Shapes and Measures,Two- and Three-dimensional Shapes,Knowing,multiple_choice,1,3PL,0.88438,-0.56598,0.21206,,,,0.06017,0.0914,0.03943,,,,M031083,Concurrent calibration of the TIMSS 2007 and 2011 fourth-grade mathematics data.,T11_ItemParameters.zip > T11_G4_ItemParameters.xlsx,sheet MAT,https://timssandpirls.bc.edu/timss2011/downloads/T11_ItemParameters.zip,https://timssandpirls.bc.edu/timss2011/international-database.html,
TIMSS 2011,4,Mathematics,M031088,Jamie is playing a board game,Geometric Shapes and Measures,"Points, Lines, and Angles",Applying,multiple_choice,1,3PL,0.73809,-0.78369,0.18336,,,,0.05169,0.11775,0.04531,,,,M031088,Concurrent calibration of the TIMSS 2007 and 2011 fourth-grade mathematics data.,T11_ItemParameters.zip > T11_G4_ItemParameters.xlsx,sheet MAT,https://timssandpirls.bc.edu/timss2011/downloads/T11_ItemParameters.zip,https://timssandpirls.bc.edu/timss2011/international-database.html,
TIMSS 2011,4,Mathematics,M031093,Which dotted line is of symmetry,Geometric Shapes and Measures,Two- and Three-dimensional Shapes,Knowing,multiple_choice,1,3PL,0.51915,0.67423,0.27013,,,,0.07244,0.16552,0.04563,,,,M031093,Concurrent calibration of the TIMSS 2007 and 2011 fourth-grade mathematics data.,T11_ItemParameters.zip > T11_G4_ItemParameters.xlsx,sheet MAT,https://timssandpirls.bc.edu/timss2011/downloads/T11_ItemParameters.zip,https://timssandpirls.bc.edu/timss2011/international-database.html,
TIMSS 2011,4,Mathematics,M031109,The angles ordered by size,Geometric Shapes and Measures,"Points, Lines, and Angles",Knowing,multiple_choice,1,3PL,0.73724,-0.25126,0.2156,,,,0.05785,0.10636,0.03899,,,,M031109,Concurrent calibration of the TIMSS 2007 and 2011 fourth-grade mathematics data.,T11_ItemParameters.zip > T11_G4_ItemParameters.xlsx,sheet MAT,https://timssandpirls.bc.edu/timss2011/downloads/T11_ItemParameters.zip,https://timssandpirls.bc.edu/timss2011/international-database.html,
TIMSS 2011,4,Mathematics,M031159,Rotate the shape 1/4 clockwise,Geometric Shapes and Measures,Two- and Three-dimensional Shapes,Knowing,multiple_choice,1,3PL,0.99374,-0.40127,0.20124,,,,0.06367,0.07086,0.03186,,,,M031159,Concurrent calibration of the TIMSS 2007 and 2011 fourth-grade mathematics data.,T11_ItemParameters.zip > T11_G4_ItemParameters.xlsx,sheet MAT,https://timssandpirls.bc.edu/timss2011/downloads/T11_ItemParameters.zip,https://timssandpirls.bc.edu/timss2011/international-database.html,
TIMSS 2011,4,Mathematics,M031297,Shaded area in square centimeters,Geometric Shapes and Measures,Two- and Three-dimensional Shapes,Applying,constructed_response,1,2PL,0.81622,0.50297,,,,,0.03445,0.03104,,,,,M031297,Concurrent calibration of the TIMSS 2007 and 2011 fourth-grade mathematics data.,T11_ItemParameters.zip > T11_G4_ItemParameters.xlsx,sheet MAT,https://timssandpirls.bc.edu/timss2011/downloads/T11_ItemParameters.zip,https://timssandpirls.bc.edu/timss2011/international-database.html,
TIMSS 2011,4,Mathematics,M031325,Angle between 90 and 180 degrees,Geometric Shapes and Measures,"Points, Lines, and Angles",Applying,constructed_response,1,2PL,0.93816,0.70522,,,,,0.03898,0.02973,,,,,M031325,Concurrent calibration of the TIMSS 2007 and 2011 fourth-grade mathematics data.,T11_ItemParameters.zip > T11_G4_ItemParameters.xlsx,sheet MAT,https://timssandpirls.bc.edu/timss2011/downloads/T11_ItemParameters.zip,https://timssandpirls.bc.edu/timss2011/international-database.html,
TIMSS 2011,4,Mathematics,M041143,Identify shapes in the picture,Geometric Shapes and Measures,Two- and Three-dimensional Shapes,Knowing,constructed_response,2,GPCM,0.30416,-0.68347,,-2.12054,2.12054,,0.00944,0.04548,,0.1134,0.10494,,M041143,Concurrent calibration of the TIMSS 2007 and 2011 fourth-grade mathematics data.,T11_ItemParameters.zip > T11_G4_ItemParameters.xlsx,sheet MAT,https://timssandpirls.bc.edu/timss2011/downloads/T11_ItemParameters.zip,https://timssandpirls.bc.edu/timss2011/international-database.html,
TIMSS 2011,4,Mathematics,M041148,Statement about 3-D figures,Geometric Shapes and Measures,Two- and Three-dimensional Shapes,Knowing,constructed_response,2,GPCM,0.3786,-0.11518,,0.36586,-0.36586,,0.01736,0.03753,,0.06986,0.06561,,M041148,Concurrent calibration of the TIMSS 2007 and 2011 fourth-grade mathematics data.,T11_ItemParameters.zip > T11_G4_ItemParameters.xlsx,sheet MAT,https://timssandpirls.bc.edu/timss2011/downloads/T11_ItemParameters.zip,https://timssandpirls.bc.edu/timss2011/international-database.html,
TIMSS 2011,4,Mathematics,M041155,How far does Ruth walk,Geometric Shapes and Measures,Two- and Three-dimensional Shapes,Applying,multiple_choice,1,3PL,0.85541,0.06904,0.13975,,,,0.0574,0.06383,0.02663,,,,M041155,Concurrent calibration of the TIMSS 2007 and 2011 fourth-grade mathematics data.,T11_ItemParameters.zip > T11_G4_ItemParameters.xlsx,sheet MAT,https://timssandpirls.bc.edu/timss2011/downloads/T11_ItemParameters.zip,https://timssandpirls.bc.edu/timss2011/international-database.html,
TIMSS 2011,4,Mathematics,M041158,Number of boxes in the stack,Geometric Shapes and Measures,Two- and Three-dimensional Shapes,Applying,multiple_choice,1,3PL,0.75915,-0.462,0.22262,,,,0.05722,0.11122,0.04203,,,,M041158,Concurrent calibration of the TIMSS 2007 and 2011 fourth-grade mathematics data.,T11_ItemParameters.zip > T11_G4_ItemParameters.xlsx,sheet MAT,https://timssandpirls.bc.edu/timss2011/downloads/T11_ItemParameters.zip,https://timssandpirls.bc.edu/timss2011/international-database.html,
TIMSS 2011,4,Mathematics,M041160A,Position of the shop,Geometric Shapes and Measures,"Points, Lines, and Angles",Knowing,constructed_response,1,2PL,0.99546,-1.36656,,,,,0.04252,0.04712,,,,,M041160A,Concurrent calibration of the TIMSS 2007 and 2011 fourth-grade mathematics data.,T11_ItemParameters.zip > T11_G4_ItemParameters.xlsx,sheet MAT,https://timssandpirls.bc.edu/timss2011/downloads/T11_ItemParameters.zip,https://timssandpirls.bc.edu/timss2011/international-database.html,
TIMSS 2011,4,Mathematics,M041160B,Mark Lucy’s house,Geometric Shapes and Measures,"Points, Lines, and Angles",Applying,constructed_response,1,2PL,1.20956,-1.44733,,,,,0.05302,0.04377,,,,,M041160B,Concurrent calibration of the TIMSS 2007 and 2011 fourth-grade mathematics data.,T11_ItemParameters.zip > T11_G4_ItemParameters.xlsx,sheet MAT,https://timssandpirls.bc.edu/timss2011/downloads/T11_ItemParameters.zip,https://timssandpirls.bc.edu/timss2011/international-database.html,
TIMSS 2011,4,Mathematics,M041265,Relating net with its 3-D figure,Geometric Shapes and Measures,Two- and Three-dimensional Shapes,Reasoning,multiple_choice,1,3PL,0.77222,0.65662,0.10214,,,,0.05867,0.05627,0.0212,,,,M041265,Concurrent calibration of the TIMSS 2007 and 2011 fourth-grade mathematics data.,T11_ItemParameters.zip > T11_G4_ItemParameters.xlsx,sheet MAT,https://timssandpirls.bc.edu/timss2011/downloads/T11_ItemParameters.zip,https://timssandpirls.bc.edu/timss2011/international-database.html,
TIMSS 2011,4,Mathematics,M041284,Identify the shapes,Geometric Shapes and Measures,Two- and Three-dimensional Shapes,Reasoning,constructed_response,2,GPCM,0.68887,0.64336,,0.49486,-0.49486,,0.02545,0.02559,,0.03602,0.04484,,M041284,Concurrent calibration of the TIMSS 2007 and 2011 fourth-grade mathematics data.,T11_ItemParameters.zip > T11_G4_ItemParameters.xlsx,sheet MAT,https://timssandpirls.bc.edu/timss2011/downloads/T11_ItemParameters.zip,https://timssandpirls.bc.edu/timss2011/international-database.html,
TIMSS 2011,4,Mathematics,M041327,Draw the line of symmetry,Geometric Shapes and Measures,Two- and Three-dimensional Shapes,Applying,constructed_response,1,2PL,0.57923,0.02065,,,,,0.02796,0.03847,,,,,M041327,Concurrent calibration of the TIMSS 2007 and 2011 fourth-grade mathematics data.,T11_ItemParameters.zip > T11_G4_ItemParameters.xlsx,sheet MAT,https://timssandpirls.bc.edu/timss2011/downloads/T11_ItemParameters.zip,https://timssandpirls.bc.edu/timss2011/international-database.html,
TIMSS 2011,4,Mathematics,M041328,Draw reflection of the triangle,Geometric Shapes and Measures,Two- and Three-dimensional Shapes,Applying,constructed_response,1,2PL,0.79695,-0.43893,,,,,0.03261,0.03339,,,,,M041328,Concurrent calibration of the TIMSS 2007 and 2011 fourth-grade mathematics data.,T11_ItemParameters.zip > T11_G4_ItemParameters.xlsx,sheet MAT,https://timssandpirls.bc.edu/timss2011/downloads/T11_ItemParameters.zip,https://timssandpirls.bc.edu/timss2011/international-database.html,
TIMSS 2011,4,Mathematics,M041329,Which one is a right angle,Geometric Shapes and Measures,"Points, Lines, and Angles",Knowing,multiple_choice,1,3PL,0.98766,0.16093,0.38506,,,,0.08844,0.082,0.02896,,,,M041329,Concurrent calibration of the TIMSS 2007 and 2011 fourth-grade mathematics data.,T11_ItemParameters.zip > T11_G4_ItemParameters.xlsx,sheet MAT,https://timssandpirls.bc.edu/timss2011/downloads/T11_ItemParameters.zip,https://timssandpirls.bc.edu/timss2011/international-database.html,
TIMSS 2011,4,Mathematics,M051015,Complete Jay’s shape,Geometric Shapes and Measures,Two- and Three-dimensional Shapes,Applying,constructed_response,1,2PL,0.60974,0.17929,,,,,0.04043,0.05139,,,,,M051015,Concurrent calibration of the TIMSS 2007 and 2011 fourth-grade mathematics data.,T11_ItemParameters.zip > T11_G4_ItemParameters.xlsx,sheet MAT,https://timssandpirls.bc.edu/timss2011/downloads/T11_ItemParameters.zip,https://timssandpirls.bc.edu/timss2011/international-database.html,
TIMSS 2011,4,Mathematics,M051064A,Complete the table,Geometric Shapes and Measures,"Points, Lines, and Angles",Knowing,constructed_response,1,2PL,0.79669,-0.2355,,,,,0.04583,0.04338,,,,,M051064A,Concurrent calibration of the TIMSS 2007 and 2011 fourth-grade mathematics data.,T11_ItemParameters.zip > T11_G4_ItemParameters.xlsx,sheet MAT,https://timssandpirls.bc.edu/timss2011/downloads/T11_ItemParameters.zip,https://timssandpirls.bc.edu/timss2011/international-database.html,
TIMSS 2011,4,Mathematics,M051064B,Put an X where Troy lives,Geometric Shapes and Measures,"Points, Lines, and Angles",Applying,constructed_response,1,2PL,0.72121,-0.99389,,,,,0.04514,0.06737,,,,,M051064B,Concurrent calibration of the TIMSS 2007 and 2011 fourth-grade mathematics data.,T11_ItemParameters.zip > T11_G4_ItemParameters.xlsx,sheet MAT,https://timssandpirls.bc.edu/timss2011/downloads/T11_ItemParameters.zip,https://timssandpirls.bc.edu/timss2011/international-database.html,
TIMSS 2011,4,Mathematics,M051123,Lines of symmetry complex figure,Geometric Shapes and Measures,Two- and Three-dimensional Shapes,Knowing,multiple_choice,1,3PL,0.57562,0.80613,0.19269,,,,0.10326,0.17504,0.0578,,,,M051123,Concurrent calibration of the TIMSS 2007 and 2011 fourth-grade mathematics data.,T11_ItemParameters.zip > T11_G4_ItemParameters.xlsx,sheet MAT,https://timssandpirls.bc.edu/timss2011/downloads/T11_ItemParameters.zip,https://timssandpirls.bc.edu/timss2011/international-database.html,
TIMSS 2011,4,Mathematics,M031133,Favorite colors of Darin’s friends,Data Display,Organizing and Representing,Applying,constructed_response,1,2PL,0.88799,-1.31268,,,,,0.03836,0.04883,,,,,M031133,Concurrent calibration of the TIMSS 2007 and 2011 fourth-grade mathematics data.,T11_ItemParameters.zip > T11_G4_ItemParameters.xlsx,sheet MAT,https://timssandpirls.bc.edu/timss2011/downloads/T11_ItemParameters.zip,https://timssandpirls.bc.edu/timss2011/international-database.html,
TIMSS 2011,4,Mathematics,M031155,Teacher’s pens on the graph,Data Display,Reading and Interpreting,Applying,multiple_choice,1,3PL,1.20851,0.18718,0.2351,,,,0.08256,0.04869,0.02278,,,,M031155,Concurrent calibration of the TIMSS 2007 and 2011 fourth-grade mathematics data.,T11_ItemParameters.zip > T11_G4_ItemParameters.xlsx,sheet MAT,https://timssandpirls.bc.edu/timss2011/downloads/T11_ItemParameters.zip,https://timssandpirls.bc.edu/timss2011/international-database.html,
TIMSS 2011,4,Mathematics,M031294,How much the apples weigh in grams,Data Display,Reading and Interpreting,Knowing,multiple_choice,1,3PL,1.13635,-0.27395,0.13211,,,,0.06265,0.04785,0.02325,,,,M031294,Concurrent calibration of the TIMSS 2007 and 2011 fourth-grade mathematics data.,T11_ItemParameters.zip > T11_G4_ItemParameters.xlsx,sheet MAT,https://timssandpirls.bc.edu/timss2011/downloads/T11_ItemParameters.zip,https://timssandpirls.bc.edu/timss2011/international-database.html,
TIMSS 2011,4,Mathematics,M041175,Type of cookie bakery sells most,Data Display,Reading and Interpreting,Knowing,multiple_choice,1,3PL,0.82581,-1.31032,0.17672,,,,0.05409,0.12044,0.05061,,,,M041175,Concurrent calibration of the TIMSS 2007 and 2011 fourth-grade mathematics data.,T11_ItemParameters.zip > T11_G4_ItemParameters.xlsx,sheet MAT,https://timssandpirls.bc.edu/timss2011/downloads/T11_ItemParameters.zip,https://timssandpirls.bc.edu/timss2011/international-database.html,
TIMSS 2011,4,Mathematics,M041184,Comparing pie chart with bar chart,Data Display,Organizing and Representing,Reasoning,multiple_choice,1,3PL,0.91669,-0.7915,0.1641,,,,0.05648,0.08471,0.03819,,,,M041184,Concurrent calibration of the TIMSS 2007 and 2011 fourth-grade mathematics data.,T11_ItemParameters.zip > T11_G4_ItemParameters.xlsx,sheet MAT,https://timssandpirls.bc.edu/timss2011/downloads/T11_ItemParameters.zip,https://timssandpirls.bc.edu/timss2011/international-database.html,
TIMSS 2011,4,Mathematics,M041199,Representing data on the bar graph,Data Display,Organizing and Representing,Reasoning,multiple_choice,1,3PL,1.24389,-0.69951,0.16624,,,,0.07061,0.0578,0.03055,,,,M041199,Concurrent calibration of the TIMSS 2007 and 2011 fourth-grade mathematics data.,T11_ItemParameters.zip > T11_G4_ItemParameters.xlsx,sheet MAT,https://timssandpirls.bc.edu/timss2011/downloads/T11_ItemParameters.zip,https://timssandpirls.bc.edu/timss2011/international-database.html,
TIMSS 2011,4,Mathematics,M041335,Class with fewest choose blue,Data Display,Reading and Interpreting,Knowing,multiple_choice,1,3PL,0.71719,-1.31267,0.15675,,,,0.04718,0.13095,0.05089,,,,M041335,Concurrent calibration of the TIMSS 2007 and 2011 fourth-grade mathematics data.,T11_ItemParameters.zip > T11_G4_ItemParameters.xlsx,sheet MAT,https://timssandpirls.bc.edu/timss2011/downloads/T11_ItemParameters.zip,https://timssandpirls.bc.edu/timss2011/international-database.html,
TIMSS 2011,4,Mathematics,M051109,Vanilla as favorite ice cream,Data Display,Reading and Interpreting,Knowing,constructed_response,1,2PL,1.08653,-0.35473,,,,,0.05711,0.03593,,,,,M051109,Concurrent calibration of the TIMSS 2007 and 2011 fourth-grade mathematics data.,T11_ItemParameters.zip > T11_G4_ItemParameters.xlsx,sheet MAT,https://timssandpirls.bc.edu/timss2011/downloads/T11_ItemParameters.zip,https://timssandpirls.bc.edu/timss2011/international-database.html,
TIMSS 2011,4,Mathematics,M051117,More students in the Pine School,Data Display,Reading and Interpreting,Reasoning,multiple_choice,1,3PL,1.01373,0.28451,0.30311,,,,0.12008,0.09857,0.03936,,,,M051117,Concurrent calibration of the TIMSS 2007 and 2011 fourth-grade mathematics data.,T11_ItemParameters.zip > T11_G4_ItemParameters.xlsx,sheet MAT,https://timssandpirls.bc.edu/timss2011/downloads/T11_ItemParameters.zip,https://timssandpirls.bc.edu/timss2011/international-database.html,
TIMSS 2011,8,Mathematics,M032064,Ann and Jenny divide 560 zeds,Number,Fractions and Decimals,Applying,constructed_response,1,2PL,1.39819,0.71091,,,,,0.04622,0.02022,,,,,M032064,Concurrent calibration of the TIMSS 2007 and 2011 eighth-grade mathematics data.,T11_ItemParameters.zip > T11_G8_ItemParameters.xlsx,sheet MAT,https://timssandpirls.bc.edu/timss2011/downloads/T11_ItemParameters.zip,https://timssandpirls.bc.edu/timss2011/international-database.html,
TIMSS 2011,8,Mathematics,M032094,4/100 plus 3/1000,Number,Fractions and Decimals,Knowing,multiple_choice,1,3PL,1.33332,0.05535,0.28784,,,,0.08161,0.04496,0.02077,,,,M032094,Concurrent calibration of the TIMSS 2007 and 2011 eighth-grade mathematics data.,T11_ItemParameters.zip > T11_G8_ItemParameters.xlsx,sheet MAT,https://timssandpirls.bc.edu/timss2011/downloads/T11_ItemParameters.zip,https://timssandpirls.bc.edu/timss2011/international-database.html,
TIMSS 2011,8,Mathematics,M032166,Best estimate of (7.21x3.86)/10.09,Number,Fractions and Decimals,Knowing,multiple_choice,1,3PL,1.0667,0.02037,0.18766,,,,0.06275,0.05111,0.02339,,,,M032166,Concurrent calibration of the TIMSS 2007 and 2011 eighth-grade mathematics data.,T11_ItemParameters.zip > T11_G8_ItemParameters.xlsx,sheet MAT,https://timssandpirls.bc.edu/timss2011/downloads/T11_ItemParameters.zip,https://timssandpirls.bc.edu/timss2011/international-database.html,
TIMSS 2011,8,Mathematics,M032595,The percentage of caps for sale,Number,"Ratio, Proportion and Percent",Applying,multiple_choice,1,3PL,1.49368,0.23095,0.13244,,,,0.07644,0.02882,0.01453,,,,M032595,Concurrent calibration of the TIMSS 2007 and 2011 eighth-grade mathematics data.,T11_ItemParameters.zip > T11_G8_ItemParameters.xlsx,sheet MAT,https://timssandpirls.bc.edu/timss2011/downloads/T11_ItemParameters.zip,https://timssandpirls.bc.edu/timss2011/international-database.html,
TIMSS 2011,8,Mathematics,M032626,36 as a product of prime factors,Number,Whole Numbers,Knowing,multiple_choice,1,3PL,0.8368,0.26789,0.15353,,,,0.05539,0.06208,0.02501,,,,M032626,Concurrent calibration of the TIMSS 2007 and 2011 eighth-grade mathematics data.,T11_ItemParameters.zip > T11_G8_ItemParameters.xlsx,sheet MAT,https://timssandpirls.bc.edu/timss2011/downloads/T11_ItemParameters.zip,https://timssandpirls.bc.edu/timss2011/international-database.html,
TIMSS 2011,8,Mathematics,M032662,Location of N on number line,Number,Fractions and Decimals,Reasoning,multiple_choice,1,3PL,1.97548,1.2992,0.13802,,,,0.1454,0.027,0.00752,,,,M032662,Concurrent calibration of the TIMSS 2007 and 2011 eighth-grade mathematics data.,T11_ItemParameters.zip > T11_G8_ItemParameters.xlsx,sheet MAT,https://timssandpirls.bc.edu/timss2011/downloads/T11_ItemParameters.zip,https://timssandpirls.bc.edu/timss2011/international-database.html,
TIMSS 2011,8,Mathematics,M032725,Write 3 5/6 in decimal form,Number,Fractions and Decimals,Knowing,constructed_response,1,2PL,1.32546,0.78901,,,,,0.04564,0.02212,,,,,M032725,Concurrent calibration of the TIMSS 2007 and 2011 eighth-grade mathematics data.,T11_ItemParameters.zip > T11_G8_ItemParameters.xlsx,sheet MAT,https://timssandpirls.bc.edu/timss2011/downloads/T11_ItemParameters.zip,https://timssandpirls.bc.edu/timss2011/international-database.html,
TIMSS 2011,8,Mathematics,M042002,Numbers to get greatest results,Number,Whole Numbers,Reasoning,constructed_response,1,2PL,0.70951,0.91957,,,,,0.02872,0.03847,,,,,M042002,Concurrent calibration of the TIMSS 2007 and 2011 eighth-grade mathematics data.,T11_ItemParameters.zip > T11_G8_ItemParameters.xlsx,sheet MAT,https://timssandpirls.bc.edu/timss2011/downloads/T11_ItemParameters.zip,https://timssandpirls.bc.edu/timss2011/international-database.html,
TIMSS 2011,8,Mathematics,M042016,"Express 256 X 4,096 as power of 4",Number,Whole Numbers,Applying,multiple_choice,1,3PL,0.88736,0.5227,0.22006,,,,0.06579,0.05961,0.02238,,,,M042016,Concurrent calibration of the TIMSS 2007 and 2011 eighth-grade mathematics data.,T11_ItemParameters.zip > T11_G8_ItemParameters.xlsx,sheet MAT,https://timssandpirls.bc.edu/timss2011/downloads/T11_ItemParameters.zip,https://timssandpirls.bc.edu/timss2011/international-database.html,
TIMSS 2011,8,Mathematics,M042024,What is K on a number line,Number,Fractions and Decimals,Knowing,multiple_choice,1,3PL,1.72223,0.09398,0.17133,,,,0.08776,0.02705,0.01472,,,,M042024,Concurrent calibration of the TIMSS 2007 and 2011 eighth-grade mathematics data.,T11_ItemParameters.zip > T11_G8_ItemParameters.xlsx,sheet MAT,https://timssandpirls.bc.edu/timss2011/downloads/T11_ItemParameters.zip,https://timssandpirls.bc.edu/timss2011/international-database.html,
TIMSS 2011,8,Mathematics,M042031,Equivalent expression,Number,Fractions and Decimals,Applying,multiple_choice,1,3PL,1.62111,0.52019,0.24011,,,,0.09983,0.03073,0.01375,,,,M042031,Concurrent calibration of the TIMSS 2007 and 2011 eighth-grade mathematics data.,T11_ItemParameters.zip > T11_G8_ItemParameters.xlsx,sheet MAT,https://timssandpirls.bc.edu/timss2011/downloads/T11_ItemParameters.zip,https://timssandpirls.bc.edu/timss2011/international-database.html,
TIMSS 2011,8,Mathematics,M042032,Equivalent fraction for 0.125,Number,Fractions and Decimals,Knowing,multiple_choice,1,3PL,0.85829,-0.51346,0.24079,,,,0.05746,0.09723,0.04071,,,,M042032,Concurrent calibration of the TIMSS 2007 and 2011 eighth-grade mathematics data.,T11_ItemParameters.zip > T11_G8_ItemParameters.xlsx,sheet MAT,https://timssandpirls.bc.edu/timss2011/downloads/T11_ItemParameters.zip,https://timssandpirls.bc.edu/timss2011/international-database.html,
TIMSS 2011,8,Mathematics,M042041,Length of the original pipe,Number,Fractions and Decimals,Applying,multiple_choice,1,3PL,1.4012,-0.22221,0.32508,,,,0.08659,0.04922,0.02364,,,,M042041,Concurrent calibration of the TIMSS 2007 and 2011 eighth-grade mathematics data.,T11_ItemParameters.zip > T11_G8_ItemParameters.xlsx,sheet MAT,https://timssandpirls.bc.edu/timss2011/downloads/T11_ItemParameters.zip,https://timssandpirls.bc.edu/timss2011/international-database.html,
TIMSS 2011,8,Mathematics,M042059,Complete the missing boxes,Number,"Ratio, Proportion and Percent",Knowing,constructed_response,2,GPCM,0.88691,0.06469,,-0.16489,0.16489,,0.02217,0.01608,,0.03158,0.03164,,M042059,Concurrent calibration of the TIMSS 2007 and 2011 eighth-grade mathematics data.,T11_ItemParameters.zip > T11_G8_ItemParameters.xlsx,sheet MAT,https://timssandpirls.bc.edu/timss2011/downloads/T11_ItemParameters.zip,https://timssandpirls.bc.edu/timss2011/international-database.html,
TIMSS 2011,8,Mathematics,M042186,Next line in the pattern,Number,Integers,Reasoning,constructed_response,1,2PL,1.09798,0.28974,,,,,0.036,0.02137,,,,,M042186,Concurrent calibration of the TIMSS 2007 and 2011 eighth-grade mathematics data.,T11_ItemParameters.zip > T11_G8_ItemParameters.xlsx,sheet MAT,https://timssandpirls.bc.edu/timss2011/downloads/T11_ItemParameters.zip,https://timssandpirls.bc.edu/timss2011/international-database.html,
TIMSS 2011,8,Mathematics,M052061,Packing eggs into boxes,Number,Whole Numbers,Applying,constructed_response,1,2PL,0.96372,0.26011,,,,,0.0454,0.03321,,,,,M052061,Concurrent calibration of the TIMSS 2007 and 2011 eighth-grade mathematics data.,T11_ItemParameters.zip > T11_G8_ItemParameters.xlsx,sheet MAT,https://timssandpirls.bc.edu/timss2011/downloads/T11_ItemParameters.zip,https://timssandpirls.bc.edu/timss2011/international-database.html,
TIMSS 2011,8,Mathematics,M052214,Which number sentence is true,Number,Fractions and Decimals,Knowing,multiple_choice,1,3PL,1.1009,1.05698,0.25255,,,,0.12727,0.06659,0.02136,,,,M052214,Concurrent calibration of the TIMSS 2007 and 2011 eighth-grade mathematics data.,T11_ItemParameters.zip > T11_G8_ItemParameters.xlsx,sheet MAT,https://timssandpirls.bc.edu/timss2011/downloads/T11_ItemParameters.zip,https://timssandpirls.bc.edu/timss2011/international-database.html,
TIMSS 2011,8,Mathematics,M052216,Select the decimal equal to 3/5,Number,Fractions and Decimals,Knowing,multiple_choice,1,3PL,1.34954,-0.33503,0.21358,,,,0.10498,0.0652,0.03497,,,,M052216,Concurrent calibration of the TIMSS 2007 and 2011 eighth-grade mathematics data.,T11_ItemParameters.zip > T11_G8_ItemParameters.xlsx,sheet MAT,https://timssandpirls.bc.edu/timss2011/downloads/T11_ItemParameters.zip,https://timssandpirls.bc.edu/timss2011/international-database.html,
TIMSS 2011,8,Mathematics,M052228,Method for subtracting fractions,Number,Fractions and Decimals,Applying,multiple_choice,1,3PL,1.39269,0.57247,0.0943,,,,0.09998,0.03841,0.01596,,,,M052228,Concurrent calibration of the TIMSS 2007 and 2011 eighth-grade mathematics data.,T11_ItemParameters.zip > T11_G8_ItemParameters.xlsx,sheet MAT,https://timssandpirls.bc.edu/timss2011/downloads/T11_ItemParameters.zip,https://timssandpirls.bc.edu/timss2011/international-database.html,
TIMSS 2011,8,Mathematics,M052231,Add 42.65 to 5.748,Number,Fractions and Decimals,Knowing,constructed_response,1,2PL,0.74294,-1.02858,,,,,0.04076,0.05775,,,,,M052231,Concurrent calibration of the TIMSS 2007 and 2011 eighth-grade mathematics data.,T11_ItemParameters.zip > T11_G8_ItemParameters.xlsx,sheet MAT,https://timssandpirls.bc.edu/timss2011/downloads/T11_ItemParameters.zip,https://timssandpirls.bc.edu/timss2011/international-database.html,
TIMSS 2011,8,Mathematics,M032047,Sum of 3 consecutive whole numbers,Algebra,Algebraic Expressions,Applying,multiple_choice,1,3PL,2.00631,1.09519,0.44531,,,,0.20132,0.03823,0.01099,,,,M032047,Concurrent calibration of the TIMSS 2007 and 2011 eighth-grade mathematics data.,T11_ItemParameters.zip > T11_G8_ItemParameters.xlsx,sheet MAT,https://timssandpirls.bc.edu/timss2011/downloads/T11_ItemParameters.zip,https://timssandpirls.bc.edu/timss2011/international-database.html,
TIMSS 2011,8,Mathematics,M032295,m boys and n girls in a parade,Algebra,Algebraic Expressions,Knowing,multiple_choice,1,3PL,1.36575,-0.49688,0.26309,,,,0.07854,0.05148,0.02709,,,,M032295,Concurrent calibration of the TIMSS 2007 and 2011 eighth-grade mathematics data.,T11_ItemParameters.zip > T11_G8_ItemParameters.xlsx,sheet MAT,https://timssandpirls.bc.edu/timss2011/downloads/T11_ItemParameters.zip,https://timssandpirls.bc.edu/timss2011/international-database.html,
TIMSS 2011,8,Mathematics,M032352,The shadow lengths of four bushes,Algebra,Patterns,Applying,multiple_choice,1,3PL,1.5078,0.40393,0.39327,,,,0.11036,0.04209,0.01667,,,,M032352,Concurrent calibration of the TIMSS 2007 and 2011 eighth-grade mathematics data.,T11_ItemParameters.zip > T11_G8_ItemParameters.xlsx,sheet MAT,https://timssandpirls.bc.edu/timss2011/downloads/T11_ItemParameters.zip,https://timssandpirls.bc.edu/timss2011/international-database.html,
TIMSS 2011,8,Mathematics,M032419,Which represents 2x plus 3x,Algebra,Algebraic Expressions,Knowing,multiple_choice,1,3PL,1.47982,0.76994,0.25018,,,,0.10041,0.03396,0.01321,,,,M032419,Concurrent calibration of the TIMSS 2007 and 2011 eighth-grade mathematics data.,T11_ItemParameters.zip > T11_G8_ItemParameters.xlsx,sheet MAT,https://timssandpirls.bc.edu/timss2011/downloads/T11_ItemParameters.zip,https://timssandpirls.bc.edu/timss2011/international-database.html,
TIMSS 2011,8,Mathematics,M032424,Jo has 3 metal blocks to weigh,Algebra,Equations/Formulas and Functions,Reasoning,multiple_choice,1,3PL,1.17793,0.33901,0.1516,,,,0.06639,0.03713,0.01657,,,,M032424,Concurrent calibration of the TIMSS 2007 and 2011 eighth-grade mathematics data.,T11_ItemParameters.zip > T11_G8_ItemParameters.xlsx,sheet MAT,https://timssandpirls.bc.edu/timss2011/downloads/T11_ItemParameters.zip,https://timssandpirls.bc.edu/timss2011/international-database.html,
TIMSS 2011,8,Mathematics,M032477,Cost in zeds for taxi trip of n km,Algebra,Algebraic Expressions,Knowing,multiple_choice,1,3PL,1.83239,0.59119,0.23629,,,,0.1117,0.02725,0.01228,,,,M032477,Concurrent calibration of the TIMSS 2007 and 2011 eighth-grade mathematics data.,T11_ItemParameters.zip > T11_G8_ItemParameters.xlsx,sheet MAT,https://timssandpirls.bc.edu/timss2011/downloads/T11_ItemParameters.zip,https://timssandpirls.bc.edu/timss2011/international-database.html,
TIMSS 2011,8,Mathematics,M032538,Find the value of y when t is 9,Algebra,Equations/Formulas and Functions,Knowing,constructed_response,1,2PL,1.32024,0.21594,,,,,0.04187,0.01868,,,,,M032538,Concurrent calibration of the TIMSS 2007 and 2011 eighth-grade mathematics data.,T11_ItemParameters.zip > T11_G8_ItemParameters.xlsx,sheet MAT,https://timssandpirls.bc.edu/timss2011/downloads/T11_ItemParameters.zip,https://timssandpirls.bc.edu/timss2011/international-database.html,
TIMSS 2011,8,Mathematics,M032673,If t is a number between 6 and 9,Algebra,Algebraic Expressions,Knowing,multiple_choice,1,3PL,1.55427,0.40536,0.21582,,,,0.09091,0.03099,0.0147,,,,M032673,Concurrent calibration of the TIMSS 2007 and 2011 eighth-grade mathematics data.,T11_ItemParameters.zip > T11_G8_ItemParameters.xlsx,sheet MAT,https://timssandpirls.bc.edu/timss2011/downloads/T11_ItemParameters.zip,https://timssandpirls.bc.edu/timss2011/international-database.html,
TIMSS 2011,8,Mathematics,M032683,Simplify 3x/8 plus x/4 plus x/2,Algebra,Algebraic Expressions,Knowing,constructed_response,2,GPCM,0.58418,0.70582,,-1.32054,1.32054,,0.0138,0.02352,,0.05921,0.0637,,M032683,Concurrent calibration of the TIMSS 2007 and 2011 eighth-grade mathematics data.,T11_ItemParameters.zip > T11_G8_ItemParameters.xlsx,sheet MAT,https://timssandpirls.bc.edu/timss2011/downloads/T11_ItemParameters.zip,https://timssandpirls.bc.edu/timss2011/international-database.html,
TIMSS 2011,8,Mathematics,M032738,What does xy plus 1 mean,Algebra,Algebraic Expressions,Knowing,multiple_choice,1,3PL,1.36124,-0.18841,0.23846,,,,0.0768,0.04349,0.02212,,,,M032738,Concurrent calibration of the TIMSS 2007 and 2011 eighth-grade mathematics data.,T11_ItemParameters.zip > T11_G8_ItemParameters.xlsx,sheet MAT,https://timssandpirls.bc.edu/timss2011/downloads/T11_ItemParameters.zip,https://timssandpirls.bc.edu/timss2011/international-database.html,
TIMSS 2011,8,Mathematics,M032757,Red&BlackTiles_Complete table,Algebra,Patterns,Reasoning,constructed_response,2,GPCM,0.52005,-0.32603,,-1.99665,1.99665,,0.01172,0.02332,,0.07855,0.07627,,M032757,Concurrent calibration of the TIMSS 2007 and 2011 eighth-grade mathematics data.,T11_ItemParameters.zip > T11_G8_ItemParameters.xlsx,sheet MAT,https://timssandpirls.bc.edu/timss2011/downloads/T11_ItemParameters.zip,https://timssandpirls.bc.edu/timss2011/international-database.html,
TIMSS 2011,8,Mathematics,M032760A,Red&BlackTiles_Shape with 64 tiles,Algebra,Patterns,Reasoning,constructed_response,2,GPCM,0.99873,0.59048,,-1.12213,1.12213,,0.02304,0.01531,,0.05016,0.052,,M032760A,Concurrent calibration of the TIMSS 2007 and 2011 eighth-grade mathematics data.,T11_ItemParameters.zip > T11_G8_ItemParameters.xlsx,sheet MAT,https://timssandpirls.bc.edu/timss2011/downloads/T11_ItemParameters.zip,https://timssandpirls.bc.edu/timss2011/international-database.html,
TIMSS 2011,8,Mathematics,M032760B,Red&BlackTiles_Shape with 49 tiles,Algebra,Patterns,Reasoning,constructed_response,1,2PL,1.68057,0.91631,,,,,0.05892,0.01984,,,,,M032760B,Concurrent calibration of the TIMSS 2007 and 2011 eighth-grade mathematics data.,T11_ItemParameters.zip > T11_G8_ItemParameters.xlsx,sheet MAT,https://timssandpirls.bc.edu/timss2011/downloads/T11_ItemParameters.zip,https://timssandpirls.bc.edu/timss2011/international-database.html,
TIMSS 2011,8,Mathematics,M032760C,Red&BlackTiles_Shape with 44 tiles,Algebra,Patterns,Reasoning,constructed_response,1,2PL,1.90424,1.15031,,,,,0.07297,0.02098,,,,,M032760C,Concurrent calibration of the TIMSS 2007 and 2011 eighth-grade mathematics data.,T11_ItemParameters.zip > T11_G8_ItemParameters.xlsx,sheet MAT,https://timssandpirls.bc.edu/timss2011/downloads/T11_ItemParameters.zip,https://timssandpirls.bc.edu/timss2011/international-database.html,
TIMSS 2011,8,Mathematics,M032761,Red&BlackTiles_Figure n,Algebra,Algebraic Expressions,Reasoning,constructed_response,2,GPCM,1.32006,1.1186,,-0.11225,0.11225,,0.0378,0.01758,,0.02627,0.03353,,M032761,Concurrent calibration of the TIMSS 2007 and 2011 eighth-grade mathematics data.,T11_ItemParameters.zip > T11_G8_ItemParameters.xlsx,sheet MAT,https://timssandpirls.bc.edu/timss2011/downloads/T11_ItemParameters.zip,https://timssandpirls.bc.edu/timss2011/international-database.html,
TIMSS 2011,8,Mathematics,M042067,What is the area of the rectangle,Algebra,Algebraic Expressions,Applying,multiple_choice,1,3PL,2.09292,1.10264,0.29619,,,,0.17426,0.03011,0.01016,,,,M042067,Concurrent calibration of the TIMSS 2007 and 2011 eighth-grade mathematics data.,T11_ItemParameters.zip > T11_G8_ItemParameters.xlsx,sheet MAT,https://timssandpirls.bc.edu/timss2011/downloads/T11_ItemParameters.zip,https://timssandpirls.bc.edu/timss2011/international-database.html,
TIMSS 2011,8,Mathematics,M042077,Expression equivalent to 4(3+x),Algebra,Algebraic Expressions,Knowing,multiple_choice,1,3PL,1.535,0.44798,0.26301,,,,0.09571,0.03351,0.01507,,,,M042077,Concurrent calibration of the TIMSS 2007 and 2011 eighth-grade mathematics data.,T11_ItemParameters.zip > T11_G8_ItemParameters.xlsx,sheet MAT,https://timssandpirls.bc.edu/timss2011/downloads/T11_ItemParameters.zip,https://timssandpirls.bc.edu/timss2011/international-database.html,
TIMSS 2011,8,Mathematics,M042086,What is the value of 2a + 2b + 4,Algebra,Equations/Formulas and Functions,Applying,constructed_response,1,2PL,1.2303,0.58604,,,,,0.04074,0.02144,,,,,M042086,Concurrent calibration of the TIMSS 2007 and 2011 eighth-grade mathematics data.,T11_ItemParameters.zip > T11_G8_ItemParameters.xlsx,sheet MAT,https://timssandpirls.bc.edu/timss2011/downloads/T11_ItemParameters.zip,https://timssandpirls.bc.edu/timss2011/international-database.html,
TIMSS 2011,8,Mathematics,M042103,Solve the inequality,Algebra,Equations/Formulas and Functions,Knowing,constructed_response,1,2PL,0.90136,1.43445,,,,,0.03765,0.04432,,,,,M042103,Concurrent calibration of the TIMSS 2007 and 2011 eighth-grade mathematics data.,T11_ItemParameters.zip > T11_G8_ItemParameters.xlsx,sheet MAT,https://timssandpirls.bc.edu/timss2011/downloads/T11_ItemParameters.zip,https://timssandpirls.bc.edu/timss2011/international-database.html,
TIMSS 2011,8,Mathematics,M042198A,Next term in the pattern,Algebra,Patterns,Knowing,constructed_response,1,2PL,1.17937,-0.75177,,,,,0.03974,0.0251,,,,,M042198A,Concurrent calibration of the TIMSS 2007 and 2011 eighth-grade mathematics data.,T11_ItemParameters.zip > T11_G8_ItemParameters.xlsx,sheet MAT,https://timssandpirls.bc.edu/timss2011/downloads/T11_ItemParameters.zip,https://timssandpirls.bc.edu/timss2011/international-database.html,
TIMSS 2011,8,Mathematics,M042198B,Term number 100 in the pattern,Algebra,Patterns,Reasoning,constructed_response,1,2PL,1.06541,0.30718,,,,,0.03522,0.02177,,,,,M042198B,Concurrent calibration of the TIMSS 2007 and 2011 eighth-grade mathematics data.,T11_ItemParameters.zip > T11_G8_ItemParameters.xlsx,sheet MAT,https://timssandpirls.bc.edu/timss2011/downloads/T11_ItemParameters.zip,https://timssandpirls.bc.edu/timss2011/international-database.html,
TIMSS 2011,8,Mathematics,M042198C,Term number n in the pattern,Algebra,Patterns,Reasoning,constructed_response,1,2PL,1.72988,1.03784,,,,,0.06298,0.02075,,,,,M042198C,Concurrent calibration of the TIMSS 2007 and 2011 eighth-grade mathematics data.,T11_ItemParameters.zip > T11_G8_ItemParameters.xlsx,sheet MAT,https://timssandpirls.bc.edu/timss2011/downloads/T11_ItemParameters.zip,https://timssandpirls.bc.edu/timss2011/international-database.html,
TIMSS 2011,8,Mathematics,M042226,What is the value P,Algebra,Equations/Formulas and Functions,Knowing,constructed_response,1,2PL,1.29611,0.18208,,,,,0.04124,0.01871,,,,,M042226,Concurrent calibration of the TIMSS 2007 and 2011 eighth-grade mathematics data.,T11_ItemParameters.zip > T11_G8_ItemParameters.xlsx,sheet MAT,https://timssandpirls.bc.edu/timss2011/downloads/T11_ItemParameters.zip,https://timssandpirls.bc.edu/timss2011/international-database.html,
TIMSS 2011,8,Mathematics,M042228,Value of x in the pattern,Algebra,Patterns,Reasoning,constructed_response,1,2PL,0.81649,0.62015,,,,,0.03001,0.02978,,,,,M042228,Concurrent calibration of the TIMSS 2007 and 2011 eighth-grade mathematics data.,T11_ItemParameters.zip > T11_G8_ItemParameters.xlsx,sheet MAT,https://timssandpirls.bc.edu/timss2011/downloads/T11_ItemParameters.zip,https://timssandpirls.bc.edu/timss2011/international-database.html,
TIMSS 2011,8,Mathematics,M042235,What is the value of x and y,Algebra,Equations/Formulas and Functions,Knowing,multiple_choice,1,3PL,1.57895,0.18108,0.11275,,,,0.0753,0.02553,0.01288,,,,M042235,Concurrent calibration of the TIMSS 2007 and 2011 eighth-grade mathematics data.,T11_ItemParameters.zip > T11_G8_ItemParameters.xlsx,sheet MAT,https://timssandpirls.bc.edu/timss2011/downloads/T11_ItemParameters.zip,https://timssandpirls.bc.edu/timss2011/international-database.html,
TIMSS 2011,8,Mathematics,M042236,Simplify the expression,Algebra,Algebraic Expressions,Knowing,multiple_choice,1,3PL,1.46979,0.24284,0.25029,,,,0.0878,0.03592,0.01713,,,,M042236,Concurrent calibration of the TIMSS 2007 and 2011 eighth-grade mathematics data.,T11_ItemParameters.zip > T11_G8_ItemParameters.xlsx,sheet MAT,https://timssandpirls.bc.edu/timss2011/downloads/T11_ItemParameters.zip,https://timssandpirls.bc.edu/timss2011/international-database.html,
TIMSS 2011,8,Mathematics,M042245,Equation that satisfies number pairs,Algebra,Equations/Formulas and Functions,Applying,multiple_choice,1,3PL,1.73645,1.11637,0.12986,,,,0.11287,0.02746,0.00839,,,,M042245,Concurrent calibration of the TIMSS 2007 and 2011 eighth-grade mathematics data.,T11_ItemParameters.zip > T11_G8_ItemParameters.xlsx,sheet MAT,https://timssandpirls.bc.edu/timss2011/downloads/T11_ItemParameters.zip,https://timssandpirls.bc.edu/timss2011/international-database.html,
TIMSS 2011,8,Mathematics,M052002,Length of the longest wood piece,Algebra,Equations/Formulas and Functions,Applying,constructed_response,2,GPCM,1.0021,1.28,,-0.58245,0.58245,,0.03814,0.03071,,0.05801,0.06891,,M052002,Concurrent calibration of the TIMSS 2007 and 2011 eighth-grade mathematics data.,T11_ItemParameters.zip > T11_G8_ItemParameters.xlsx,sheet MAT,https://timssandpirls.bc.edu/timss2011/downloads/T11_ItemParameters.zip,https://timssandpirls.bc.edu/timss2011/international-database.html,
TIMSS 2011,8,Mathematics,M052173,Area of garden’s shaded portion,Algebra,Algebraic Expressions,Applying,multiple_choice,1,3PL,2.51161,1.37068,0.07304,,,,0.24384,0.03102,0.00752,,,,M052173,Concurrent calibration of the TIMSS 2007 and 2011 eighth-grade mathematics data.,T11_ItemParameters.zip > T11_G8_ItemParameters.xlsx,sheet MAT,https://timssandpirls.bc.edu/timss2011/downloads/T11_ItemParameters.zip,https://timssandpirls.bc.edu/timss2011/international-database.html,
TIMSS 2011,8,Mathematics,M052302,Value of y in an expression,Algebra,Equations/Formulas and Functions,Knowing,multiple_choice,1,3PL,0.96731,-0.7028,0.09542,,,,0.07443,0.1023,0.05289,,,,M052302,Concurrent calibration of the TIMSS 2007 and 2011 eighth-grade mathematics data.,T11_ItemParameters.zip > T11_G8_ItemParameters.xlsx,sheet MAT,https://timssandpirls.bc.edu/timss2011/downloads/T11_ItemParameters.zip,https://timssandpirls.bc.edu/timss2011/international-database.html,
TIMSS 2011,8,Mathematics,M032100,Shape made up of same size cubes,Geometry,Geometric Measurement,Applying,multiple_choice,1,3PL,1.03935,0.32241,0.12723,,,,0.05825,0.04154,0.01793,,,,M032100,Concurrent calibration of the TIMSS 2007 and 2011 eighth-grade mathematics data.,T11_ItemParameters.zip > T11_G8_ItemParameters.xlsx,sheet MAT,https://timssandpirls.bc.edu/timss2011/downloads/T11_ItemParameters.zip,https://timssandpirls.bc.edu/timss2011/international-database.html,
TIMSS 2011,8,Mathematics,M032116,Area of a square is 144 square cm,Geometry,Geometric Measurement,Applying,multiple_choice,1,3PL,1.23281,0.78101,0.25738,,,,0.08917,0.04118,0.01526,,,,M032116,Concurrent calibration of the TIMSS 2007 and 2011 eighth-grade mathematics data.,T11_ItemParameters.zip > T11_G8_ItemParameters.xlsx,sheet MAT,https://timssandpirls.bc.edu/timss2011/downloads/T11_ItemParameters.zip,https://timssandpirls.bc.edu/timss2011/international-database.html,
TIMSS 2011,8,Mathematics,M032324,Distance between the midpoints,Geometry,Geometric Shapes,Reasoning,multiple_choice,1,3PL,1.18505,0.7322,0.16262,,,,0.07439,0.03628,0.01416,,,,M032324,Concurrent calibration of the TIMSS 2007 and 2011 eighth-grade mathematics data.,T11_ItemParameters.zip > T11_G8_ItemParameters.xlsx,sheet MAT,https://timssandpirls.bc.edu/timss2011/downloads/T11_ItemParameters.zip,https://timssandpirls.bc.edu/timss2011/international-database.html,
TIMSS 2011,8,Mathematics,M032331,Degrees minute hand of clock turns,Geometry,Geometric Shapes,Applying,multiple_choice,1,3PL,2.11188,1.17968,0.19141,,,,0.15879,0.02688,0.00854,,,,M032331,Concurrent calibration of the TIMSS 2007 and 2011 eighth-grade mathematics data.,T11_ItemParameters.zip > T11_G8_ItemParameters.xlsx,sheet MAT,https://timssandpirls.bc.edu/timss2011/downloads/T11_ItemParameters.zip,https://timssandpirls.bc.edu/timss2011/international-database.html,
TIMSS 2011,8,Mathematics,M032397,Figure 1 transformed to 2 and 3,Geometry,Location and Movement,Knowing,multiple_choice,1,3PL,1.19463,0.71061,0.22798,,,,0.08198,0.04074,0.01572,,,,M032397,Concurrent calibration of the TIMSS 2007 and 2011 eighth-grade mathematics data.,T11_ItemParameters.zip > T11_G8_ItemParameters.xlsx,sheet MAT,https://timssandpirls.bc.edu/timss2011/downloads/T11_ItemParameters.zip,https://timssandpirls.bc.edu/timss2011/international-database.html,
TIMSS 2011,8,Mathematics,M032398,Value of angle x in figure,Geometry,Geometric Shapes,Reasoning,multiple_choice,1,3PL,1.56927,0.80475,0.29658,,,,0.1147,0.03473,0.01304,,,,M032398,Concurrent calibration of the TIMSS 2007 and 2011 eighth-grade mathematics data.,T11_ItemParameters.zip > T11_G8_ItemParameters.xlsx,sheet MAT,https://timssandpirls.bc.edu/timss2011/downloads/T11_ItemParameters.zip,https://timssandpirls.bc.edu/timss2011/international-database.html,
TIMSS 2011,8,Mathematics,M032402,Why PQR is a right angle triangle,Geometry,Geometric Shapes,Reasoning,multiple_choice,1,3PL,0.89176,0.82826,0.31276,,,,0.0823,0.06641,0.02136,,,,M032402,Concurrent calibration of the TIMSS 2007 and 2011 eighth-grade mathematics data.,T11_ItemParameters.zip > T11_G8_ItemParameters.xlsx,sheet MAT,https://timssandpirls.bc.edu/timss2011/downloads/T11_ItemParameters.zip,https://timssandpirls.bc.edu/timss2011/international-database.html,
TIMSS 2011,8,Mathematics,M032623,Area of the shaded region in figure,Geometry,Geometric Measurement,Applying,multiple_choice,1,3PL,1.84712,0.5992,0.12615,,,,0.09774,0.02224,0.00986,,,,M032623,Concurrent calibration of the TIMSS 2007 and 2011 eighth-grade mathematics data.,T11_ItemParameters.zip > T11_G8_ItemParameters.xlsx,sheet MAT,https://timssandpirls.bc.edu/timss2011/downloads/T11_ItemParameters.zip,https://timssandpirls.bc.edu/timss2011/international-database.html,
TIMSS 2011,8,Mathematics,M032679,Shape of cutout figure,Geometry,Geometric Shapes,Knowing,multiple_choice,1,3PL,1.22179,0.29129,0.22737,,,,0.07493,0.04172,0.01847,,,,M032679,Concurrent calibration of the TIMSS 2007 and 2011 eighth-grade mathematics data.,T11_ItemParameters.zip > T11_G8_ItemParameters.xlsx,sheet MAT,https://timssandpirls.bc.edu/timss2011/downloads/T11_ItemParameters.zip,https://timssandpirls.bc.edu/timss2011/international-database.html,
TIMSS 2011,8,Mathematics,M032692,Interior angles of pentagon,Geometry,Geometric Shapes,Reasoning,constructed_response,2,GPCM,0.63482,0.95228,,-1.39965,1.39965,,0.0153,0.02443,,0.06185,0.06758,,M032692,Concurrent calibration of the TIMSS 2007 and 2011 eighth-grade mathematics data.,T11_ItemParameters.zip > T11_G8_ItemParameters.xlsx,sheet MAT,https://timssandpirls.bc.edu/timss2011/downloads/T11_ItemParameters.zip,https://timssandpirls.bc.edu/timss2011/international-database.html,
TIMSS 2011,8,Mathematics,M032734,View of shape directly from above,Geometry,Geometric Shapes,Knowing,constructed_response,1,2PL,0.77402,-0.38523,,,,,0.02804,0.02961,,,,,M032734,Concurrent calibration of the TIMSS 2007 and 2011 eighth-grade mathematics data.,T11_ItemParameters.zip > T11_G8_ItemParameters.xlsx,sheet MAT,https://timssandpirls.bc.edu/timss2011/downloads/T11_ItemParameters.zip,https://timssandpirls.bc.edu/timss2011/international-database.html,
TIMSS 2011,8,Mathematics,M042150,Which shape has a line of symmetry,Geometry,Geometric Shapes,Knowing,multiple_choice,1,3PL,0.87672,0.88646,0.18943,,,,0.06972,0.05371,0.01884,,,,M042150,Concurrent calibration of the TIMSS 2007 and 2011 eighth-grade mathematics data.,T11_ItemParameters.zip > T11_G8_ItemParameters.xlsx,sheet MAT,https://timssandpirls.bc.edu/timss2011/downloads/T11_ItemParameters.zip,https://timssandpirls.bc.edu/timss2011/international-database.html,
TIMSS 2011,8,Mathematics,M042152,Half-turn around point O,Geometry,Location and Movement,Knowing,multiple_choice,1,3PL,0.74089,0.71657,0.19756,,,,0.06299,0.07322,0.02547,,,,M042152,Concurrent calibration of the TIMSS 2007 and 2011 eighth-grade mathematics data.,T11_ItemParameters.zip > T11_G8_ItemParameters.xlsx,sheet MAT,https://timssandpirls.bc.edu/timss2011/downloads/T11_ItemParameters.zip,https://timssandpirls.bc.edu/timss2011/international-database.html,
TIMSS 2011,8,Mathematics,M042201,Length of the rectangular box,Geometry,Geometric Measurement,Applying,constructed_response,1,2PL,1.36803,0.10582,,,,,0.04333,0.01799,,,,,M042201,Concurrent calibration of the TIMSS 2007 and 2011 eighth-grade mathematics data.,T11_ItemParameters.zip > T11_G8_ItemParameters.xlsx,sheet MAT,https://timssandpirls.bc.edu/timss2011/downloads/T11_ItemParameters.zip,https://timssandpirls.bc.edu/timss2011/international-database.html,
TIMSS 2011,8,Mathematics,M042270,Draw an isosceles triangle,Geometry,Geometric Shapes,Applying,constructed_response,1,2PL,0.90208,-0.09143,,,,,0.03099,0.02451,,,,,M042270,Concurrent calibration of the TIMSS 2007 and 2011 eighth-grade mathematics data.,T11_ItemParameters.zip > T11_G8_ItemParameters.xlsx,sheet MAT,https://timssandpirls.bc.edu/timss2011/downloads/T11_ItemParameters.zip,https://timssandpirls.bc.edu/timss2011/international-database.html,
TIMSS 2011,8,Mathematics,M042300Z,Mark the points B and C on graph,Geometry,Geometric Measurement,Applying,constructed_response,2,GPCM,0.77138,0.26705,,-0.42567,0.42567,,0.01867,0.01765,,0.03719,0.03851,,M042300Z,Concurrent calibration of the TIMSS 2007 and 2011 eighth-grade mathematics data.,T11_ItemParameters.zip > T11_G8_ItemParameters.xlsx,sheet MAT,https://timssandpirls.bc.edu/timss2011/downloads/T11_ItemParameters.zip,https://timssandpirls.bc.edu/timss2011/international-database.html,
TIMSS 2011,8,Mathematics,M052084,Calculate the area of a square,Geometry,Geometric Measurement,Applying,multiple_choice,1,3PL,1.46239,0.26862,0.13121,,,,0.10467,0.04117,0.02009,,,,M052084,Concurrent calibration of the TIMSS 2007 and 2011 eighth-grade mathematics data.,T11_ItemParameters.zip > T11_G8_ItemParameters.xlsx,sheet MAT,https://timssandpirls.bc.edu/timss2011/downloads/T11_ItemParameters.zip,https://timssandpirls.bc.edu/timss2011/international-database.html,
TIMSS 2011,8,Mathematics,M052206,Number of books to fill the box,Geometry,Geometric Measurement,Reasoning,constructed_response,1,2PL,1.0351,0.90572,,,,,0.05163,0.03919,,,,,M052206,Concurrent calibration of the TIMSS 2007 and 2011 eighth-grade mathematics data.,T11_ItemParameters.zip > T11_G8_ItemParameters.xlsx,sheet MAT,https://timssandpirls.bc.edu/timss2011/downloads/T11_ItemParameters.zip,https://timssandpirls.bc.edu/timss2011/international-database.html,
TIMSS 2011,8,Mathematics,M052362,What is the size of angle B,Geometry,Geometric Shapes,Reasoning,constructed_response,1,2PL,1.02245,0.22214,,,,,0.04747,0.03168,,,,,M052362,Concurrent calibration of the TIMSS 2007 and 2011 eighth-grade mathematics data.,T11_ItemParameters.zip > T11_G8_ItemParameters.xlsx,sheet MAT,https://timssandpirls.bc.edu/timss2011/downloads/T11_ItemParameters.zip,https://timssandpirls.bc.edu/timss2011/international-database.html,
TIMSS 2011,8,Mathematics,M052408,Value of angle b,Geometry,Geometric Shapes,Reasoning,constructed_response,1,2PL,0.90268,0.62369,,,,,0.04466,0.03844,,,,,M052408,Concurrent calibration of the TIMSS 2007 and 2011 eighth-grade mathematics data.,T11_ItemParameters.zip > T11_G8_ItemParameters.xlsx,sheet MAT,https://timssandpirls.bc.edu/timss2011/downloads/T11_ItemParameters.zip,https://timssandpirls.bc.edu/timss2011/international-database.html,
TIMSS 2011,8,Mathematics,M032132,How likely to get pink candy,Data and Chance,Chance,Knowing,multiple_choice,1,3PL,0.66365,0.29304,0.11083,,,,0.04603,0.07722,0.02801,,,,M032132,Concurrent calibration of the TIMSS 2007 and 2011 eighth-grade mathematics data.,T11_ItemParameters.zip > T11_G8_ItemParameters.xlsx,sheet MAT,https://timssandpirls.bc.edu/timss2011/downloads/T11_ItemParameters.zip,https://timssandpirls.bc.edu/timss2011/international-database.html,
TIMSS 2011,8,Mathematics,M032507,Number of times spinner in red area,Data and Chance,Chance,Applying,multiple_choice,1,3PL,1.77109,1.04807,0.18492,,,,0.12222,0.0284,0.00965,,,,M032507,Concurrent calibration of the TIMSS 2007 and 2011 eighth-grade mathematics data.,T11_ItemParameters.zip > T11_G8_ItemParameters.xlsx,sheet MAT,https://timssandpirls.bc.edu/timss2011/downloads/T11_ItemParameters.zip,https://timssandpirls.bc.edu/timss2011/international-database.html,
TIMSS 2011,8,Mathematics,M032681A,Car production graph/time cars made,Data and Chance,Data Organization and Representation,Knowing,constructed_response,1,2PL,0.58054,-0.63868,,,,,0.02448,0.04142,,,,,M032681A,Concurrent calibration of the TIMSS 2007 and 2011 eighth-grade mathematics data.,T11_ItemParameters.zip > T11_G8_ItemParameters.xlsx,sheet MAT,https://timssandpirls.bc.edu/timss2011/downloads/T11_ItemParameters.zip,https://timssandpirls.bc.edu/timss2011/international-database.html,
TIMSS 2011,8,Mathematics,M032681B,Car production graph/avg by hour,Data and Chance,Data Interpretation,Applying,constructed_response,1,2PL,0.60066,0.88508,,,,,0.02679,0.0442,,,,,M032681B,Concurrent calibration of the TIMSS 2007 and 2011 eighth-grade mathematics data.,T11_ItemParameters.zip > T11_G8_ItemParameters.xlsx,sheet MAT,https://timssandpirls.bc.edu/timss2011/downloads/T11_ItemParameters.zip,https://timssandpirls.bc.edu/timss2011/international-database.html,
TIMSS 2011,8,Mathematics,M032681C,Car production graph/identify time,Data and Chance,Data Interpretation,Applying,constructed_response,1,2PL,1.13792,0.46049,,,,,0.0387,0.02188,,,,,M032681C,Concurrent calibration of the TIMSS 2007 and 2011 eighth-grade mathematics data.,T11_ItemParameters.zip > T11_G8_ItemParameters.xlsx,sheet MAT,https://timssandpirls.bc.edu/timss2011/downloads/T11_ItemParameters.zip,https://timssandpirls.bc.edu/timss2011/international-database.html,
TIMSS 2011,8,Mathematics,M032695,Make a pie chart with labels,Data and Chance,Data Organization and Representation,Applying,constructed_response,2,GPCM,0.57079,-0.1556,,-0.9919,0.9919,,0.01345,0.02183,,0.05479,0.05301,,M032695,Concurrent calibration of the TIMSS 2007 and 2011 eighth-grade mathematics data.,T11_ItemParameters.zip > T11_G8_ItemParameters.xlsx,sheet MAT,https://timssandpirls.bc.edu/timss2011/downloads/T11_ItemParameters.zip,https://timssandpirls.bc.edu/timss2011/international-database.html,
TIMSS 2011,8,Mathematics,M032721,Sales of two types of soft drinks,Data and Chance,Data Interpretation,Reasoning,multiple_choice,1,3PL,0.9123,1.27159,0.26282,,,,0.09325,0.06103,0.01721,,,,M032721,Concurrent calibration of the TIMSS 2007 and 2011 eighth-grade mathematics data.,T11_ItemParameters.zip > T11_G8_ItemParameters.xlsx,sheet MAT,https://timssandpirls.bc.edu/timss2011/downloads/T11_ItemParameters.zip,https://timssandpirls.bc.edu/timss2011/international-database.html,
TIMSS 2011,8,Mathematics,M042169A,Mean number of staff members,Data and Chance,Data Interpretation,Knowing,constructed_response,1,2PL,1.12139,0.1924,,,,,0.03658,0.02075,,,,,M042169A,Concurrent calibration of the TIMSS 2007 and 2011 eighth-grade mathematics data.,T11_ItemParameters.zip > T11_G8_ItemParameters.xlsx,sheet MAT,https://timssandpirls.bc.edu/timss2011/downloads/T11_ItemParameters.zip,https://timssandpirls.bc.edu/timss2011/international-database.html,
TIMSS 2011,8,Mathematics,M042169B,Median number of staff members,Data and Chance,Data Interpretation,Knowing,constructed_response,1,2PL,0.4027,1.69325,,,,,0.02497,0.10046,,,,,M042169B,Concurrent calibration of the TIMSS 2007 and 2011 eighth-grade mathematics data.,T11_ItemParameters.zip > T11_G8_ItemParameters.xlsx,sheet MAT,https://timssandpirls.bc.edu/timss2011/downloads/T11_ItemParameters.zip,https://timssandpirls.bc.edu/timss2011/international-database.html,
TIMSS 2011,8,Mathematics,M042169C,Change in mean and median,Data and Chance,Data Interpretation,Applying,constructed_response,1,2PL,0.76682,1.8106,,,,,0.03871,0.06706,,,,,M042169C,Concurrent calibration of the TIMSS 2007 and 2011 eighth-grade mathematics data.,T11_ItemParameters.zip > T11_G8_ItemParameters.xlsx,sheet MAT,https://timssandpirls.bc.edu/timss2011/downloads/T11_ItemParameters.zip,https://timssandpirls.bc.edu/timss2011/international-database.html,
TIMSS 2011,8,Mathematics,M042177,Number of regular size bottles,Data and Chance,Chance,Applying,multiple_choice,1,3PL,1.15295,0.16321,0.21356,,,,0.06989,0.04652,0.02106,,,,M042177,Concurrent calibration of the TIMSS 2007 and 2011 eighth-grade mathematics data.,T11_ItemParameters.zip > T11_G8_ItemParameters.xlsx,sheet MAT,https://timssandpirls.bc.edu/timss2011/downloads/T11_ItemParameters.zip,https://timssandpirls.bc.edu/timss2011/international-database.html,
TIMSS 2011,8,Mathematics,M042179,Chance of getting a button,Data and Chance,Chance,Applying,multiple_choice,1,3PL,0.89469,0.20189,0.16514,,,,0.05726,0.05931,0.0246,,,,M042179,Concurrent calibration of the TIMSS 2007 and 2011 eighth-grade mathematics data.,T11_ItemParameters.zip > T11_G8_ItemParameters.xlsx,sheet MAT,https://timssandpirls.bc.edu/timss2011/downloads/T11_ItemParameters.zip,https://timssandpirls.bc.edu/timss2011/international-database.html,
TIMSS 2011,8,Mathematics,M042207,Complete and label this pie chart,Data and Chance,Data Organization and Representation,Applying,constructed_response,2,GPCM,0.43641,-0.10614,,-2.92645,2.92645,,0.01015,0.02579,,0.10661,0.10578,,M042207,Concurrent calibration of the TIMSS 2007 and 2011 eighth-grade mathematics data.,T11_ItemParameters.zip > T11_G8_ItemParameters.xlsx,sheet MAT,https://timssandpirls.bc.edu/timss2011/downloads/T11_ItemParameters.zip,https://timssandpirls.bc.edu/timss2011/international-database.html,
TIMSS 2011,8,Mathematics,M042260,How likely student voted for Pat,Data and Chance,Chance,Knowing,multiple_choice,1,3PL,1.03395,0.03523,0.295,,,,0.07079,0.06418,0.02596,,,,M042260,Concurrent calibration of the TIMSS 2007 and 2011 eighth-grade mathematics data.,T11_ItemParameters.zip > T11_G8_ItemParameters.xlsx,sheet MAT,https://timssandpirls.bc.edu/timss2011/downloads/T11_ItemParameters.zip,https://timssandpirls.bc.edu/timss2011/international-database.html,
TIMSS 2011,8,Mathematics,M042269,Long jump competition,Data and Chance,Data Interpretation,Reasoning,multiple_choice,1,3PL,0.80756,0.23152,0.28631,,,,0.06582,0.08823,0.0309,,,,M042269,Concurrent calibration of the TIMSS 2007 and 2011 eighth-grade mathematics data.,T11_ItemParameters.zip > T11_G8_ItemParameters.xlsx,sheet MAT,https://timssandpirls.bc.edu/timss2011/downloads/T11_ItemParameters.zip,https://timssandpirls.bc.edu/timss2011/international-database.html,
TIMSS 2011,8,Mathematics,M052429,Probability that the marble is red,Data and Chance,Chance,Reasoning,multiple_choice,1,3PL,0.87902,0.50374,0.15201,,,,0.0836,0.07829,0.03092,,,,M052429,Concurrent calibration of the TIMSS 2007 and 2011 eighth-grade mathematics data.,T11_ItemParameters.zip > T11_G8_ItemParameters.xlsx,sheet MAT,https://timssandpirls.bc.edu/timss2011/downloads/T11_ItemParameters.zip,https://timssandpirls.bc.edu/timss2011/international-database.html,
TIMSS 2011,8,Mathematics,M052503A,Age structures of country X and Y,Data and Chance,Data Interpretation,Reasoning,constructed_response,1,2PL,0.56018,1.52626,,,,,0.03843,0.09392,,,,,M052503A,Concurrent calibration of the TIMSS 2007 and 2011 eighth-grade mathematics data.,T11_ItemParameters.zip > T11_G8_ItemParameters.xlsx,sheet MAT,https://timssandpirls.bc.edu/timss2011/downloads/T11_ItemParameters.zip,https://timssandpirls.bc.edu/timss2011/international-database.html,
TIMSS 2011,8,Mathematics,M052503B,Problem of taking care of elderly,Data and Chance,Data Interpretation,Reasoning,constructed_response,1,2PL,0.45729,1.97102,,,,,0.03908,0.14799,,,,,M052503B,Concurrent calibration of the TIMSS 2007 and 2011 eighth-grade mathematics data.,T11_ItemParameters.zip > T11_G8_ItemParameters.xlsx,sheet MAT,https://timssandpirls.bc.edu/timss2011/downloads/T11_ItemParameters.zip,https://timssandpirls.bc.edu/timss2011/international-database.html,
